transaction_id,amount,payment_mode,merchant_category,dispute_reason_code,ip_shipping_match,failed_attempts_last_24h,account_age_days,past_dispute_count,is_vpn_used,is_chargeback_fraud
pay_00000000,803.9,UPI,GAMING,13.1_MERCHANDISE_NOT_RECEIVED,1,0,576,0,0,0
pay_00000001,4615.18,UPI,TRAVEL,13.3_NOT_AS_DESCRIBED,1,0,417,0,0,0
pay_00000002,2075.12,UPI,DIGITAL_SERVICES,10.4_FRAUDULENT_TRANSACTION,1,0,885,0,1,0
pay_00000003,1469.41,CREDIT_CARD,DIGITAL_SERVICES,13.3_NOT_AS_DESCRIBED,0,0,204,0,0,0
pay_00000004,354.44,UPI,RETAIL,10.4_FRAUDULENT_TRANSACTION,1,0,176,0,0,0
pay_00000005,354.39,NETBANKING,ELECTRONICS,10.5_VISA_EASY_PAYMENT,1,0,551,1,0,0
pay_00000006,189.76,UPI,RETAIL,10.4_FRAUDULENT_TRANSACTION,1,0,652,1,0,0
pay_00000007,3116.85,CREDIT_CARD,ELECTRONICS,10.4_FRAUDULENT_TRANSACTION,1,2,972,0,0,0
pay_00000008,1478.62,DEBIT_CARD,RETAIL,10.4_FRAUDULENT_TRANSACTION,0,0,651,0,0,0
pay_00000009,1946.88,DEBIT_CARD,RETAIL,10.4_FRAUDULENT_TRANSACTION,1,0,48,1,0,0
pay_00000010,131.2,NETBANKING,DIGITAL_SERVICES,10.4_FRAUDULENT_TRANSACTION,1,2,648,0,0,0
pay_00000011,5355.34,DEBIT_CARD,ELECTRONICS,13.1_MERCHANDISE_NOT_RECEIVED,1,0,819,0,0,0
pay_00000012,2779.64,NETBANKING,GAMING,10.5_VISA_EASY_PAYMENT,1,1,392,0,0,0
pay_00000013,458.03,UPI,GAMING,10.4_FRAUDULENT_TRANSACTION,1,0,613,0,0,0
pay_00000014,401.02,CREDIT_CARD,RETAIL,10.4_FRAUDULENT_TRANSACTION,1,0,241,2,1,0
pay_00000015,403.92,UPI,RETAIL,13.1_MERCHANDISE_NOT_RECEIVED,1,1,208,0,0,0
pay_00000016,644.13,UPI,DIGITAL_SERVICES,10.4_FRAUDULENT_TRANSACTION,0,1,484,0,0,0
pay_00000017,1215.89,UPI,ELECTRONICS,13.3_NOT_AS_DESCRIBED,1,2,896,0,0,0
pay_00000018,948.31,UPI,RETAIL,10.4_FRAUDULENT_TRANSACTION,1,1,722,0,0,0
pay_00000019,616.33,UPI,GAMING,13.1_MERCHANDISE_NOT_RECEIVED,0,0,620,0,0,0
pay_00000020,1519.56,UPI,ELECTRONICS,10.4_FRAUDULENT_TRANSACTION,1,3,341,0,0,1
pay_00000021,325.35,UPI,RETAIL,10.4_FRAUDULENT_TRANSACTION,1,0,68,0,0,0
pay_00000022,618.27,NETBANKING,ELECTRONICS,13.3_NOT_AS_DESCRIBED,1,0,370,0,0,0
pay_00000023,784.42,UPI,DIGITAL_SERVICES,10.4_FRAUDULENT_TRANSACTION,1,0,71,0,0,0
pay_00000024,1013.4,DEBIT_CARD,GAMING,10.5_VISA_EASY_PAYMENT,1,0,98,1,0,0
pay_00000025,2406.9,UPI,ELECTRONICS,13.1_MERCHANDISE_NOT_RECEIVED,0,0,994,0,1,0
pay_00000026,434.1,NETBANKING,GAMING,13.3_NOT_AS_DESCRIBED,1,0,621,0,0,0
pay_00000027,1183.04,NETBANKING,RETAIL,10.5_VISA_EASY_PAYMENT,1,1,164,0,0,0
pay_00000028,1446.26,CREDIT_CARD,TRAVEL,10.4_FRAUDULENT_TRANSACTION,0,0,869,0,0,0
pay_00000029,171.35,CREDIT_CARD,ELECTRONICS,13.3_NOT_AS_DESCRIBED,1,0,798,0,0,1
pay_00000030,1503.0,UPI,GAMING,10.4_FRAUDULENT_TRANSACTION,1,1,602,0,0,0
pay_00000031,380.44,WALLET,ELECTRONICS,13.1_MERCHANDISE_NOT_RECEIVED,0,0,396,0,0,0
pay_00000032,200.9,NETBANKING,RETAIL,13.1_MERCHANDISE_NOT_RECEIVED,1,0,75,0,0,0
pay_00000033,4560.53,NETBANKING,RETAIL,10.4_FRAUDULENT_TRANSACTION,1,0,29,0,0,0
pay_00000034,5155.95,CREDIT_CARD,GAMING,10.4_FRAUDULENT_TRANSACTION,1,0,515,0,0,1
pay_00000035,2578.5,UPI,DIGITAL_SERVICES,13.1_MERCHANDISE_NOT_RECEIVED,1,1,830,1,0,0
pay_00000036,644.93,NETBANKING,ELECTRONICS,13.3_NOT_AS_DESCRIBED,1,1,523,0,0,0
pay_00000037,254.17,UPI,ELECTRONICS,10.5_VISA_EASY_PAYMENT,1,0,73,0,0,0
pay_00000038,1829.13,CREDIT_CARD,RETAIL,13.1_MERCHANDISE_NOT_RECEIVED,0,0,218,0,1,0
pay_00000039,970.14,UPI,ELECTRONICS,10.4_FRAUDULENT_TRANSACTION,1,1,118,0,0,0
pay_00000040,295.23,NETBANKING,GAMING,13.3_NOT_AS_DESCRIBED,1,0,187,0,0,0
pay_00000041,1125.32,UPI,TRAVEL,13.3_NOT_AS_DESCRIBED,1,0,256,0,1,0
pay_00000042,152.49,UPI,RETAIL,10.4_FRAUDULENT_TRANSACTION,1,0,72,0,0,0
pay_00000043,3700.63,CREDIT_CARD,TRAVEL,10.4_FRAUDULENT_TRANSACTION,1,0,213,0,0,0
pay_00000044,549.19,DEBIT_CARD,ELECTRONICS,13.3_NOT_AS_DESCRIBED,1,2,72,0,0,0
pay_00000045,1729.38,CREDIT_CARD,DIGITAL_SERVICES,13.3_NOT_AS_DESCRIBED,1,1,810,0,0,0
pay_00000046,660.32,UPI,GAMING,10.4_FRAUDULENT_TRANSACTION,0,0,902,0,0,0
pay_00000047,1201.17,UPI,ELECTRONICS,10.5_VISA_EASY_PAYMENT,1,0,823,0,0,0
pay_00000048,1286.84,DEBIT_CARD,GAMING,13.1_MERCHANDISE_NOT_RECEIVED,1,0,978,0,0,0
pay_00000049,406.58,WALLET,ELECTRONICS,10.5_VISA_EASY_PAYMENT,1,0,262,0,0,0
pay_00000050,5339.21,DEBIT_CARD,ELECTRONICS,10.4_FRAUDULENT_TRANSACTION,1,0,277,0,0,1
pay_00000051,2338.37,UPI,ELECTRONICS,13.1_MERCHANDISE_NOT_RECEIVED,0,1,428,0,0,0
pay_00000052,4307.64,NETBANKING,RETAIL,10.4_FRAUDULENT_TRANSACTION,1,0,760,0,0,0
pay_00000053,3478.23,UPI,TRAVEL,13.3_NOT_AS_DESCRIBED,1,1,885,0,0,0
pay_00000054,1466.58,CREDIT_CARD,DIGITAL_SERVICES,10.4_FRAUDULENT_TRANSACTION,1,0,432,0,0,0
pay_00000055,3924.15,UPI,TRAVEL,13.3_NOT_AS_DESCRIBED,1,0,87,0,1,0
pay_00000056,238.98,UPI,TRAVEL,10.4_FRAUDULENT_TRANSACTION,1,0,932,0,0,0
pay_00000057,427.2,DEBIT_CARD,GAMING,13.3_NOT_AS_DESCRIBED,1,0,210,0,0,0
pay_00000058,169.42,CREDIT_CARD,RETAIL,10.4_FRAUDULENT_TRANSACTION,1,0,893,0,0,0
pay_00000059,690.3,UPI,RETAIL,10.4_FRAUDULENT_TRANSACTION,1,0,219,0,0,0
pay_00000060,838.2,UPI,ELECTRONICS,10.4_FRAUDULENT_TRANSACTION,1,0,941,3,0,1
pay_00000061,574.84,UPI,TRAVEL,10.4_FRAUDULENT_TRANSACTION,1,1,643,0,0,0
pay_00000062,2746.84,CREDIT_CARD,DIGITAL_SERVICES,13.3_NOT_AS_DESCRIBED,1,1,955,0,0,0
pay_00000063,761.84,UPI,GAMING,10.4_FRAUDULENT_TRANSACTION,1,0,250,0,0,0
pay_00000064,594.7,UPI,RETAIL,10.4_FRAUDULENT_TRANSACTION,1,1,780,1,0,1
pay_00000065,1273.61,CREDIT_CARD,ELECTRONICS,10.4_FRAUDULENT_TRANSACTION,0,0,84,1,0,0
pay_00000066,327.85,CREDIT_CARD,DIGITAL_SERVICES,13.1_MERCHANDISE_NOT_RECEIVED,1,3,19,2,0,1
pay_00000067,2530.73,DEBIT_CARD,TRAVEL,10.4_FRAUDULENT_TRANSACTION,1,0,535,1,0,1
pay_00000068,216.21,CREDIT_CARD,DIGITAL_SERVICES,10.4_FRAUDULENT_TRANSACTION,1,0,380,0,0,0
pay_00000069,6601.22,NETBANKING,RETAIL,13.1_MERCHANDISE_NOT_RECEIVED,1,0,389,0,0,0
pay_00000070,2319.23,NETBANKING,GAMING,13.1_MERCHANDISE_NOT_RECEIVED,0,0,563,0,0,0
pay_00000071,432.31,DEBIT_CARD,TRAVEL,13.1_MERCHANDISE_NOT_RECEIVED,0,1,915,0,0,1
pay_00000072,108.31,CREDIT_CARD,GAMING,10.4_FRAUDULENT_TRANSACTION,1,2,509,0,0,0
pay_00000073,2634.85,UPI,DIGITAL_SERVICES,10.4_FRAUDULENT_TRANSACTION,0,2,268,0,0,0
pay_00000074,1940.64,WALLET,DIGITAL_SERVICES,13.3_NOT_AS_DESCRIBED,1,0,92,2,0,0
pay_00000075,2058.49,UPI,ELECTRONICS,10.5_VISA_EASY_PAYMENT,1,2,697,1,1,1
pay_00000076,2312.82,UPI,TRAVEL,13.1_MERCHANDISE_NOT_RECEIVED,1,0,421,0,0,0
pay_00000077,215.39,UPI,DIGITAL_SERVICES,10.4_FRAUDULENT_TRANSACTION,0,0,290,0,0,1
pay_00000078,765.84,UPI,RETAIL,13.1_MERCHANDISE_NOT_RECEIVED,1,1,762,1,0,0
pay_00000079,284.73,WALLET,RETAIL,13.3_NOT_AS_DESCRIBED,1,0,80,0,0,0
pay_00000080,3082.79,CREDIT_CARD,GAMING,13.1_MERCHANDISE_NOT_RECEIVED,1,2,319,0,0,0
pay_00000081,1564.45,CREDIT_CARD,RETAIL,13.3_NOT_AS_DESCRIBED,1,1,885,0,0,0
pay_00000082,702.73,CREDIT_CARD,DIGITAL_SERVICES,10.4_FRAUDULENT_TRANSACTION,0,2,644,0,0,0
pay_00000083,198.5,UPI,RETAIL,13.1_MERCHANDISE_NOT_RECEIVED,1,0,438,0,0,0
pay_00000084,658.73,UPI,TRAVEL,13.1_MERCHANDISE_NOT_RECEIVED,1,0,879,1,0,0
pay_00000085,689.97,CREDIT_CARD,GAMING,13.1_MERCHANDISE_NOT_RECEIVED,1,2,234,0,0,0
pay_00000086,2061.81,DEBIT_CARD,TRAVEL,13.1_MERCHANDISE_NOT_RECEIVED,1,1,310,0,0,0
pay_00000087,1622.33,UPI,DIGITAL_SERVICES,13.1_MERCHANDISE_NOT_RECEIVED,1,0,6,0,0,0
pay_00000088,3373.38,DEBIT_CARD,DIGITAL_SERVICES,13.3_NOT_AS_DESCRIBED,1,0,391,0,0,0
pay_00000089,1058.6,UPI,RETAIL,10.5_VISA_EASY_PAYMENT,1,2,802,0,0,0
pay_00000090,291.06,UPI,ELECTRONICS,10.4_FRAUDULENT_TRANSACTION,1,0,68,0,1,0
pay_00000091,1973.69,UPI,ELECTRONICS,13.1_MERCHANDISE_NOT_RECEIVED,1,0,911,0,0,0
pay_00000092,2245.59,UPI,DIGITAL_SERVICES,10.5_VISA_EASY_PAYMENT,1,0,525,1,0,0
pay_00000093,1335.83,DEBIT_CARD,DIGITAL_SERVICES,10.4_FRAUDULENT_TRANSACTION,1,0,713,0,1,0
pay_00000094,2310.83,DEBIT_CARD,GAMING,10.4_FRAUDULENT_TRANSACTION,1,2,805,0,0,0
pay_00000095,1121.22,UPI,DIGITAL_SERVICES,10.4_FRAUDULENT_TRANSACTION,1,0,977,0,0,0
pay_00000096,1209.52,CREDIT_CARD,DIGITAL_SERVICES,10.4_FRAUDULENT_TRANSACTION,1,1,422,0,1,0
pay_00000097,936.72,DEBIT_CARD,GAMING,10.5_VISA_EASY_PAYMENT,1,1,718,0,0,0
pay_00000098,138.62,UPI,TRAVEL,10.4_FRAUDULENT_TRANSACTION,1,0,229,2,0,1
pay_00000099,271.25,UPI,TRAVEL,13.1_MERCHANDISE_NOT_RECEIVED,1,2,927,0,0,0
pay_00000100,147.9,WALLET,GAMING,10.4_FRAUDULENT_TRANSACTION,1,0,962,0,0,0
pay_00000101,1617.59,CREDIT_CARD,GAMING,10.4_FRAUDULENT_TRANSACTION,1,1,366,0,0,0
pay_00000102,666.1,WALLET,TRAVEL,13.3_NOT_AS_DESCRIBED,1,3,467,1,0,0
pay_00000103,1165.66,UPI,TRAVEL,13.1_MERCHANDISE_NOT_RECEIVED,0,2,723,0,0,0
pay_00000104,3671.9,DEBIT_CARD,TRAVEL,10.4_FRAUDULENT_TRANSACTION,1,1,828,1,0,0
pay_00000105,530.11,UPI,TRAVEL,10.5_VISA_EASY_PAYMENT,0,0,269,1,1,1
pay_00000106,892.42,UPI,RETAIL,10.4_FRAUDULENT_TRANSACTION,1,2,917,0,0,0
pay_00000107,2213.12,CREDIT_CARD,GAMING,10.4_FRAUDULENT_TRANSACTION,1,0,95,0,0,1
pay_00000108,489.71,UPI,ELECTRONICS,13.1_MERCHANDISE_NOT_RECEIVED,1,0,172,0,0,0
pay_00000109,220.16,UPI,RETAIL,10.4_FRAUDULENT_TRANSACTION,1,2,796,0,0,1
pay_00000110,613.21,UPI,ELECTRONICS,13.1_MERCHANDISE_NOT_RECEIVED,0,2,953,0,0,0
pay_00000111,363.71,UPI,ELECTRONICS,13.1_MERCHANDISE_NOT_RECEIVED,1,0,641,0,0,0
pay_00000112,4082.43,DEBIT_CARD,DIGITAL_SERVICES,10.4_FRAUDULENT_TRANSACTION,1,0,995,1,0,0
pay_00000113,2576.33,UPI,GAMING,13.1_MERCHANDISE_NOT_RECEIVED,0,2,394,0,0,0
pay_00000114,1605.24,UPI,RETAIL,10.4_FRAUDULENT_TRANSACTION,1,0,520,0,0,0
pay_00000115,3177.28,UPI,GAMING,13.1_MERCHANDISE_NOT_RECEIVED,1,0,973,0,1,0
pay_00000116,2541.95,UPI,TRAVEL,10.4_FRAUDULENT_TRANSACTION,1,2,959,1,0,0
pay_00000117,409.74,CREDIT_CARD,GAMING,10.5_VISA_EASY_PAYMENT,1,2,467,0,0,0
pay_00000118,3446.22,UPI,ELECTRONICS,13.3_NOT_AS_DESCRIBED,1,1,323,0,0,0
pay_00000119,1262.65,DEBIT_CARD,TRAVEL,10.4_FRAUDULENT_TRANSACTION,1,0,888,0,0,0
pay_00000120,2571.02,UPI,GAMING,10.5_VISA_EASY_PAYMENT,1,0,250,0,0,0
pay_00000121,3496.36,UPI,GAMING,13.1_MERCHANDISE_NOT_RECEIVED,1,1,67,0,0,0
pay_00000122,674.1,NETBANKING,ELECTRONICS,13.1_MERCHANDISE_NOT_RECEIVED,1,0,923,0,0,0
pay_00000123,274.89,DEBIT_CARD,TRAVEL,13.3_NOT_AS_DESCRIBED,1,0,786,0,0,0
pay_00000124,488.03,UPI,ELECTRONICS,10.4_FRAUDULENT_TRANSACTION,1,2,35,1,0,0
pay_00000125,935.59,DEBIT_CARD,GAMING,10.4_FRAUDULENT_TRANSACTION,1,0,381,1,0,0
pay_00000126,2655.74,UPI,RETAIL,10.4_FRAUDULENT_TRANSACTION,1,0,812,0,0,0
pay_00000127,3057.02,DEBIT_CARD,RETAIL,10.4_FRAUDULENT_TRANSACTION,1,0,610,0,0,0
pay_00000128,110.46,CREDIT_CARD,DIGITAL_SERVICES,10.4_FRAUDULENT_TRANSACTION,1,0,990,0,0,0
pay_00000129,1172.31,CREDIT_CARD,RETAIL,13.1_MERCHANDISE_NOT_RECEIVED,1,0,904,0,0,0
pay_00000130,910.41,WALLET,TRAVEL,10.4_FRAUDULENT_TRANSACTION,1,0,639,1,0,1
pay_00000131,476.75,UPI,DIGITAL_SERVICES,13.1_MERCHANDISE_NOT_RECEIVED,1,0,85,0,0,0
pay_00000132,291.52,CREDIT_CARD,TRAVEL,10.4_FRAUDULENT_TRANSACTION,1,1,430,1,0,0
pay_00000133,717.86,UPI,RETAIL,10.4_FRAUDULENT_TRANSACTION,1,0,723,0,0,0
pay_00000134,4394.68,UPI,RETAIL,10.4_FRAUDULENT_TRANSACTION,1,0,555,0,0,0
pay_00000135,685.58,UPI,GAMING,13.1_MERCHANDISE_NOT_RECEIVED,1,1,240,0,0,0
pay_00000136,1197.18,UPI,TRAVEL,13.3_NOT_AS_DESCRIBED,1,1,302,1,0,0
pay_00000137,1921.13,CREDIT_CARD,ELECTRONICS,10.4_FRAUDULENT_TRANSACTION,1,1,40,0,0,0
pay_00000138,777.96,CREDIT_CARD,GAMING,13.3_NOT_AS_DESCRIBED,1,0,734,0,0,0
pay_00000139,5451.7,CREDIT_CARD,TRAVEL,13.3_NOT_AS_DESCRIBED,1,1,824,0,0,0
pay_00000140,5023.01,UPI,DIGITAL_SERVICES,10.5_VISA_EASY_PAYMENT,1,0,155,0,0,0
pay_00000141,535.09,UPI,TRAVEL,13.1_MERCHANDISE_NOT_RECEIVED,1,0,148,0,0,0
pay_00000142,1131.49,NETBANKING,DIGITAL_SERVICES,10.4_FRAUDULENT_TRANSACTION,1,1,718,0,0,0
pay_00000143,636.9,UPI,DIGITAL_SERVICES,10.4_FRAUDULENT_TRANSACTION,1,0,825,0,0,0
pay_00000144,602.87,CREDIT_CARD,RETAIL,10.4_FRAUDULENT_TRANSACTION,1,1,12,0,0,0
pay_00000145,156.38,DEBIT_CARD,ELECTRONICS,13.1_MERCHANDISE_NOT_RECEIVED,1,1,753,0,0,1
pay_00000146,1510.74,DEBIT_CARD,TRAVEL,10.4_FRAUDULENT_TRANSACTION,1,0,535,0,0,0
pay_00000147,1147.78,CREDIT_CARD,ELECTRONICS,13.1_MERCHANDISE_NOT_RECEIVED,1,0,12,0,0,0
pay_00000148,179.28,NETBANKING,DIGITAL_SERVICES,10.4_FRAUDULENT_TRANSACTION,1,1,117,0,0,0
pay_00000149,589.94,UPI,RETAIL,10.4_FRAUDULENT_TRANSACTION,1,0,108,0,0,0
pay_00000150,3683.29,NETBANKING,ELECTRONICS,10.5_VISA_EASY_PAYMENT,1,0,684,0,0,0
pay_00000151,510.79,UPI,GAMING,10.5_VISA_EASY_PAYMENT,1,0,39,0,1,0
pay_00000152,334.8,UPI,DIGITAL_SERVICES,13.1_MERCHANDISE_NOT_RECEIVED,1,0,554,0,0,0
pay_00000153,1108.41,UPI,GAMING,10.4_FRAUDULENT_TRANSACTION,1,1,734,0,0,0
pay_00000154,6466.06,DEBIT_CARD,ELECTRONICS,10.5_VISA_EASY_PAYMENT,1,1,48,0,0,0
pay_00000155,515.72,UPI,ELECTRONICS,10.4_FRAUDULENT_TRANSACTION,0,0,347,0,0,1
pay_00000156,1772.73,UPI,ELECTRONICS,13.1_MERCHANDISE_NOT_RECEIVED,1,0,856,2,0,1
pay_00000157,2250.83,UPI,TRAVEL,10.4_FRAUDULENT_TRANSACTION,1,0,835,1,1,1
pay_00000158,507.0,NETBANKING,DIGITAL_SERVICES,13.1_MERCHANDISE_NOT_RECEIVED,1,0,478,0,0,0
pay_00000159,2054.12,DEBIT_CARD,DIGITAL_SERVICES,13.3_NOT_AS_DESCRIBED,1,1,547,0,0,0
pay_00000160,787.78,CREDIT_CARD,DIGITAL_SERVICES,13.3_NOT_AS_DESCRIBED,1,1,768,1,0,0
pay_00000161,1600.76,CREDIT_CARD,TRAVEL,13.1_MERCHANDISE_NOT_RECEIVED,0,0,865,0,0,1
pay_00000162,1605.76,UPI,ELECTRONICS,10.5_VISA_EASY_PAYMENT,1,2,805,0,1,1
pay_00000163,1251.08,UPI,ELECTRONICS,13.1_MERCHANDISE_NOT_RECEIVED,1,0,936,0,0,0
pay_00000164,241.94,NETBANKING,GAMING,13.1_MERCHANDISE_NOT_RECEIVED,0,1,784,0,0,0
pay_00000165,2805.47,UPI,TRAVEL,10.4_FRAUDULENT_TRANSACTION,0,1,944,0,0,0
pay_00000166,680.22,UPI,RETAIL,10.4_FRAUDULENT_TRANSACTION,0,1,18,0,0,1
pay_00000167,409.65,UPI,TRAVEL,13.3_NOT_AS_DESCRIBED,1,1,914,0,0,0
pay_00000168,162.44,UPI,GAMING,13.3_NOT_AS_DESCRIBED,1,0,910,0,0,0
pay_00000169,1440.67,UPI,GAMING,10.4_FRAUDULENT_TRANSACTION,0,0,736,1,0,0
pay_00000170,1797.78,CREDIT_CARD,GAMING,10.4_FRAUDULENT_TRANSACTION,0,0,127,2,0,1
pay_00000171,125.09,UPI,ELECTRONICS,10.4_FRAUDULENT_TRANSACTION,1,0,332,0,0,0
pay_00000172,1176.45,CREDIT_CARD,RETAIL,13.3_NOT_AS_DESCRIBED,1,0,810,2,0,0
pay_00000173,485.24,UPI,GAMING,10.4_FRAUDULENT_TRANSACTION,1,0,2,0,0,0
pay_00000174,1654.19,UPI,DIGITAL_SERVICES,10.4_FRAUDULENT_TRANSACTION,1,0,53,0,1,0
pay_00000175,387.41,UPI,ELECTRONICS,10.4_FRAUDULENT_TRANSACTION,1,1,730,0,0,0
pay_00000176,1861.32,DEBIT_CARD,RETAIL,10.4_FRAUDULENT_TRANSACTION,1,2,983,0,0,0
pay_00000177,833.44,UPI,DIGITAL_SERVICES,13.1_MERCHANDISE_NOT_RECEIVED,1,2,60,0,0,0
pay_00000178,4240.52,CREDIT_CARD,RETAIL,10.5_VISA_EASY_PAYMENT,1,2,547,0,0,0
pay_00000179,321.92,DEBIT_CARD,RETAIL,10.4_FRAUDULENT_TRANSACTION,1,0,960,0,0,0
pay_00000180,725.7,CREDIT_CARD,DIGITAL_SERVICES,10.4_FRAUDULENT_TRANSACTION,1,0,673,0,0,0
pay_00000181,280.67,UPI,TRAVEL,13.3_NOT_AS_DESCRIBED,0,1,297,1,0,0
pay_00000182,3979.29,UPI,RETAIL,13.3_NOT_AS_DESCRIBED,1,1,703,0,0,0
pay_00000183,3247.5,UPI,TRAVEL,10.4_FRAUDULENT_TRANSACTION,1,0,857,0,0,0
pay_00000184,547.49,CREDIT_CARD,RETAIL,10.4_FRAUDULENT_TRANSACTION,1,0,772,0,0,0
pay_00000185,1718.14,UPI,DIGITAL_SERVICES,10.5_VISA_EASY_PAYMENT,1,0,277,0,0,0
pay_00000186,2649.23,DEBIT_CARD,RETAIL,13.1_MERCHANDISE_NOT_RECEIVED,0,0,624,0,0,0
pay_00000187,1315.2,NETBANKING,GAMING,10.5_VISA_EASY_PAYMENT,1,2,644,0,0,0
pay_00000188,1231.42,UPI,GAMING,10.4_FRAUDULENT_TRANSACTION,1,1,607,0,0,0
pay_00000189,515.32,UPI,RETAIL,13.1_MERCHANDISE_NOT_RECEIVED,1,0,824,0,0,0
pay_00000190,246.59,CREDIT_CARD,DIGITAL_SERVICES,13.1_MERCHANDISE_NOT_RECEIVED,1,0,753,0,0,0
pay_00000191,3512.68,UPI,DIGITAL_SERVICES,13.3_NOT_AS_DESCRIBED,0,0,463,0,0,1
pay_00000192,3560.16,UPI,ELECTRONICS,10.5_VISA_EASY_PAYMENT,1,0,260,0,0,0
pay_00000193,1604.0,NETBANKING,DIGITAL_SERVICES,10.4_FRAUDULENT_TRANSACTION,1,0,132,0,0,0
pay_00000194,721.07,UPI,TRAVEL,13.1_MERCHANDISE_NOT_RECEIVED,1,0,236,1,0,0
pay_00000195,744.35,NETBANKING,RETAIL,10.4_FRAUDULENT_TRANSACTION,0,0,771,0,0,0
pay_00000196,2041.7,DEBIT_CARD,GAMING,13.3_NOT_AS_DESCRIBED,1,0,756,1,0,0
pay_00000197,3511.15,DEBIT_CARD,DIGITAL_SERVICES,13.3_NOT_AS_DESCRIBED,1,0,55,0,0,0
pay_00000198,3371.7,UPI,GAMING,13.3_NOT_AS_DESCRIBED,1,0,709,0,0,0
pay_00000199,2370.34,UPI,ELECTRONICS,10.4_FRAUDULENT_TRANSACTION,0,0,83,0,0,1
pay_00000200,1640.97,CREDIT_CARD,RETAIL,10.4_FRAUDULENT_TRANSACTION,1,0,510,0,0,0
pay_00000201,231.84,UPI,DIGITAL_SERVICES,10.4_FRAUDULENT_TRANSACTION,1,1,870,1,1,0
pay_00000202,364.44,UPI,GAMING,10.4_FRAUDULENT_TRANSACTION,1,0,288,1,0,0
pay_00000203,3532.35,UPI,DIGITAL_SERVICES,10.4_FRAUDULENT_TRANSACTION,1,1,380,0,1,0
pay_00000204,1498.74,UPI,ELECTRONICS,10.5_VISA_EASY_PAYMENT,1,0,314,0,0,0
pay_00000205,113.86,UPI,GAMING,10.4_FRAUDULENT_TRANSACTION,1,1,457,3,0,1
pay_00000206,260.5,DEBIT_CARD,GAMING,13.1_MERCHANDISE_NOT_RECEIVED,1,0,963,0,0,0
pay_00000207,1733.74,UPI,RETAIL,13.3_NOT_AS_DESCRIBED,1,0,930,0,1,1
pay_00000208,107.61,UPI,RETAIL,13.3_NOT_AS_DESCRIBED,1,0,191,1,0,0
pay_00000209,362.97,CREDIT_CARD,GAMING,13.1_MERCHANDISE_NOT_RECEIVED,1,0,217,1,0,1
pay_00000210,1293.55,WALLET,RETAIL,10.4_FRAUDULENT_TRANSACTION,1,0,245,0,0,0
pay_00000211,1865.97,UPI,GAMING,10.4_FRAUDULENT_TRANSACTION,1,1,778,0,1,0
pay_00000212,1683.16,UPI,TRAVEL,10.4_FRAUDULENT_TRANSACTION,1,0,32,0,0,0
pay_00000213,480.92,CREDIT_CARD,DIGITAL_SERVICES,13.3_NOT_AS_DESCRIBED,1,0,261,1,0,0
pay_00000214,1968.13,NETBANKING,TRAVEL,13.1_MERCHANDISE_NOT_RECEIVED,1,0,157,0,0,0
pay_00000215,506.24,DEBIT_CARD,TRAVEL,13.1_MERCHANDISE_NOT_RECEIVED,1,0,135,0,0,0
pay_00000216,690.45,CREDIT_CARD,DIGITAL_SERVICES,13.3_NOT_AS_DESCRIBED,1,0,911,1,0,0
pay_00000217,2158.54,UPI,GAMING,13.3_NOT_AS_DESCRIBED,0,1,770,0,0,0
pay_00000218,1673.16,CREDIT_CARD,GAMING,10.5_VISA_EASY_PAYMENT,1,0,266,0,0,0
pay_00000219,2937.93,UPI,RETAIL,13.3_NOT_AS_DESCRIBED,1,0,395,0,1,0
pay_00000220,1707.72,CREDIT_CARD,ELECTRONICS,10.4_FRAUDULENT_TRANSACTION,1,1,53,0,0,1
pay_00000221,1360.07,DEBIT_CARD,GAMING,10.4_FRAUDULENT_TRANSACTION,1,1,312,0,1,0
pay_00000222,247.54,WALLET,DIGITAL_SERVICES,10.4_FRAUDULENT_TRANSACTION,1,1,40,0,0,0
pay_00000223,787.62,UPI,ELECTRONICS,13.1_MERCHANDISE_NOT_RECEIVED,1,0,186,1,0,0
pay_00000224,562.24,UPI,DIGITAL_SERVICES,13.1_MERCHANDISE_NOT_RECEIVED,1,1,247,0,0,0
pay_00000225,519.55,CREDIT_CARD,DIGITAL_SERVICES,10.4_FRAUDULENT_TRANSACTION,1,0,981,0,0,0
pay_00000226,5518.46,DEBIT_CARD,DIGITAL_SERVICES,13.3_NOT_AS_DESCRIBED,1,0,588,0,0,0
pay_00000227,849.08,DEBIT_CARD,ELECTRONICS,10.4_FRAUDULENT_TRANSACTION,1,0,964,0,0,0
pay_00000228,3439.08,UPI,TRAVEL,10.5_VISA_EASY_PAYMENT,1,0,604,0,0,0
pay_00000229,1596.0,UPI,DIGITAL_SERVICES,10.4_FRAUDULENT_TRANSACTION,1,0,733,0,0,0
pay_00000230,2475.74,CREDIT_CARD,RETAIL,10.4_FRAUDULENT_TRANSACTION,1,1,717,0,0,0
pay_00000231,1147.65,UPI,GAMING,10.4_FRAUDULENT_TRANSACTION,1,1,626,0,0,0
pay_00000232,1390.23,NETBANKING,GAMING,10.4_FRAUDULENT_TRANSACTION,1,1,594,0,0,0
pay_00000233,1117.44,UPI,GAMING,10.4_FRAUDULENT_TRANSACTION,1,0,411,1,0,0
pay_00000234,425.82,DEBIT_CARD,ELECTRONICS,13.1_MERCHANDISE_NOT_RECEIVED,1,0,387,0,0,0
pay_00000235,2022.64,CREDIT_CARD,RETAIL,10.4_FRAUDULENT_TRANSACTION,1,1,227,0,0,0
pay_00000236,594.37,DEBIT_CARD,RETAIL,13.3_NOT_AS_DESCRIBED,0,0,423,0,0,1
pay_00000237,136.92,UPI,RETAIL,10.4_FRAUDULENT_TRANSACTION,1,0,534,0,1,0
pay_00000238,1655.45,DEBIT_CARD,RETAIL,10.4_FRAUDULENT_TRANSACTION,1,0,209,0,0,0
pay_00000239,392.4,UPI,RETAIL,13.3_NOT_AS_DESCRIBED,1,0,476,0,0,0
pay_00000240,4331.62,CREDIT_CARD,TRAVEL,10.4_FRAUDULENT_TRANSACTION,1,0,445,0,0,0
pay_00000241,4716.34,UPI,RETAIL,13.1_MERCHANDISE_NOT_RECEIVED,1,0,422,0,0,0
pay_00000242,3795.26,UPI,RETAIL,10.4_FRAUDULENT_TRANSACTION,1,1,784,1,0,0
pay_00000243,793.43,UPI,ELECTRONICS,10.4_FRAUDULENT_TRANSACTION,1,0,892,0,0,0
pay_00000244,123.37,UPI,ELECTRONICS,10.4_FRAUDULENT_TRANSACTION,1,1,325,0,1,0
pay_00000245,4053.29,WALLET,RETAIL,13.1_MERCHANDISE_NOT_RECEIVED,1,1,640,0,0,0
pay_00000246,938.41,UPI,TRAVEL,10.4_FRAUDULENT_TRANSACTION,1,0,342,0,0,0
pay_00000247,5201.26,DEBIT_CARD,RETAIL,13.1_MERCHANDISE_NOT_RECEIVED,1,0,760,0,0,0
pay_00000248,5070.6,WALLET,RETAIL,13.3_NOT_AS_DESCRIBED,1,0,273,0,0,0
pay_00000249,2976.08,UPI,RETAIL,10.4_FRAUDULENT_TRANSACTION,1,0,701,0,0,0
pay_00000250,623.16,CREDIT_CARD,DIGITAL_SERVICES,10.5_VISA_EASY_PAYMENT,1,2,331,0,0,0
pay_00000251,829.44,UPI,TRAVEL,10.4_FRAUDULENT_TRANSACTION,1,1,470,2,0,0
pay_00000252,2957.09,UPI,GAMING,13.3_NOT_AS_DESCRIBED,1,0,428,0,0,0
pay_00000253,671.72,UPI,RETAIL,13.3_NOT_AS_DESCRIBED,1,1,300,0,0,0
pay_00000254,378.58,NETBANKING,GAMING,10.4_FRAUDULENT_TRANSACTION,1,1,740,0,0,0
pay_00000255,1320.61,UPI,TRAVEL,10.5_VISA_EASY_PAYMENT,0,1,809,0,0,0
pay_00000256,4226.94,CREDIT_CARD,RETAIL,10.4_FRAUDULENT_TRANSACTION,1,0,494,0,0,1
pay_00000257,1886.24,CREDIT_CARD,GAMING,10.4_FRAUDULENT_TRANSACTION,1,2,748,0,0,0
pay_00000258,1366.17,NETBANKING,GAMING,13.1_MERCHANDISE_NOT_RECEIVED,1,1,234,0,0,0
pay_00000259,253.34,UPI,TRAVEL,10.5_VISA_EASY_PAYMENT,1,1,872,0,1,0
pay_00000260,1531.8,CREDIT_CARD,RETAIL,13.3_NOT_AS_DESCRIBED,1,0,183,0,0,0
pay_00000261,7015.85,CREDIT_CARD,DIGITAL_SERVICES,10.4_FRAUDULENT_TRANSACTION,1,1,771,1,0,0
pay_00000262,326.38,CREDIT_CARD,TRAVEL,13.1_MERCHANDISE_NOT_RECEIVED,1,2,91,0,0,1
pay_00000263,1195.74,NETBANKING,DIGITAL_SERVICES,10.4_FRAUDULENT_TRANSACTION,0,2,109,2,0,0
pay_00000264,3247.91,DEBIT_CARD,RETAIL,10.4_FRAUDULENT_TRANSACTION,1,1,752,0,0,0
pay_00000265,2125.05,UPI,GAMING,13.1_MERCHANDISE_NOT_RECEIVED,1,0,505,0,0,0
pay_00000266,1891.11,UPI,TRAVEL,10.4_FRAUDULENT_TRANSACTION,1,2,13,0,0,0
pay_00000267,1918.43,UPI,TRAVEL,10.4_FRAUDULENT_TRANSACTION,1,1,461,0,0,0
pay_00000268,768.24,UPI,TRAVEL,10.5_VISA_EASY_PAYMENT,1,0,179,0,0,0
pay_00000269,621.34,UPI,ELECTRONICS,13.1_MERCHANDISE_NOT_RECEIVED,0,0,182,1,0,1
pay_00000270,2586.06,UPI,RETAIL,13.3_NOT_AS_DESCRIBED,1,0,478,0,0,0
pay_00000271,2591.99,UPI,ELECTRONICS,10.4_FRAUDULENT_TRANSACTION,1,2,658,0,1,0
pay_00000272,3126.93,WALLET,TRAVEL,10.5_VISA_EASY_PAYMENT,1,0,808,0,0,0
pay_00000273,3766.92,UPI,TRAVEL,10.4_FRAUDULENT_TRANSACTION,1,0,97,0,0,0
pay_00000274,1174.14,NETBANKING,DIGITAL_SERVICES,13.1_MERCHANDISE_NOT_RECEIVED,1,0,209,0,0,0
pay_00000275,1144.28,UPI,ELECTRONICS,13.3_NOT_AS_DESCRIBED,1,1,888,0,0,0
pay_00000276,2501.42,CREDIT_CARD,GAMING,13.3_NOT_AS_DESCRIBED,1,0,906,0,0,1
pay_00000277,1674.58,DEBIT_CARD,RETAIL,10.4_FRAUDULENT_TRANSACTION,1,1,425,1,1,0
pay_00000278,1915.83,UPI,GAMING,10.4_FRAUDULENT_TRANSACTION,1,1,44,0,0,0
pay_00000279,2482.93,UPI,GAMING,13.1_MERCHANDISE_NOT_RECEIVED,1,0,472,1,0,1
pay_00000280,3410.99,UPI,RETAIL,10.4_FRAUDULENT_TRANSACTION,1,0,746,0,0,0
pay_00000281,718.72,UPI,TRAVEL,13.1_MERCHANDISE_NOT_RECEIVED,1,2,605,0,0,0
pay_00000282,806.41,NETBANKING,DIGITAL_SERVICES,10.4_FRAUDULENT_TRANSACTION,1,1,136,1,0,0
pay_00000283,248.04,DEBIT_CARD,TRAVEL,10.4_FRAUDULENT_TRANSACTION,1,0,676,0,0,0
pay_00000284,1395.12,UPI,TRAVEL,10.4_FRAUDULENT_TRANSACTION,1,0,952,0,0,0
pay_00000285,154.91,UPI,ELECTRONICS,10.4_FRAUDULENT_TRANSACTION,0,0,910,0,0,1
pay_00000286,1039.91,UPI,GAMING,13.3_NOT_AS_DESCRIBED,1,1,541,1,0,0
pay_00000287,1273.44,UPI,GAMING,10.4_FRAUDULENT_TRANSACTION,1,2,903,0,0,0
pay_00000288,606.45,CREDIT_CARD,GAMING,13.1_MERCHANDISE_NOT_RECEIVED,1,0,729,0,0,0
pay_00000289,1440.45,UPI,DIGITAL_SERVICES,10.4_FRAUDULENT_TRANSACTION,1,1,938,1,0,0
pay_00000290,146.46,CREDIT_CARD,DIGITAL_SERVICES,10.4_FRAUDULENT_TRANSACTION,1,1,542,0,0,0
pay_00000291,157.1,UPI,DIGITAL_SERVICES,10.4_FRAUDULENT_TRANSACTION,0,0,248,0,0,0
pay_00000292,2694.03,UPI,RETAIL,10.4_FRAUDULENT_TRANSACTION,1,0,220,0,0,0
pay_00000293,769.88,CREDIT_CARD,DIGITAL_SERVICES,13.3_NOT_AS_DESCRIBED,0,0,970,0,1,0
pay_00000294,303.83,UPI,ELECTRONICS,10.5_VISA_EASY_PAYMENT,0,0,559,0,0,1
pay_00000295,1207.98,WALLET,ELECTRONICS,13.3_NOT_AS_DESCRIBED,0,1,674,0,0,1
pay_00000296,2304.47,NETBANKING,TRAVEL,13.1_MERCHANDISE_NOT_RECEIVED,1,0,888,2,1,0
pay_00000297,464.68,UPI,TRAVEL,13.1_MERCHANDISE_NOT_RECEIVED,1,0,446,0,0,0
pay_00000298,1562.83,UPI,TRAVEL,10.5_VISA_EASY_PAYMENT,1,1,144,0,0,0
pay_00000299,233.82,DEBIT_CARD,TRAVEL,13.1_MERCHANDISE_NOT_RECEIVED,1,1,760,0,0,0
pay_00000300,179.6,NETBANKING,ELECTRONICS,13.1_MERCHANDISE_NOT_RECEIVED,1,1,74,1,0,0
pay_00000301,1236.86,DEBIT_CARD,TRAVEL,13.1_MERCHANDISE_NOT_RECEIVED,1,1,29,0,0,0
pay_00000302,1266.87,UPI,ELECTRONICS,13.1_MERCHANDISE_NOT_RECEIVED,0,1,762,0,1,0
pay_00000303,1621.81,WALLET,DIGITAL_SERVICES,13.1_MERCHANDISE_NOT_RECEIVED,1,0,121,0,0,0
pay_00000304,2042.44,UPI,DIGITAL_SERVICES,13.1_MERCHANDISE_NOT_RECEIVED,1,2,15,0,0,0
pay_00000305,5685.34,DEBIT_CARD,RETAIL,13.1_MERCHANDISE_NOT_RECEIVED,1,1,220,0,0,0
pay_00000306,1189.44,NETBANKING,TRAVEL,13.3_NOT_AS_DESCRIBED,1,0,307,0,0,0
pay_00000307,685.03,UPI,DIGITAL_SERVICES,10.4_FRAUDULENT_TRANSACTION,1,0,824,0,0,0
pay_00000308,2478.48,NETBANKING,DIGITAL_SERVICES,13.1_MERCHANDISE_NOT_RECEIVED,1,0,472,0,0,0
pay_00000309,573.78,UPI,GAMING,10.4_FRAUDULENT_TRANSACTION,1,0,682,0,0,0
pay_00000310,966.98,WALLET,GAMING,13.3_NOT_AS_DESCRIBED,0,0,916,0,0,1
pay_00000311,222.56,UPI,ELECTRONICS,10.4_FRAUDULENT_TRANSACTION,1,1,687,0,0,0
pay_00000312,138.52,WALLET,RETAIL,10.4_FRAUDULENT_TRANSACTION,1,1,832,0,1,0
pay_00000313,5031.07,UPI,GAMING,13.3_NOT_AS_DESCRIBED,1,1,629,0,0,0
pay_00000314,2811.65,DEBIT_CARD,RETAIL,13.1_MERCHANDISE_NOT_RECEIVED,0,1,349,0,0,0
pay_00000315,1885.96,CREDIT_CARD,DIGITAL_SERVICES,10.4_FRAUDULENT_TRANSACTION,0,0,2,0,1,0
pay_00000316,888.79,UPI,ELECTRONICS,10.4_FRAUDULENT_TRANSACTION,1,0,878,0,0,0
pay_00000317,385.46,UPI,RETAIL,10.5_VISA_EASY_PAYMENT,0,1,32,0,0,0
pay_00000318,355.18,DEBIT_CARD,GAMING,10.4_FRAUDULENT_TRANSACTION,1,0,879,0,0,0
pay_00000319,532.01,UPI,DIGITAL_SERVICES,10.4_FRAUDULENT_TRANSACTION,0,1,310,1,0,1
pay_00000320,1295.19,CREDIT_CARD,TRAVEL,13.1_MERCHANDISE_NOT_RECEIVED,1,0,810,0,0,0
pay_00000321,1980.77,UPI,DIGITAL_SERVICES,13.1_MERCHANDISE_NOT_RECEIVED,1,0,670,0,1,0
pay_00000322,1719.09,WALLET,GAMING,13.1_MERCHANDISE_NOT_RECEIVED,0,1,265,0,0,0
pay_00000323,592.62,UPI,GAMING,13.1_MERCHANDISE_NOT_RECEIVED,1,0,275,0,0,0
pay_00000324,4747.16,UPI,TRAVEL,13.3_NOT_AS_DESCRIBED,0,0,646,0,0,0
pay_00000325,2108.53,UPI,DIGITAL_SERVICES,10.5_VISA_EASY_PAYMENT,1,0,968,0,0,0
pay_00000326,1312.35,UPI,RETAIL,13.3_NOT_AS_DESCRIBED,1,0,354,0,0,0
pay_00000327,1519.05,UPI,RETAIL,10.4_FRAUDULENT_TRANSACTION,1,0,442,1,0,1
pay_00000328,916.06,UPI,DIGITAL_SERVICES,10.4_FRAUDULENT_TRANSACTION,1,0,769,0,0,0
pay_00000329,526.99,NETBANKING,RETAIL,13.1_MERCHANDISE_NOT_RECEIVED,0,1,397,0,0,0
pay_00000330,760.02,DEBIT_CARD,DIGITAL_SERVICES,13.1_MERCHANDISE_NOT_RECEIVED,1,0,774,0,0,0
pay_00000331,2227.27,CREDIT_CARD,DIGITAL_SERVICES,10.4_FRAUDULENT_TRANSACTION,1,0,611,0,0,0
pay_00000332,121.75,UPI,GAMING,13.1_MERCHANDISE_NOT_RECEIVED,1,0,157,0,0,0
pay_00000333,285.07,CREDIT_CARD,ELECTRONICS,13.3_NOT_AS_DESCRIBED,1,0,194,0,0,0
pay_00000334,170.64,UPI,GAMING,10.4_FRAUDULENT_TRANSACTION,1,0,507,0,0,0
pay_00000335,162.37,DEBIT_CARD,RETAIL,13.1_MERCHANDISE_NOT_RECEIVED,1,0,74,0,0,0
pay_00000336,3001.3,UPI,ELECTRONICS,13.1_MERCHANDISE_NOT_RECEIVED,1,0,287,0,0,0
pay_00000337,1924.36,UPI,DIGITAL_SERVICES,10.4_FRAUDULENT_TRANSACTION,1,1,584,0,0,0
pay_00000338,1064.18,UPI,RETAIL,13.1_MERCHANDISE_NOT_RECEIVED,0,0,425,0,0,1
pay_00000339,254.44,NETBANKING,TRAVEL,10.4_FRAUDULENT_TRANSACTION,1,0,384,2,0,1
pay_00000340,1114.78,UPI,RETAIL,13.1_MERCHANDISE_NOT_RECEIVED,1,1,807,0,0,0
pay_00000341,1062.18,CREDIT_CARD,ELECTRONICS,13.3_NOT_AS_DESCRIBED,0,0,825,0,0,0
pay_00000342,385.29,UPI,ELECTRONICS,13.3_NOT_AS_DESCRIBED,1,1,637,0,1,0
pay_00000343,953.35,DEBIT_CARD,DIGITAL_SERVICES,10.4_FRAUDULENT_TRANSACTION,1,2,668,0,0,0
pay_00000344,862.5,NETBANKING,TRAVEL,10.4_FRAUDULENT_TRANSACTION,1,1,543,0,0,0
pay_00000345,1535.08,UPI,DIGITAL_SERVICES,13.3_NOT_AS_DESCRIBED,1,0,13,0,0,0
pay_00000346,1612.17,UPI,TRAVEL,10.4_FRAUDULENT_TRANSACTION,1,0,71,0,0,0
pay_00000347,169.54,NETBANKING,TRAVEL,10.4_FRAUDULENT_TRANSACTION,1,0,51,0,0,0
pay_00000348,804.08,CREDIT_CARD,DIGITAL_SERVICES,10.4_FRAUDULENT_TRANSACTION,1,0,577,0,0,0
pay_00000349,1574.69,UPI,RETAIL,13.1_MERCHANDISE_NOT_RECEIVED,1,0,557,0,0,0
pay_00000350,1149.16,CREDIT_CARD,GAMING,13.3_NOT_AS_DESCRIBED,1,0,625,0,1,1
pay_00000351,3012.02,CREDIT_CARD,TRAVEL,10.5_VISA_EASY_PAYMENT,1,0,565,0,0,0
pay_00000352,1712.46,UPI,ELECTRONICS,10.4_FRAUDULENT_TRANSACTION,1,2,441,0,0,0
pay_00000353,366.78,DEBIT_CARD,DIGITAL_SERVICES,10.4_FRAUDULENT_TRANSACTION,1,0,282,0,0,1
pay_00000354,209.77,UPI,RETAIL,13.1_MERCHANDISE_NOT_RECEIVED,1,1,622,1,0,0
pay_00000355,1642.59,UPI,TRAVEL,13.3_NOT_AS_DESCRIBED,1,0,144,0,0,0
pay_00000356,140.3,DEBIT_CARD,RETAIL,10.4_FRAUDULENT_TRANSACTION,1,0,780,0,0,0
pay_00000357,1422.02,UPI,DIGITAL_SERVICES,10.4_FRAUDULENT_TRANSACTION,1,0,758,0,0,0
pay_00000358,4325.88,UPI,ELECTRONICS,10.4_FRAUDULENT_TRANSACTION,1,0,272,0,1,1
pay_00000359,1385.17,CREDIT_CARD,TRAVEL,13.3_NOT_AS_DESCRIBED,1,1,482,0,0,0
pay_00000360,836.95,NETBANKING,TRAVEL,10.4_FRAUDULENT_TRANSACTION,1,1,438,0,0,0
pay_00000361,1646.24,NETBANKING,RETAIL,10.5_VISA_EASY_PAYMENT,1,1,347,0,0,0
pay_00000362,1019.43,WALLET,DIGITAL_SERVICES,13.1_MERCHANDISE_NOT_RECEIVED,1,0,52,0,0,0
pay_00000363,1283.22,NETBANKING,GAMING,10.4_FRAUDULENT_TRANSACTION,1,0,729,0,0,0
pay_00000364,4357.19,UPI,TRAVEL,10.4_FRAUDULENT_TRANSACTION,1,2,595,0,0,0
pay_00000365,831.89,UPI,ELECTRONICS,10.4_FRAUDULENT_TRANSACTION,0,0,455,3,0,0
pay_00000366,4973.64,DEBIT_CARD,TRAVEL,13.1_MERCHANDISE_NOT_RECEIVED,1,2,506,1,0,1
pay_00000367,3636.36,UPI,TRAVEL,13.3_NOT_AS_DESCRIBED,1,0,588,0,0,0
pay_00000368,426.84,CREDIT_CARD,GAMING,10.4_FRAUDULENT_TRANSACTION,1,0,366,0,0,0
pay_00000369,207.83,CREDIT_CARD,GAMING,13.1_MERCHANDISE_NOT_RECEIVED,1,0,664,0,0,0
pay_00000370,259.34,UPI,DIGITAL_SERVICES,13.3_NOT_AS_DESCRIBED,1,0,114,0,0,0
pay_00000371,127.58,NETBANKING,TRAVEL,10.4_FRAUDULENT_TRANSACTION,1,0,570,0,0,0
pay_00000372,248.81,CREDIT_CARD,TRAVEL,10.4_FRAUDULENT_TRANSACTION,1,0,679,0,0,0
pay_00000373,1823.31,UPI,RETAIL,10.4_FRAUDULENT_TRANSACTION,1,0,453,0,0,0
pay_00000374,210.77,WALLET,RETAIL,10.4_FRAUDULENT_TRANSACTION,1,2,769,0,0,0
pay_00000375,676.24,UPI,ELECTRONICS,10.4_FRAUDULENT_TRANSACTION,1,0,455,0,0,0
pay_00000376,2895.29,UPI,ELECTRONICS,10.4_FRAUDULENT_TRANSACTION,1,0,496,1,0,0
pay_00000377,135.32,CREDIT_CARD,RETAIL,10.4_FRAUDULENT_TRANSACTION,1,1,346,0,0,0
pay_00000378,2626.8,DEBIT_CARD,ELECTRONICS,10.5_VISA_EASY_PAYMENT,1,0,600,1,0,0
pay_00000379,596.63,DEBIT_CARD,TRAVEL,10.4_FRAUDULENT_TRANSACTION,1,0,189,0,1,0
pay_00000380,288.63,DEBIT_CARD,GAMING,10.4_FRAUDULENT_TRANSACTION,1,0,560,0,0,0
pay_00000381,1889.73,DEBIT_CARD,TRAVEL,13.3_NOT_AS_DESCRIBED,1,0,574,0,0,0
pay_00000382,1587.1,UPI,RETAIL,10.4_FRAUDULENT_TRANSACTION,0,0,721,0,0,1
pay_00000383,3249.12,NETBANKING,DIGITAL_SERVICES,10.4_FRAUDULENT_TRANSACTION,1,1,900,0,0,0
pay_00000384,2092.44,NETBANKING,DIGITAL_SERVICES,10.4_FRAUDULENT_TRANSACTION,1,0,208,0,0,0
pay_00000385,2540.49,UPI,RETAIL,10.5_VISA_EASY_PAYMENT,1,0,484,2,0,0
pay_00000386,597.0,UPI,TRAVEL,10.4_FRAUDULENT_TRANSACTION,1,0,69,0,0,0
pay_00000387,393.0,WALLET,ELECTRONICS,10.5_VISA_EASY_PAYMENT,1,0,69,0,0,0
pay_00000388,2183.13,NETBANKING,ELECTRONICS,13.1_MERCHANDISE_NOT_RECEIVED,1,0,52,0,0,0
pay_00000389,2566.31,NETBANKING,DIGITAL_SERVICES,13.1_MERCHANDISE_NOT_RECEIVED,1,0,619,0,0,0
pay_00000390,7085.51,NETBANKING,RETAIL,13.1_MERCHANDISE_NOT_RECEIVED,1,1,558,0,0,0
pay_00000391,898.12,CREDIT_CARD,RETAIL,10.4_FRAUDULENT_TRANSACTION,1,0,145,3,0,1
pay_00000392,797.87,CREDIT_CARD,GAMING,10.4_FRAUDULENT_TRANSACTION,1,1,489,0,0,0
pay_00000393,2346.93,CREDIT_CARD,DIGITAL_SERVICES,10.4_FRAUDULENT_TRANSACTION,1,1,597,0,0,0
pay_00000394,725.1,UPI,RETAIL,10.4_FRAUDULENT_TRANSACTION,1,0,30,0,0,0
pay_00000395,4105.21,DEBIT_CARD,GAMING,10.5_VISA_EASY_PAYMENT,1,0,689,0,0,0
pay_00000396,3032.26,CREDIT_CARD,ELECTRONICS,13.1_MERCHANDISE_NOT_RECEIVED,1,1,435,0,0,0
pay_00000397,940.53,CREDIT_CARD,DIGITAL_SERVICES,10.4_FRAUDULENT_TRANSACTION,1,0,545,1,1,0
pay_00000398,2184.68,CREDIT_CARD,DIGITAL_SERVICES,13.3_NOT_AS_DESCRIBED,1,1,877,0,0,0
pay_00000399,2206.95,UPI,RETAIL,10.5_VISA_EASY_PAYMENT,1,3,983,0,0,1
pay_00000400,263.26,UPI,RETAIL,10.5_VISA_EASY_PAYMENT,1,0,826,0,0,0
pay_00000401,3592.67,UPI,TRAVEL,13.3_NOT_AS_DESCRIBED,0,0,362,0,0,1
pay_00000402,1155.56,UPI,ELECTRONICS,10.4_FRAUDULENT_TRANSACTION,1,0,861,0,0,0
pay_00000403,2727.0,UPI,ELECTRONICS,10.4_FRAUDULENT_TRANSACTION,1,0,746,0,0,0
pay_00000404,678.6,WALLET,GAMING,10.4_FRAUDULENT_TRANSACTION,1,0,679,1,0,0
pay_00000405,3488.19,UPI,GAMING,10.4_FRAUDULENT_TRANSACTION,1,0,742,1,0,0
pay_00000406,839.48,UPI,TRAVEL,10.4_FRAUDULENT_TRANSACTION,1,2,249,0,0,0
pay_00000407,116.35,CREDIT_CARD,ELECTRONICS,10.5_VISA_EASY_PAYMENT,1,0,711,0,0,1
pay_00000408,3636.86,CREDIT_CARD,GAMING,10.5_VISA_EASY_PAYMENT,1,1,37,0,0,1
pay_00000409,243.59,UPI,ELECTRONICS,13.1_MERCHANDISE_NOT_RECEIVED,1,0,967,0,0,0
pay_00000410,676.98,DEBIT_CARD,ELECTRONICS,13.1_MERCHANDISE_NOT_RECEIVED,1,1,15,0,0,1
pay_00000411,4595.46,DEBIT_CARD,GAMING,13.1_MERCHANDISE_NOT_RECEIVED,1,1,445,0,0,0
pay_00000412,4611.92,UPI,RETAIL,10.4_FRAUDULENT_TRANSACTION,1,1,93,0,0,0
pay_00000413,1378.0,UPI,RETAIL,10.5_VISA_EASY_PAYMENT,1,0,778,0,0,0
pay_00000414,1598.85,NETBANKING,GAMING,10.4_FRAUDULENT_TRANSACTION,1,0,788,0,0,0
pay_00000415,992.52,DEBIT_CARD,TRAVEL,13.1_MERCHANDISE_NOT_RECEIVED,1,0,634,0,0,0
pay_00000416,620.53,CREDIT_CARD,DIGITAL_SERVICES,10.4_FRAUDULENT_TRANSACTION,1,0,237,0,0,1
pay_00000417,697.73,UPI,ELECTRONICS,13.3_NOT_AS_DESCRIBED,0,0,649,1,0,1
pay_00000418,1774.49,UPI,DIGITAL_SERVICES,13.1_MERCHANDISE_NOT_RECEIVED,1,0,710,0,0,0
pay_00000419,2193.76,CREDIT_CARD,GAMING,13.1_MERCHANDISE_NOT_RECEIVED,1,1,788,0,0,0
pay_00000420,2452.29,UPI,ELECTRONICS,10.4_FRAUDULENT_TRANSACTION,1,0,576,0,0,0
pay_00000421,2438.25,UPI,DIGITAL_SERVICES,10.4_FRAUDULENT_TRANSACTION,0,1,853,0,0,1
pay_00000422,243.46,CREDIT_CARD,RETAIL,13.1_MERCHANDISE_NOT_RECEIVED,0,0,632,0,0,0
pay_00000423,1123.07,UPI,TRAVEL,10.4_FRAUDULENT_TRANSACTION,1,0,647,0,0,0
pay_00000424,188.92,DEBIT_CARD,DIGITAL_SERVICES,13.3_NOT_AS_DESCRIBED,1,0,614,0,0,0
pay_00000425,1296.19,DEBIT_CARD,TRAVEL,13.3_NOT_AS_DESCRIBED,1,1,64,0,0,0
pay_00000426,973.83,UPI,RETAIL,10.4_FRAUDULENT_TRANSACTION,0,2,304,0,0,0
pay_00000427,3379.93,DEBIT_CARD,DIGITAL_SERVICES,10.4_FRAUDULENT_TRANSACTION,1,1,226,0,0,0
pay_00000428,748.29,UPI,GAMING,13.3_NOT_AS_DESCRIBED,1,1,303,0,1,0
pay_00000429,286.76,DEBIT_CARD,ELECTRONICS,10.4_FRAUDULENT_TRANSACTION,0,0,192,0,0,1
pay_00000430,331.46,UPI,RETAIL,10.4_FRAUDULENT_TRANSACTION,1,2,323,0,1,0
pay_00000431,2250.15,UPI,TRAVEL,10.4_FRAUDULENT_TRANSACTION,1,0,685,0,0,0
pay_00000432,1544.36,CREDIT_CARD,TRAVEL,10.4_FRAUDULENT_TRANSACTION,1,0,273,0,0,0
pay_00000433,259.91,UPI,RETAIL,10.4_FRAUDULENT_TRANSACTION,1,1,435,0,0,0
pay_00000434,231.78,NETBANKING,GAMING,10.4_FRAUDULENT_TRANSACTION,1,1,427,0,0,0
pay_00000435,1910.81,UPI,GAMING,13.1_MERCHANDISE_NOT_RECEIVED,1,0,706,0,0,0
pay_00000436,213.32,UPI,TRAVEL,13.1_MERCHANDISE_NOT_RECEIVED,1,1,874,0,0,0
pay_00000437,2687.78,CREDIT_CARD,RETAIL,13.1_MERCHANDISE_NOT_RECEIVED,1,2,126,1,0,0
pay_00000438,1937.5,UPI,RETAIL,10.4_FRAUDULENT_TRANSACTION,1,0,204,0,0,0
pay_00000439,227.27,UPI,ELECTRONICS,13.3_NOT_AS_DESCRIBED,1,0,909,0,0,0
pay_00000440,232.98,CREDIT_CARD,TRAVEL,13.1_MERCHANDISE_NOT_RECEIVED,1,2,742,0,0,0
pay_00000441,6573.19,DEBIT_CARD,GAMING,10.4_FRAUDULENT_TRANSACTION,1,0,484,1,0,1
pay_00000442,803.26,NETBANKING,DIGITAL_SERVICES,13.1_MERCHANDISE_NOT_RECEIVED,1,1,844,1,0,0
pay_00000443,794.58,WALLET,GAMING,10.4_FRAUDULENT_TRANSACTION,1,0,539,0,1,0
pay_00000444,2613.36,UPI,GAMING,10.4_FRAUDULENT_TRANSACTION,1,0,90,0,1,0
pay_00000445,4513.25,DEBIT_CARD,DIGITAL_SERVICES,10.5_VISA_EASY_PAYMENT,1,0,559,0,0,0
pay_00000446,6503.16,UPI,TRAVEL,10.4_FRAUDULENT_TRANSACTION,1,1,627,0,0,0
pay_00000447,2199.85,CREDIT_CARD,ELECTRONICS,13.1_MERCHANDISE_NOT_RECEIVED,0,1,40,0,0,0
pay_00000448,808.03,UPI,GAMING,10.4_FRAUDULENT_TRANSACTION,1,0,581,0,0,0
pay_00000449,230.79,WALLET,GAMING,10.5_VISA_EASY_PAYMENT,1,0,160,0,0,0
pay_00000450,2351.86,DEBIT_CARD,TRAVEL,10.4_FRAUDULENT_TRANSACTION,1,0,100,1,0,0
pay_00000451,1326.04,WALLET,TRAVEL,10.4_FRAUDULENT_TRANSACTION,1,0,508,2,0,0
pay_00000452,928.05,DEBIT_CARD,RETAIL,13.1_MERCHANDISE_NOT_RECEIVED,0,0,301,0,0,0
pay_00000453,3652.36,NETBANKING,TRAVEL,13.1_MERCHANDISE_NOT_RECEIVED,1,3,870,1,0,1
pay_00000454,276.82,DEBIT_CARD,TRAVEL,13.1_MERCHANDISE_NOT_RECEIVED,1,1,244,1,0,0
pay_00000455,1117.76,UPI,GAMING,13.1_MERCHANDISE_NOT_RECEIVED,0,0,336,0,0,0
pay_00000456,117.13,UPI,ELECTRONICS,10.4_FRAUDULENT_TRANSACTION,1,1,842,0,0,0
pay_00000457,1048.53,UPI,GAMING,10.4_FRAUDULENT_TRANSACTION,1,0,506,1,0,0
pay_00000458,186.93,UPI,TRAVEL,13.1_MERCHANDISE_NOT_RECEIVED,1,1,380,0,0,0
pay_00000459,289.74,CREDIT_CARD,RETAIL,13.1_MERCHANDISE_NOT_RECEIVED,1,0,549,0,0,0
pay_00000460,287.54,CREDIT_CARD,ELECTRONICS,10.4_FRAUDULENT_TRANSACTION,1,1,143,0,0,0
pay_00000461,1671.35,CREDIT_CARD,RETAIL,13.1_MERCHANDISE_NOT_RECEIVED,0,0,331,0,0,0
pay_00000462,2155.9,WALLET,DIGITAL_SERVICES,10.5_VISA_EASY_PAYMENT,1,0,500,0,0,0
pay_00000463,1413.33,NETBANKING,RETAIL,13.3_NOT_AS_DESCRIBED,1,0,265,0,0,0
pay_00000464,5012.08,UPI,RETAIL,10.4_FRAUDULENT_TRANSACTION,0,1,82,0,0,1
pay_00000465,804.69,UPI,TRAVEL,10.4_FRAUDULENT_TRANSACTION,1,0,737,0,0,0
pay_00000466,604.7,UPI,TRAVEL,10.4_FRAUDULENT_TRANSACTION,1,0,823,0,0,0
pay_00000467,3144.25,UPI,TRAVEL,10.4_FRAUDULENT_TRANSACTION,0,0,137,1,0,1
pay_00000468,479.62,DEBIT_CARD,TRAVEL,10.4_FRAUDULENT_TRANSACTION,1,0,832,1,0,1
pay_00000469,5054.31,CREDIT_CARD,TRAVEL,10.4_FRAUDULENT_TRANSACTION,1,0,41,1,0,0
pay_00000470,118.34,CREDIT_CARD,RETAIL,10.4_FRAUDULENT_TRANSACTION,0,0,783,0,0,1
pay_00000471,5353.79,NETBANKING,DIGITAL_SERVICES,10.4_FRAUDULENT_TRANSACTION,1,0,36,0,0,0
pay_00000472,166.18,DEBIT_CARD,TRAVEL,10.4_FRAUDULENT_TRANSACTION,1,2,932,0,0,0
pay_00000473,3426.58,UPI,DIGITAL_SERVICES,10.4_FRAUDULENT_TRANSACTION,1,0,577,0,0,0
pay_00000474,1225.21,DEBIT_CARD,DIGITAL_SERVICES,10.4_FRAUDULENT_TRANSACTION,1,1,924,0,0,0
pay_00000475,7535.24,UPI,GAMING,10.4_FRAUDULENT_TRANSACTION,0,0,33,0,0,0
pay_00000476,214.99,UPI,GAMING,10.4_FRAUDULENT_TRANSACTION,1,0,577,0,0,0
pay_00000477,1310.66,UPI,ELECTRONICS,13.3_NOT_AS_DESCRIBED,1,1,438,0,1,1
pay_00000478,5325.36,UPI,GAMING,13.3_NOT_AS_DESCRIBED,1,0,123,0,0,0
pay_00000479,1210.67,UPI,TRAVEL,10.4_FRAUDULENT_TRANSACTION,1,2,902,0,1,0
pay_00000480,1588.94,UPI,DIGITAL_SERVICES,13.3_NOT_AS_DESCRIBED,1,0,383,0,1,0
pay_00000481,1884.85,CREDIT_CARD,ELECTRONICS,10.4_FRAUDULENT_TRANSACTION,1,1,331,0,0,0
pay_00000482,1009.19,DEBIT_CARD,GAMING,13.1_MERCHANDISE_NOT_RECEIVED,1,1,176,1,0,0
pay_00000483,1581.51,UPI,RETAIL,10.4_FRAUDULENT_TRANSACTION,1,1,859,0,0,0
pay_00000484,1416.74,UPI,ELECTRONICS,13.3_NOT_AS_DESCRIBED,1,0,453,0,0,0
pay_00000485,3571.35,DEBIT_CARD,TRAVEL,10.4_FRAUDULENT_TRANSACTION,1,0,74,0,0,0
pay_00000486,169.77,UPI,DIGITAL_SERVICES,10.4_FRAUDULENT_TRANSACTION,1,0,156,0,0,0
pay_00000487,594.76,NETBANKING,TRAVEL,10.4_FRAUDULENT_TRANSACTION,1,0,528,0,0,0
pay_00000488,4605.99,CREDIT_CARD,TRAVEL,10.5_VISA_EASY_PAYMENT,1,2,875,0,0,0
pay_00000489,3414.51,UPI,RETAIL,10.4_FRAUDULENT_TRANSACTION,1,0,26,2,0,0
pay_00000490,1012.26,UPI,RETAIL,10.4_FRAUDULENT_TRANSACTION,1,2,690,1,0,0
pay_00000491,1551.9,UPI,DIGITAL_SERVICES,10.4_FRAUDULENT_TRANSACTION,1,0,54,3,1,0
pay_00000492,587.31,UPI,GAMING,13.3_NOT_AS_DESCRIBED,1,0,860,0,0,0
pay_00000493,412.61,UPI,TRAVEL,10.4_FRAUDULENT_TRANSACTION,1,0,206,0,0,0
pay_00000494,1034.59,CREDIT_CARD,GAMING,13.1_MERCHANDISE_NOT_RECEIVED,1,0,653,0,0,0
pay_00000495,753.93,UPI,DIGITAL_SERVICES,10.4_FRAUDULENT_TRANSACTION,1,1,193,0,0,0
pay_00000496,1414.37,CREDIT_CARD,TRAVEL,13.1_MERCHANDISE_NOT_RECEIVED,1,0,803,1,0,1
pay_00000497,221.38,CREDIT_CARD,GAMING,10.4_FRAUDULENT_TRANSACTION,1,3,719,0,0,0
pay_00000498,5597.44,UPI,TRAVEL,10.4_FRAUDULENT_TRANSACTION,1,0,29,0,0,1
pay_00000499,6525.8,UPI,RETAIL,13.3_NOT_AS_DESCRIBED,1,1,671,0,1,0
pay_00000500,1896.8,UPI,RETAIL,13.1_MERCHANDISE_NOT_RECEIVED,1,1,268,0,0,0
pay_00000501,1252.12,UPI,ELECTRONICS,10.5_VISA_EASY_PAYMENT,1,1,69,0,0,0
pay_00000502,655.57,DEBIT_CARD,DIGITAL_SERVICES,13.3_NOT_AS_DESCRIBED,0,0,750,0,1,1
pay_00000503,2621.36,UPI,GAMING,10.4_FRAUDULENT_TRANSACTION,1,0,32,0,0,0
pay_00000504,1831.49,DEBIT_CARD,TRAVEL,13.1_MERCHANDISE_NOT_RECEIVED,1,1,266,0,0,0
pay_00000505,366.21,UPI,ELECTRONICS,13.3_NOT_AS_DESCRIBED,1,0,133,1,0,1
pay_00000506,3727.45,UPI,DIGITAL_SERVICES,10.4_FRAUDULENT_TRANSACTION,1,1,283,0,0,0
pay_00000507,2693.49,CREDIT_CARD,DIGITAL_SERVICES,10.4_FRAUDULENT_TRANSACTION,1,2,167,0,0,0
pay_00000508,4587.61,DEBIT_CARD,DIGITAL_SERVICES,10.4_FRAUDULENT_TRANSACTION,0,0,789,1,0,1
pay_00000509,2040.41,UPI,GAMING,10.4_FRAUDULENT_TRANSACTION,0,0,16,0,1,1
pay_00000510,1525.61,UPI,RETAIL,10.4_FRAUDULENT_TRANSACTION,1,1,797,0,0,0
pay_00000511,912.55,CREDIT_CARD,ELECTRONICS,10.5_VISA_EASY_PAYMENT,1,1,250,1,0,1
pay_00000512,4148.53,UPI,GAMING,13.3_NOT_AS_DESCRIBED,1,0,463,0,0,0
pay_00000513,3115.59,UPI,TRAVEL,13.1_MERCHANDISE_NOT_RECEIVED,1,0,614,0,0,0
pay_00000514,169.41,CREDIT_CARD,GAMING,10.4_FRAUDULENT_TRANSACTION,0,1,637,0,0,0
pay_00000515,140.08,UPI,TRAVEL,10.4_FRAUDULENT_TRANSACTION,1,1,583,1,0,0
pay_00000516,808.52,CREDIT_CARD,TRAVEL,13.1_MERCHANDISE_NOT_RECEIVED,1,0,210,0,0,0
pay_00000517,2595.47,CREDIT_CARD,DIGITAL_SERVICES,13.1_MERCHANDISE_NOT_RECEIVED,1,0,499,0,0,0
pay_00000518,6646.41,DEBIT_CARD,GAMING,13.3_NOT_AS_DESCRIBED,1,0,595,1,0,0
pay_00000519,344.51,DEBIT_CARD,RETAIL,10.5_VISA_EASY_PAYMENT,1,1,209,0,0,0
pay_00000520,1452.59,CREDIT_CARD,TRAVEL,10.4_FRAUDULENT_TRANSACTION,1,1,526,0,0,0
pay_00000521,819.21,CREDIT_CARD,DIGITAL_SERVICES,10.4_FRAUDULENT_TRANSACTION,0,1,297,0,1,0
pay_00000522,5355.56,NETBANKING,RETAIL,10.4_FRAUDULENT_TRANSACTION,1,0,880,0,0,0
pay_00000523,2868.87,UPI,GAMING,10.4_FRAUDULENT_TRANSACTION,1,2,586,0,0,0
pay_00000524,2833.29,UPI,RETAIL,10.4_FRAUDULENT_TRANSACTION,1,0,473,0,0,0
pay_00000525,1048.62,DEBIT_CARD,GAMING,13.3_NOT_AS_DESCRIBED,1,0,681,0,0,0
pay_00000526,903.75,CREDIT_CARD,TRAVEL,10.5_VISA_EASY_PAYMENT,0,0,172,0,0,0
pay_00000527,579.08,UPI,ELECTRONICS,10.5_VISA_EASY_PAYMENT,1,2,841,0,0,0
pay_00000528,187.04,NETBANKING,ELECTRONICS,13.3_NOT_AS_DESCRIBED,0,1,272,0,0,0
pay_00000529,3100.64,UPI,TRAVEL,10.5_VISA_EASY_PAYMENT,1,0,126,0,0,0
pay_00000530,2614.18,DEBIT_CARD,RETAIL,10.5_VISA_EASY_PAYMENT,1,0,880,0,0,0
pay_00000531,12358.67,DEBIT_CARD,GAMING,13.1_MERCHANDISE_NOT_RECEIVED,1,2,536,1,0,0
pay_00000532,8642.31,WALLET,ELECTRONICS,10.4_FRAUDULENT_TRANSACTION,1,0,277,0,0,0
pay_00000533,1315.98,UPI,GAMING,10.4_FRAUDULENT_TRANSACTION,1,0,699,0,0,0
pay_00000534,2297.92,CREDIT_CARD,TRAVEL,10.4_FRAUDULENT_TRANSACTION,1,0,505,0,0,0
pay_00000535,4444.26,UPI,RETAIL,10.4_FRAUDULENT_TRANSACTION,1,0,887,0,0,0
pay_00000536,2942.16,UPI,GAMING,13.3_NOT_AS_DESCRIBED,1,0,482,0,0,0
pay_00000537,526.23,UPI,RETAIL,10.4_FRAUDULENT_TRANSACTION,1,0,935,0,0,0
pay_00000538,998.24,CREDIT_CARD,ELECTRONICS,10.4_FRAUDULENT_TRANSACTION,1,1,884,0,0,0
pay_00000539,307.44,UPI,GAMING,10.4_FRAUDULENT_TRANSACTION,0,0,839,3,0,0
pay_00000540,4720.34,UPI,DIGITAL_SERVICES,10.4_FRAUDULENT_TRANSACTION,1,0,647,0,0,0
pay_00000541,1497.77,CREDIT_CARD,ELECTRONICS,10.4_FRAUDULENT_TRANSACTION,1,0,412,0,0,0
pay_00000542,489.41,DEBIT_CARD,RETAIL,10.4_FRAUDULENT_TRANSACTION,0,0,435,0,1,0
pay_00000543,1770.74,DEBIT_CARD,TRAVEL,10.4_FRAUDULENT_TRANSACTION,1,1,163,0,0,0
pay_00000544,1544.01,NETBANKING,DIGITAL_SERVICES,10.4_FRAUDULENT_TRANSACTION,1,0,954,2,0,0
pay_00000545,765.13,UPI,GAMING,13.1_MERCHANDISE_NOT_RECEIVED,0,0,266,0,0,0
pay_00000546,280.81,WALLET,ELECTRONICS,10.4_FRAUDULENT_TRANSACTION,1,0,678,0,0,0
pay_00000547,1770.16,NETBANKING,GAMING,13.1_MERCHANDISE_NOT_RECEIVED,1,0,800,2,0,1
pay_00000548,1201.92,UPI,GAMING,10.4_FRAUDULENT_TRANSACTION,1,1,318,0,0,0
pay_00000549,2319.71,UPI,DIGITAL_SERVICES,10.4_FRAUDULENT_TRANSACTION,1,0,98,0,1,0
pay_00000550,1201.46,UPI,DIGITAL_SERVICES,13.1_MERCHANDISE_NOT_RECEIVED,1,0,764,0,0,0
pay_00000551,2967.66,UPI,DIGITAL_SERVICES,10.4_FRAUDULENT_TRANSACTION,1,1,600,0,0,0
pay_00000552,1304.13,CREDIT_CARD,DIGITAL_SERVICES,10.4_FRAUDULENT_TRANSACTION,1,0,120,2,0,0
pay_00000553,1334.67,CREDIT_CARD,TRAVEL,10.5_VISA_EASY_PAYMENT,1,0,884,0,0,0
pay_00000554,3239.14,DEBIT_CARD,RETAIL,13.1_MERCHANDISE_NOT_RECEIVED,0,0,562,0,0,0
pay_00000555,874.97,CREDIT_CARD,DIGITAL_SERVICES,10.4_FRAUDULENT_TRANSACTION,1,0,41,0,0,0
pay_00000556,315.83,UPI,ELECTRONICS,13.3_NOT_AS_DESCRIBED,1,0,47,1,0,0
pay_00000557,143.81,NETBANKING,GAMING,10.5_VISA_EASY_PAYMENT,0,0,489,0,0,0
pay_00000558,2210.59,UPI,DIGITAL_SERVICES,10.4_FRAUDULENT_TRANSACTION,1,0,770,0,0,0
pay_00000559,1552.6,WALLET,ELECTRONICS,13.3_NOT_AS_DESCRIBED,1,0,682,0,0,0
pay_00000560,1926.5,UPI,TRAVEL,13.3_NOT_AS_DESCRIBED,1,3,516,0,0,0
pay_00000561,459.22,WALLET,ELECTRONICS,10.4_FRAUDULENT_TRANSACTION,1,1,513,0,0,0
pay_00000562,319.92,UPI,ELECTRONICS,13.1_MERCHANDISE_NOT_RECEIVED,1,0,918,0,0,0
pay_00000563,121.98,UPI,TRAVEL,10.4_FRAUDULENT_TRANSACTION,1,0,267,0,0,0
pay_00000564,747.53,UPI,TRAVEL,13.1_MERCHANDISE_NOT_RECEIVED,1,0,112,0,0,0
pay_00000565,1437.1,DEBIT_CARD,GAMING,13.1_MERCHANDISE_NOT_RECEIVED,0,1,11,0,0,0
pay_00000566,846.97,NETBANKING,DIGITAL_SERVICES,10.4_FRAUDULENT_TRANSACTION,1,0,877,0,0,0
pay_00000567,962.98,UPI,ELECTRONICS,13.3_NOT_AS_DESCRIBED,1,1,14,0,0,0
pay_00000568,3617.59,NETBANKING,RETAIL,13.3_NOT_AS_DESCRIBED,0,0,603,0,0,0
pay_00000569,742.15,CREDIT_CARD,RETAIL,10.5_VISA_EASY_PAYMENT,1,1,481,1,0,1
pay_00000570,1182.29,CREDIT_CARD,GAMING,10.4_FRAUDULENT_TRANSACTION,1,1,732,0,0,0
pay_00000571,2396.31,DEBIT_CARD,RETAIL,10.4_FRAUDULENT_TRANSACTION,1,0,343,0,0,0
pay_00000572,857.62,UPI,GAMING,13.3_NOT_AS_DESCRIBED,1,0,761,0,0,0
pay_00000573,1559.64,UPI,DIGITAL_SERVICES,10.4_FRAUDULENT_TRANSACTION,0,0,73,2,0,0
pay_00000574,3074.71,NETBANKING,GAMING,10.4_FRAUDULENT_TRANSACTION,1,1,827,0,0,0
pay_00000575,4579.29,NETBANKING,TRAVEL,13.3_NOT_AS_DESCRIBED,1,0,658,0,1,0
pay_00000576,338.62,WALLET,TRAVEL,10.4_FRAUDULENT_TRANSACTION,1,0,61,0,0,0
pay_00000577,4017.49,NETBANKING,TRAVEL,10.4_FRAUDULENT_TRANSACTION,0,0,280,0,1,1
pay_00000578,1116.25,UPI,TRAVEL,10.4_FRAUDULENT_TRANSACTION,1,1,27,1,0,0
pay_00000579,548.1,DEBIT_CARD,TRAVEL,10.4_FRAUDULENT_TRANSACTION,1,0,291,0,0,0
pay_00000580,1021.88,UPI,TRAVEL,10.4_FRAUDULENT_TRANSACTION,1,1,964,0,0,0
pay_00000581,5970.48,WALLET,TRAVEL,10.4_FRAUDULENT_TRANSACTION,1,0,22,0,0,0
pay_00000582,1117.74,UPI,TRAVEL,10.4_FRAUDULENT_TRANSACTION,0,0,523,1,0,0
pay_00000583,697.92,CREDIT_CARD,TRAVEL,13.3_NOT_AS_DESCRIBED,1,1,636,0,0,0
pay_00000584,1605.23,CREDIT_CARD,DIGITAL_SERVICES,10.4_FRAUDULENT_TRANSACTION,1,0,636,0,0,0
pay_00000585,511.94,UPI,TRAVEL,13.1_MERCHANDISE_NOT_RECEIVED,0,0,455,0,1,1
pay_00000586,218.34,UPI,GAMING,10.4_FRAUDULENT_TRANSACTION,1,1,873,0,0,0
pay_00000587,306.96,NETBANKING,DIGITAL_SERVICES,13.1_MERCHANDISE_NOT_RECEIVED,1,0,186,0,1,1
pay_00000588,305.53,DEBIT_CARD,RETAIL,10.5_VISA_EASY_PAYMENT,0,1,485,1,0,0
pay_00000589,347.14,UPI,ELECTRONICS,13.1_MERCHANDISE_NOT_RECEIVED,1,0,610,1,0,0
pay_00000590,324.19,DEBIT_CARD,DIGITAL_SERVICES,13.1_MERCHANDISE_NOT_RECEIVED,0,0,76,0,0,1
pay_00000591,1636.13,CREDIT_CARD,TRAVEL,10.4_FRAUDULENT_TRANSACTION,1,1,132,0,0,0
pay_00000592,401.12,UPI,DIGITAL_SERVICES,10.4_FRAUDULENT_TRANSACTION,1,1,493,0,0,0
pay_00000593,736.21,UPI,ELECTRONICS,13.3_NOT_AS_DESCRIBED,1,1,194,0,0,0
pay_00000594,3506.46,NETBANKING,ELECTRONICS,13.3_NOT_AS_DESCRIBED,0,1,367,0,1,0
pay_00000595,1063.57,DEBIT_CARD,TRAVEL,13.1_MERCHANDISE_NOT_RECEIVED,1,0,321,0,0,0
pay_00000596,1751.93,CREDIT_CARD,TRAVEL,10.5_VISA_EASY_PAYMENT,1,0,146,0,0,0
pay_00000597,383.69,CREDIT_CARD,GAMING,10.4_FRAUDULENT_TRANSACTION,1,0,827,0,0,0
pay_00000598,420.33,UPI,ELECTRONICS,13.1_MERCHANDISE_NOT_RECEIVED,1,1,791,0,0,0
pay_00000599,162.59,UPI,TRAVEL,10.4_FRAUDULENT_TRANSACTION,1,0,354,0,0,0
pay_00000600,377.57,UPI,ELECTRONICS,13.1_MERCHANDISE_NOT_RECEIVED,1,0,772,0,0,0
pay_00000601,589.82,UPI,GAMING,10.4_FRAUDULENT_TRANSACTION,1,1,949,3,0,0
pay_00000602,392.22,CREDIT_CARD,RETAIL,10.5_VISA_EASY_PAYMENT,1,0,499,0,0,0
pay_00000603,239.33,NETBANKING,ELECTRONICS,13.3_NOT_AS_DESCRIBED,1,3,756,0,0,0
pay_00000604,292.83,UPI,GAMING,10.4_FRAUDULENT_TRANSACTION,1,0,746,0,0,0
pay_00000605,1026.44,UPI,GAMING,13.1_MERCHANDISE_NOT_RECEIVED,1,1,365,0,0,0
pay_00000606,446.64,CREDIT_CARD,GAMING,13.3_NOT_AS_DESCRIBED,0,1,723,0,0,1
pay_00000607,779.47,NETBANKING,DIGITAL_SERVICES,10.4_FRAUDULENT_TRANSACTION,1,1,296,0,0,1
pay_00000608,1150.01,DEBIT_CARD,TRAVEL,10.4_FRAUDULENT_TRANSACTION,1,1,874,0,0,0
pay_00000609,1858.69,NETBANKING,ELECTRONICS,10.4_FRAUDULENT_TRANSACTION,1,0,168,0,0,0
pay_00000610,160.16,CREDIT_CARD,DIGITAL_SERVICES,10.4_FRAUDULENT_TRANSACTION,0,0,179,1,0,1
pay_00000611,2509.74,DEBIT_CARD,ELECTRONICS,13.1_MERCHANDISE_NOT_RECEIVED,1,1,233,3,0,1
pay_00000612,1582.89,UPI,DIGITAL_SERVICES,10.4_FRAUDULENT_TRANSACTION,0,1,393,0,0,1
pay_00000613,227.94,UPI,TRAVEL,10.4_FRAUDULENT_TRANSACTION,1,0,663,0,0,0
pay_00000614,3202.2,UPI,GAMING,13.1_MERCHANDISE_NOT_RECEIVED,1,0,653,0,0,0
pay_00000615,3905.04,CREDIT_CARD,ELECTRONICS,10.5_VISA_EASY_PAYMENT,1,2,257,0,0,0
pay_00000616,194.53,NETBANKING,GAMING,13.3_NOT_AS_DESCRIBED,1,0,332,0,0,0
pay_00000617,586.27,NETBANKING,TRAVEL,13.1_MERCHANDISE_NOT_RECEIVED,1,0,138,0,0,0
pay_00000618,2561.4,UPI,ELECTRONICS,10.4_FRAUDULENT_TRANSACTION,1,0,411,0,0,0
pay_00000619,2169.04,UPI,RETAIL,10.4_FRAUDULENT_TRANSACTION,1,0,403,2,0,0
pay_00000620,405.97,UPI,RETAIL,10.4_FRAUDULENT_TRANSACTION,1,0,872,0,0,0
pay_00000621,452.35,UPI,RETAIL,13.1_MERCHANDISE_NOT_RECEIVED,1,1,224,0,0,0
pay_00000622,794.18,CREDIT_CARD,TRAVEL,10.4_FRAUDULENT_TRANSACTION,1,1,22,0,0,0
pay_00000623,1093.99,NETBANKING,RETAIL,10.4_FRAUDULENT_TRANSACTION,1,0,601,0,0,0
pay_00000624,1544.5,WALLET,ELECTRONICS,13.3_NOT_AS_DESCRIBED,1,1,779,0,0,0
pay_00000625,790.47,CREDIT_CARD,RETAIL,10.4_FRAUDULENT_TRANSACTION,1,0,587,0,0,0
pay_00000626,1031.34,DEBIT_CARD,ELECTRONICS,13.3_NOT_AS_DESCRIBED,1,0,602,0,0,0
pay_00000627,2164.34,CREDIT_CARD,TRAVEL,13.3_NOT_AS_DESCRIBED,1,1,272,0,0,0
pay_00000628,156.06,UPI,GAMING,10.4_FRAUDULENT_TRANSACTION,1,0,896,0,0,0
pay_00000629,536.4,CREDIT_CARD,DIGITAL_SERVICES,10.5_VISA_EASY_PAYMENT,1,1,669,0,0,0
pay_00000630,1974.24,CREDIT_CARD,RETAIL,10.4_FRAUDULENT_TRANSACTION,1,0,158,0,0,0
pay_00000631,3483.65,DEBIT_CARD,DIGITAL_SERVICES,10.5_VISA_EASY_PAYMENT,1,0,395,0,0,0
pay_00000632,1175.17,UPI,GAMING,10.4_FRAUDULENT_TRANSACTION,1,1,825,0,0,0
pay_00000633,1239.29,UPI,TRAVEL,13.3_NOT_AS_DESCRIBED,1,1,65,0,0,0
pay_00000634,270.04,UPI,TRAVEL,13.1_MERCHANDISE_NOT_RECEIVED,1,0,6,0,0,0
pay_00000635,989.71,WALLET,GAMING,13.1_MERCHANDISE_NOT_RECEIVED,1,0,589,0,0,0
pay_00000636,1240.91,UPI,DIGITAL_SERVICES,13.1_MERCHANDISE_NOT_RECEIVED,1,1,91,0,1,1
pay_00000637,516.54,DEBIT_CARD,RETAIL,10.5_VISA_EASY_PAYMENT,1,1,491,1,0,0
pay_00000638,570.51,DEBIT_CARD,ELECTRONICS,10.5_VISA_EASY_PAYMENT,1,0,291,1,0,1
pay_00000639,810.5,UPI,TRAVEL,13.1_MERCHANDISE_NOT_RECEIVED,0,0,640,0,0,1
pay_00000640,130.41,CREDIT_CARD,GAMING,13.1_MERCHANDISE_NOT_RECEIVED,1,0,117,0,0,0
pay_00000641,683.09,NETBANKING,DIGITAL_SERVICES,10.4_FRAUDULENT_TRANSACTION,0,0,225,0,0,1
pay_00000642,456.34,UPI,RETAIL,13.3_NOT_AS_DESCRIBED,1,0,315,0,0,0
pay_00000643,695.12,NETBANKING,DIGITAL_SERVICES,13.1_MERCHANDISE_NOT_RECEIVED,0,0,384,3,0,1
pay_00000644,291.34,UPI,RETAIL,13.3_NOT_AS_DESCRIBED,1,0,526,0,0,0
pay_00000645,3418.12,UPI,ELECTRONICS,13.1_MERCHANDISE_NOT_RECEIVED,1,0,939,0,0,0
pay_00000646,1450.6,NETBANKING,ELECTRONICS,10.4_FRAUDULENT_TRANSACTION,1,0,686,0,0,0
pay_00000647,1804.95,DEBIT_CARD,GAMING,10.4_FRAUDULENT_TRANSACTION,1,1,887,0,0,0
pay_00000648,2435.06,WALLET,GAMING,10.4_FRAUDULENT_TRANSACTION,1,1,662,0,0,0
pay_00000649,1135.05,CREDIT_CARD,RETAIL,13.1_MERCHANDISE_NOT_RECEIVED,1,1,188,0,1,1
pay_00000650,236.4,NETBANKING,RETAIL,10.4_FRAUDULENT_TRANSACTION,1,0,490,0,0,0
pay_00000651,1255.39,DEBIT_CARD,RETAIL,13.1_MERCHANDISE_NOT_RECEIVED,1,1,85,0,0,0
pay_00000652,1425.88,DEBIT_CARD,RETAIL,10.4_FRAUDULENT_TRANSACTION,1,1,386,0,0,0
pay_00000653,2152.32,CREDIT_CARD,ELECTRONICS,10.4_FRAUDULENT_TRANSACTION,1,0,120,1,0,0
pay_00000654,947.55,UPI,GAMING,10.4_FRAUDULENT_TRANSACTION,1,0,325,0,0,0
pay_00000655,304.73,NETBANKING,GAMING,10.4_FRAUDULENT_TRANSACTION,1,0,143,0,0,0
pay_00000656,600.64,UPI,TRAVEL,10.4_FRAUDULENT_TRANSACTION,1,0,306,1,0,0
pay_00000657,776.67,CREDIT_CARD,GAMING,13.1_MERCHANDISE_NOT_RECEIVED,1,1,752,0,0,0
pay_00000658,1657.34,UPI,GAMING,10.4_FRAUDULENT_TRANSACTION,1,2,724,0,1,1
pay_00000659,1368.67,CREDIT_CARD,DIGITAL_SERVICES,10.4_FRAUDULENT_TRANSACTION,1,0,474,1,0,0
pay_00000660,760.31,UPI,DIGITAL_SERVICES,10.5_VISA_EASY_PAYMENT,1,1,696,0,0,0
pay_00000661,6559.29,UPI,TRAVEL,10.4_FRAUDULENT_TRANSACTION,1,1,703,0,0,0
pay_00000662,1496.25,NETBANKING,RETAIL,13.3_NOT_AS_DESCRIBED,1,0,984,0,0,0
pay_00000663,506.19,UPI,TRAVEL,10.5_VISA_EASY_PAYMENT,1,0,931,1,0,1
pay_00000664,261.01,CREDIT_CARD,TRAVEL,13.1_MERCHANDISE_NOT_RECEIVED,1,0,856,0,0,0
pay_00000665,348.83,UPI,ELECTRONICS,13.1_MERCHANDISE_NOT_RECEIVED,1,0,26,0,0,0
pay_00000666,523.46,UPI,GAMING,10.4_FRAUDULENT_TRANSACTION,1,0,873,0,0,0
pay_00000667,362.75,UPI,ELECTRONICS,10.4_FRAUDULENT_TRANSACTION,1,0,637,0,0,0
pay_00000668,409.74,DEBIT_CARD,GAMING,10.4_FRAUDULENT_TRANSACTION,1,0,242,1,0,0
pay_00000669,603.41,UPI,TRAVEL,10.4_FRAUDULENT_TRANSACTION,1,0,342,0,0,0
pay_00000670,385.6,NETBANKING,GAMING,10.4_FRAUDULENT_TRANSACTION,1,0,795,0,1,0
pay_00000671,3506.13,UPI,RETAIL,13.3_NOT_AS_DESCRIBED,1,2,275,1,0,0
pay_00000672,225.45,UPI,RETAIL,10.4_FRAUDULENT_TRANSACTION,0,0,549,1,0,0
pay_00000673,1215.12,UPI,TRAVEL,13.1_MERCHANDISE_NOT_RECEIVED,1,0,804,0,0,0
pay_00000674,892.46,UPI,DIGITAL_SERVICES,13.1_MERCHANDISE_NOT_RECEIVED,1,1,221,2,1,1
pay_00000675,6157.96,DEBIT_CARD,RETAIL,10.4_FRAUDULENT_TRANSACTION,1,0,936,0,0,0
pay_00000676,278.24,NETBANKING,TRAVEL,10.4_FRAUDULENT_TRANSACTION,1,0,831,0,0,0
pay_00000677,860.89,CREDIT_CARD,ELECTRONICS,10.4_FRAUDULENT_TRANSACTION,1,1,807,0,0,0
pay_00000678,5333.59,UPI,DIGITAL_SERVICES,13.1_MERCHANDISE_NOT_RECEIVED,0,0,759,0,0,0
pay_00000679,3109.37,UPI,RETAIL,10.4_FRAUDULENT_TRANSACTION,1,1,128,1,0,0
pay_00000680,2647.99,UPI,TRAVEL,13.1_MERCHANDISE_NOT_RECEIVED,1,1,619,0,0,0
pay_00000681,547.41,WALLET,TRAVEL,13.1_MERCHANDISE_NOT_RECEIVED,1,1,908,0,0,1
pay_00000682,381.1,UPI,ELECTRONICS,13.3_NOT_AS_DESCRIBED,1,0,940,0,0,0
pay_00000683,1756.84,DEBIT_CARD,ELECTRONICS,10.4_FRAUDULENT_TRANSACTION,0,0,848,0,0,0
pay_00000684,4075.58,UPI,DIGITAL_SERVICES,13.1_MERCHANDISE_NOT_RECEIVED,1,0,432,0,0,0
pay_00000685,1320.48,UPI,RETAIL,10.4_FRAUDULENT_TRANSACTION,1,1,735,0,0,0
pay_00000686,1371.59,UPI,TRAVEL,10.4_FRAUDULENT_TRANSACTION,1,1,847,0,0,0
pay_00000687,592.71,UPI,DIGITAL_SERVICES,10.4_FRAUDULENT_TRANSACTION,0,0,673,0,0,0
pay_00000688,2301.21,DEBIT_CARD,DIGITAL_SERVICES,13.1_MERCHANDISE_NOT_RECEIVED,0,1,463,0,0,1
pay_00000689,410.62,UPI,ELECTRONICS,10.5_VISA_EASY_PAYMENT,1,1,800,0,0,0
pay_00000690,686.63,DEBIT_CARD,TRAVEL,10.4_FRAUDULENT_TRANSACTION,1,0,918,0,0,0
pay_00000691,931.22,UPI,GAMING,13.1_MERCHANDISE_NOT_RECEIVED,1,2,256,0,0,0
pay_00000692,1162.73,WALLET,ELECTRONICS,10.4_FRAUDULENT_TRANSACTION,1,0,242,0,0,0
pay_00000693,516.42,UPI,TRAVEL,13.1_MERCHANDISE_NOT_RECEIVED,0,1,120,0,0,0
pay_00000694,282.97,NETBANKING,DIGITAL_SERVICES,10.4_FRAUDULENT_TRANSACTION,1,0,6,0,1,0
pay_00000695,1514.8,DEBIT_CARD,DIGITAL_SERVICES,10.4_FRAUDULENT_TRANSACTION,1,2,926,0,0,0
pay_00000696,610.85,WALLET,RETAIL,13.1_MERCHANDISE_NOT_RECEIVED,1,1,873,0,0,0
pay_00000697,1405.68,UPI,GAMING,13.1_MERCHANDISE_NOT_RECEIVED,1,0,634,0,0,0
pay_00000698,351.5,DEBIT_CARD,ELECTRONICS,10.4_FRAUDULENT_TRANSACTION,1,0,657,1,0,0
pay_00000699,1084.18,UPI,RETAIL,13.1_MERCHANDISE_NOT_RECEIVED,1,0,504,2,0,0
pay_00000700,1240.82,UPI,RETAIL,10.4_FRAUDULENT_TRANSACTION,1,2,492,0,0,0
pay_00000701,179.82,UPI,GAMING,10.4_FRAUDULENT_TRANSACTION,1,1,770,0,0,0
pay_00000702,715.58,UPI,ELECTRONICS,10.4_FRAUDULENT_TRANSACTION,1,1,592,0,0,0
pay_00000703,316.52,WALLET,ELECTRONICS,13.3_NOT_AS_DESCRIBED,1,0,823,0,0,0
pay_00000704,198.21,UPI,DIGITAL_SERVICES,13.3_NOT_AS_DESCRIBED,1,0,111,0,0,0
pay_00000705,7001.8,CREDIT_CARD,ELECTRONICS,10.4_FRAUDULENT_TRANSACTION,1,0,763,0,0,0
pay_00000706,683.7,CREDIT_CARD,RETAIL,13.1_MERCHANDISE_NOT_RECEIVED,1,1,268,1,0,1
pay_00000707,2590.11,CREDIT_CARD,DIGITAL_SERVICES,13.1_MERCHANDISE_NOT_RECEIVED,1,0,877,0,0,0
pay_00000708,540.83,CREDIT_CARD,ELECTRONICS,10.5_VISA_EASY_PAYMENT,1,0,396,0,0,1
pay_00000709,1816.21,UPI,GAMING,10.5_VISA_EASY_PAYMENT,1,1,563,2,1,0
pay_00000710,2242.1,CREDIT_CARD,RETAIL,13.1_MERCHANDISE_NOT_RECEIVED,1,0,48,0,0,1
pay_00000711,1458.17,UPI,TRAVEL,10.4_FRAUDULENT_TRANSACTION,1,0,679,0,0,0
pay_00000712,1056.78,NETBANKING,GAMING,10.4_FRAUDULENT_TRANSACTION,1,0,721,0,1,1
pay_00000713,896.14,DEBIT_CARD,GAMING,13.1_MERCHANDISE_NOT_RECEIVED,1,1,490,0,0,1
pay_00000714,743.56,WALLET,ELECTRONICS,10.5_VISA_EASY_PAYMENT,0,1,105,0,0,0
pay_00000715,4078.83,UPI,DIGITAL_SERVICES,10.4_FRAUDULENT_TRANSACTION,1,0,70,0,0,0
pay_00000716,2763.41,UPI,DIGITAL_SERVICES,13.3_NOT_AS_DESCRIBED,1,2,631,0,1,0
pay_00000717,5129.76,UPI,RETAIL,13.1_MERCHANDISE_NOT_RECEIVED,1,2,361,0,0,0
pay_00000718,299.09,UPI,ELECTRONICS,10.4_FRAUDULENT_TRANSACTION,1,0,858,0,0,0
pay_00000719,2068.83,UPI,DIGITAL_SERVICES,13.1_MERCHANDISE_NOT_RECEIVED,1,0,1,1,0,0
pay_00000720,4279.19,CREDIT_CARD,TRAVEL,10.4_FRAUDULENT_TRANSACTION,0,1,912,0,0,0
pay_00000721,399.93,UPI,ELECTRONICS,13.1_MERCHANDISE_NOT_RECEIVED,1,0,814,0,0,0
pay_00000722,203.22,CREDIT_CARD,ELECTRONICS,13.1_MERCHANDISE_NOT_RECEIVED,1,0,575,0,0,0
pay_00000723,2127.09,NETBANKING,DIGITAL_SERVICES,10.5_VISA_EASY_PAYMENT,0,0,59,0,0,0
pay_00000724,1381.64,CREDIT_CARD,GAMING,10.5_VISA_EASY_PAYMENT,1,0,815,0,0,0
pay_00000725,2866.12,UPI,ELECTRONICS,10.4_FRAUDULENT_TRANSACTION,1,3,784,0,0,1
pay_00000726,325.84,UPI,GAMING,10.4_FRAUDULENT_TRANSACTION,1,0,46,0,0,0
pay_00000727,2479.08,UPI,RETAIL,13.3_NOT_AS_DESCRIBED,1,1,80,0,0,0
pay_00000728,437.77,UPI,RETAIL,13.1_MERCHANDISE_NOT_RECEIVED,1,2,423,0,1,1
pay_00000729,368.07,CREDIT_CARD,DIGITAL_SERVICES,13.3_NOT_AS_DESCRIBED,0,0,477,0,0,0
pay_00000730,369.17,UPI,RETAIL,10.4_FRAUDULENT_TRANSACTION,1,1,562,1,0,0
pay_00000731,2627.65,NETBANKING,DIGITAL_SERVICES,13.3_NOT_AS_DESCRIBED,1,0,305,0,0,0
pay_00000732,1741.32,DEBIT_CARD,DIGITAL_SERVICES,10.4_FRAUDULENT_TRANSACTION,0,2,410,2,0,0
pay_00000733,1210.56,CREDIT_CARD,GAMING,10.4_FRAUDULENT_TRANSACTION,1,0,990,1,0,1
pay_00000734,766.69,UPI,GAMING,10.4_FRAUDULENT_TRANSACTION,1,0,417,0,0,0
pay_00000735,3245.8,UPI,RETAIL,13.3_NOT_AS_DESCRIBED,1,0,363,0,0,0
pay_00000736,847.47,DEBIT_CARD,GAMING,13.1_MERCHANDISE_NOT_RECEIVED,1,1,276,1,0,0
pay_00000737,2644.12,UPI,ELECTRONICS,10.5_VISA_EASY_PAYMENT,1,0,229,0,0,0
pay_00000738,967.41,UPI,TRAVEL,13.1_MERCHANDISE_NOT_RECEIVED,1,0,375,0,0,0
pay_00000739,809.68,UPI,ELECTRONICS,10.4_FRAUDULENT_TRANSACTION,1,1,333,0,0,0
pay_00000740,1031.74,UPI,ELECTRONICS,13.1_MERCHANDISE_NOT_RECEIVED,1,0,584,0,0,0
pay_00000741,637.97,DEBIT_CARD,DIGITAL_SERVICES,10.4_FRAUDULENT_TRANSACTION,1,0,480,0,0,0
pay_00000742,2165.17,UPI,TRAVEL,13.1_MERCHANDISE_NOT_RECEIVED,1,0,466,0,1,0
pay_00000743,1147.9,CREDIT_CARD,DIGITAL_SERVICES,10.4_FRAUDULENT_TRANSACTION,1,0,681,0,0,0
pay_00000744,496.36,UPI,GAMING,13.1_MERCHANDISE_NOT_RECEIVED,0,0,382,0,0,1
pay_00000745,3547.51,CREDIT_CARD,GAMING,13.1_MERCHANDISE_NOT_RECEIVED,1,0,267,0,0,0
pay_00000746,826.5,NETBANKING,TRAVEL,10.4_FRAUDULENT_TRANSACTION,1,1,567,0,0,0
pay_00000747,1276.42,NETBANKING,RETAIL,10.4_FRAUDULENT_TRANSACTION,1,0,230,0,0,0
pay_00000748,3654.24,UPI,GAMING,10.4_FRAUDULENT_TRANSACTION,1,0,559,0,0,0
pay_00000749,1568.2,UPI,ELECTRONICS,10.5_VISA_EASY_PAYMENT,1,1,895,0,0,0
pay_00000750,286.47,UPI,TRAVEL,10.4_FRAUDULENT_TRANSACTION,1,1,78,0,0,0
pay_00000751,4315.93,CREDIT_CARD,TRAVEL,13.1_MERCHANDISE_NOT_RECEIVED,1,1,872,0,0,0
pay_00000752,1582.12,CREDIT_CARD,GAMING,10.4_FRAUDULENT_TRANSACTION,1,0,818,0,0,0
pay_00000753,711.74,CREDIT_CARD,GAMING,10.4_FRAUDULENT_TRANSACTION,1,1,865,0,0,0
pay_00000754,324.97,UPI,DIGITAL_SERVICES,13.1_MERCHANDISE_NOT_RECEIVED,1,0,885,0,0,0
pay_00000755,2470.0,CREDIT_CARD,DIGITAL_SERVICES,13.3_NOT_AS_DESCRIBED,1,0,361,0,0,0
pay_00000756,1551.66,UPI,ELECTRONICS,13.1_MERCHANDISE_NOT_RECEIVED,1,1,791,0,0,0
pay_00000757,1243.62,DEBIT_CARD,TRAVEL,13.1_MERCHANDISE_NOT_RECEIVED,1,0,61,0,0,0
pay_00000758,3464.95,UPI,RETAIL,13.3_NOT_AS_DESCRIBED,1,0,7,0,0,0
pay_00000759,2430.99,DEBIT_CARD,RETAIL,10.4_FRAUDULENT_TRANSACTION,1,0,271,2,0,0
pay_00000760,346.74,UPI,TRAVEL,10.4_FRAUDULENT_TRANSACTION,1,1,847,1,0,1
pay_00000761,660.34,UPI,ELECTRONICS,10.4_FRAUDULENT_TRANSACTION,1,0,521,0,0,0
pay_00000762,528.5,DEBIT_CARD,DIGITAL_SERVICES,10.4_FRAUDULENT_TRANSACTION,1,0,213,0,0,0
pay_00000763,2143.55,UPI,DIGITAL_SERVICES,10.5_VISA_EASY_PAYMENT,1,2,165,0,0,0
pay_00000764,151.16,DEBIT_CARD,DIGITAL_SERVICES,13.1_MERCHANDISE_NOT_RECEIVED,0,1,231,0,0,0
pay_00000765,1365.57,CREDIT_CARD,RETAIL,10.4_FRAUDULENT_TRANSACTION,0,0,827,0,0,1
pay_00000766,2256.12,CREDIT_CARD,RETAIL,10.5_VISA_EASY_PAYMENT,1,0,668,0,0,0
pay_00000767,3240.5,UPI,ELECTRONICS,10.5_VISA_EASY_PAYMENT,1,1,364,1,0,1
pay_00000768,728.01,UPI,RETAIL,10.4_FRAUDULENT_TRANSACTION,1,0,902,0,0,0
pay_00000769,2682.71,CREDIT_CARD,GAMING,13.3_NOT_AS_DESCRIBED,1,2,906,0,0,0
pay_00000770,275.87,UPI,RETAIL,10.4_FRAUDULENT_TRANSACTION,0,1,15,0,0,0
pay_00000771,2910.62,CREDIT_CARD,DIGITAL_SERVICES,13.3_NOT_AS_DESCRIBED,1,0,118,0,0,0
pay_00000772,304.57,UPI,ELECTRONICS,10.4_FRAUDULENT_TRANSACTION,1,0,88,0,0,0
pay_00000773,859.47,UPI,TRAVEL,13.1_MERCHANDISE_NOT_RECEIVED,0,0,516,0,0,0
pay_00000774,2494.01,UPI,TRAVEL,10.4_FRAUDULENT_TRANSACTION,1,0,751,0,0,0
pay_00000775,343.63,UPI,ELECTRONICS,10.5_VISA_EASY_PAYMENT,1,0,114,0,0,0
pay_00000776,490.59,UPI,GAMING,10.4_FRAUDULENT_TRANSACTION,0,0,227,0,1,0
pay_00000777,2021.56,DEBIT_CARD,TRAVEL,10.4_FRAUDULENT_TRANSACTION,0,0,826,0,0,0
pay_00000778,2009.64,DEBIT_CARD,DIGITAL_SERVICES,13.1_MERCHANDISE_NOT_RECEIVED,1,0,655,1,0,0
pay_00000779,1637.27,UPI,TRAVEL,13.1_MERCHANDISE_NOT_RECEIVED,1,0,244,0,0,0
pay_00000780,1876.0,WALLET,TRAVEL,13.1_MERCHANDISE_NOT_RECEIVED,1,1,421,0,0,0
pay_00000781,1273.7,CREDIT_CARD,DIGITAL_SERVICES,13.1_MERCHANDISE_NOT_RECEIVED,1,1,2,0,0,0
pay_00000782,535.13,NETBANKING,RETAIL,13.3_NOT_AS_DESCRIBED,1,0,431,0,0,0
pay_00000783,736.27,DEBIT_CARD,GAMING,10.4_FRAUDULENT_TRANSACTION,1,0,360,0,0,0
pay_00000784,400.6,DEBIT_CARD,DIGITAL_SERVICES,10.4_FRAUDULENT_TRANSACTION,1,1,636,0,0,1
pay_00000785,3686.31,UPI,DIGITAL_SERVICES,10.4_FRAUDULENT_TRANSACTION,1,1,924,0,0,0
pay_00000786,1413.41,UPI,ELECTRONICS,10.5_VISA_EASY_PAYMENT,1,3,837,0,0,0
pay_00000787,868.37,UPI,GAMING,10.4_FRAUDULENT_TRANSACTION,1,0,471,0,0,0
pay_00000788,1029.86,DEBIT_CARD,RETAIL,10.4_FRAUDULENT_TRANSACTION,1,0,713,0,0,0
pay_00000789,4514.24,UPI,DIGITAL_SERVICES,13.1_MERCHANDISE_NOT_RECEIVED,1,1,583,0,0,0
pay_00000790,349.7,DEBIT_CARD,RETAIL,10.4_FRAUDULENT_TRANSACTION,1,0,580,0,0,0
pay_00000791,1423.67,UPI,DIGITAL_SERVICES,10.4_FRAUDULENT_TRANSACTION,1,1,147,0,0,0
pay_00000792,1157.49,DEBIT_CARD,DIGITAL_SERVICES,13.1_MERCHANDISE_NOT_RECEIVED,1,0,264,0,1,0
pay_00000793,1518.02,UPI,ELECTRONICS,10.4_FRAUDULENT_TRANSACTION,1,0,799,0,0,0
pay_00000794,127.41,UPI,TRAVEL,13.1_MERCHANDISE_NOT_RECEIVED,1,1,782,0,0,0
pay_00000795,3185.04,UPI,GAMING,10.4_FRAUDULENT_TRANSACTION,1,2,29,0,0,0
pay_00000796,4134.98,UPI,ELECTRONICS,10.4_FRAUDULENT_TRANSACTION,1,0,137,0,1,0
pay_00000797,1349.07,UPI,RETAIL,10.5_VISA_EASY_PAYMENT,1,0,613,0,0,0
pay_00000798,1889.31,DEBIT_CARD,DIGITAL_SERVICES,10.4_FRAUDULENT_TRANSACTION,1,1,838,1,0,0
pay_00000799,3936.2,UPI,DIGITAL_SERVICES,10.4_FRAUDULENT_TRANSACTION,1,0,746,0,0,0
pay_00000800,1942.6,UPI,GAMING,13.3_NOT_AS_DESCRIBED,1,0,444,0,0,0
pay_00000801,348.27,DEBIT_CARD,ELECTRONICS,10.4_FRAUDULENT_TRANSACTION,0,0,348,0,1,0
pay_00000802,1388.05,UPI,ELECTRONICS,10.4_FRAUDULENT_TRANSACTION,0,0,813,2,0,0
pay_00000803,1499.83,NETBANKING,RETAIL,10.4_FRAUDULENT_TRANSACTION,1,0,330,0,0,0
pay_00000804,927.81,WALLET,ELECTRONICS,13.1_MERCHANDISE_NOT_RECEIVED,1,1,54,0,0,0
pay_00000805,2100.24,UPI,ELECTRONICS,10.4_FRAUDULENT_TRANSACTION,1,2,813,0,1,0
pay_00000806,4185.52,UPI,TRAVEL,13.1_MERCHANDISE_NOT_RECEIVED,1,0,771,0,0,0
pay_00000807,3996.81,UPI,GAMING,10.4_FRAUDULENT_TRANSACTION,0,0,76,0,0,0
pay_00000808,999.05,DEBIT_CARD,ELECTRONICS,10.4_FRAUDULENT_TRANSACTION,1,0,292,0,0,0
pay_00000809,280.27,CREDIT_CARD,RETAIL,13.1_MERCHANDISE_NOT_RECEIVED,1,1,651,0,0,0
pay_00000810,6383.76,CREDIT_CARD,DIGITAL_SERVICES,10.4_FRAUDULENT_TRANSACTION,0,2,457,0,0,0
pay_00000811,2838.58,DEBIT_CARD,ELECTRONICS,10.4_FRAUDULENT_TRANSACTION,1,0,390,0,0,0
pay_00000812,299.72,UPI,ELECTRONICS,13.1_MERCHANDISE_NOT_RECEIVED,1,0,972,0,0,0
pay_00000813,3904.46,DEBIT_CARD,DIGITAL_SERVICES,10.5_VISA_EASY_PAYMENT,1,1,750,1,0,0
pay_00000814,3159.14,DEBIT_CARD,TRAVEL,10.4_FRAUDULENT_TRANSACTION,1,0,629,0,0,0
pay_00000815,1197.33,CREDIT_CARD,GAMING,10.4_FRAUDULENT_TRANSACTION,1,1,41,0,0,0
pay_00000816,1442.07,NETBANKING,TRAVEL,10.4_FRAUDULENT_TRANSACTION,1,0,840,0,0,0
pay_00000817,863.75,DEBIT_CARD,RETAIL,13.3_NOT_AS_DESCRIBED,0,0,937,0,0,0
pay_00000818,184.48,UPI,ELECTRONICS,10.5_VISA_EASY_PAYMENT,1,1,717,1,0,0
pay_00000819,712.4,UPI,TRAVEL,10.5_VISA_EASY_PAYMENT,1,0,446,0,0,0
pay_00000820,2535.71,UPI,GAMING,10.4_FRAUDULENT_TRANSACTION,0,0,107,0,0,0
pay_00000821,106.96,UPI,RETAIL,10.4_FRAUDULENT_TRANSACTION,1,1,393,0,0,0
pay_00000822,708.57,WALLET,TRAVEL,10.4_FRAUDULENT_TRANSACTION,1,0,340,0,0,0
pay_00000823,861.67,UPI,ELECTRONICS,10.4_FRAUDULENT_TRANSACTION,1,1,104,0,0,0
pay_00000824,1256.32,CREDIT_CARD,GAMING,13.1_MERCHANDISE_NOT_RECEIVED,1,1,650,0,0,0
pay_00000825,3885.89,CREDIT_CARD,ELECTRONICS,10.4_FRAUDULENT_TRANSACTION,1,0,41,0,0,0
pay_00000826,737.77,UPI,ELECTRONICS,13.1_MERCHANDISE_NOT_RECEIVED,1,0,923,0,0,0
pay_00000827,739.16,NETBANKING,RETAIL,10.5_VISA_EASY_PAYMENT,1,1,693,0,0,0
pay_00000828,2106.26,NETBANKING,GAMING,10.4_FRAUDULENT_TRANSACTION,1,0,4,0,0,0
pay_00000829,1002.82,CREDIT_CARD,DIGITAL_SERVICES,13.1_MERCHANDISE_NOT_RECEIVED,1,2,10,2,0,1
pay_00000830,481.57,UPI,ELECTRONICS,10.4_FRAUDULENT_TRANSACTION,1,0,561,0,0,0
pay_00000831,1003.42,UPI,GAMING,10.4_FRAUDULENT_TRANSACTION,1,0,915,0,0,0
pay_00000832,327.73,UPI,ELECTRONICS,10.4_FRAUDULENT_TRANSACTION,1,1,74,0,0,0
pay_00000833,391.08,UPI,TRAVEL,10.4_FRAUDULENT_TRANSACTION,1,1,946,0,0,0
pay_00000834,1134.83,CREDIT_CARD,TRAVEL,10.4_FRAUDULENT_TRANSACTION,1,0,48,0,0,0
pay_00000835,914.31,WALLET,GAMING,13.1_MERCHANDISE_NOT_RECEIVED,1,1,124,0,0,0
pay_00000836,3794.94,CREDIT_CARD,RETAIL,13.3_NOT_AS_DESCRIBED,1,1,151,0,0,0
pay_00000837,775.05,NETBANKING,DIGITAL_SERVICES,10.4_FRAUDULENT_TRANSACTION,1,0,612,0,1,0
pay_00000838,1403.35,CREDIT_CARD,TRAVEL,13.3_NOT_AS_DESCRIBED,1,2,489,0,0,0
pay_00000839,1600.59,UPI,RETAIL,13.3_NOT_AS_DESCRIBED,1,0,393,0,0,0
pay_00000840,119.77,NETBANKING,DIGITAL_SERVICES,13.1_MERCHANDISE_NOT_RECEIVED,0,1,450,0,0,1
pay_00000841,1733.9,UPI,TRAVEL,10.4_FRAUDULENT_TRANSACTION,1,0,787,0,0,0
pay_00000842,394.09,NETBANKING,DIGITAL_SERVICES,10.4_FRAUDULENT_TRANSACTION,1,1,712,0,0,0
pay_00000843,4969.0,UPI,ELECTRONICS,13.1_MERCHANDISE_NOT_RECEIVED,1,1,730,0,0,0
pay_00000844,341.42,UPI,GAMING,13.3_NOT_AS_DESCRIBED,1,0,638,0,0,0
pay_00000845,903.25,NETBANKING,TRAVEL,10.4_FRAUDULENT_TRANSACTION,1,1,691,0,0,0
pay_00000846,233.82,CREDIT_CARD,TRAVEL,13.1_MERCHANDISE_NOT_RECEIVED,1,1,228,0,0,0
pay_00000847,8752.12,NETBANKING,ELECTRONICS,10.4_FRAUDULENT_TRANSACTION,1,2,267,0,0,0
pay_00000848,1146.32,NETBANKING,TRAVEL,13.1_MERCHANDISE_NOT_RECEIVED,1,1,259,0,0,0
pay_00000849,1457.23,UPI,TRAVEL,10.4_FRAUDULENT_TRANSACTION,0,1,764,0,0,0
pay_00000850,204.15,CREDIT_CARD,TRAVEL,13.1_MERCHANDISE_NOT_RECEIVED,1,1,445,3,1,1
pay_00000851,2179.2,UPI,TRAVEL,13.1_MERCHANDISE_NOT_RECEIVED,1,1,478,0,0,0
pay_00000852,453.4,CREDIT_CARD,TRAVEL,10.4_FRAUDULENT_TRANSACTION,1,0,722,0,0,0
pay_00000853,3524.97,DEBIT_CARD,RETAIL,10.4_FRAUDULENT_TRANSACTION,1,0,145,0,0,0
pay_00000854,444.38,UPI,TRAVEL,10.5_VISA_EASY_PAYMENT,1,0,883,0,0,0
pay_00000855,417.36,CREDIT_CARD,ELECTRONICS,13.1_MERCHANDISE_NOT_RECEIVED,1,0,585,0,0,0
pay_00000856,155.85,DEBIT_CARD,TRAVEL,13.1_MERCHANDISE_NOT_RECEIVED,1,0,30,0,0,0
pay_00000857,1058.18,UPI,DIGITAL_SERVICES,13.1_MERCHANDISE_NOT_RECEIVED,1,1,592,0,0,0
pay_00000858,1348.07,DEBIT_CARD,DIGITAL_SERVICES,13.3_NOT_AS_DESCRIBED,1,0,8,0,0,0
pay_00000859,201.95,CREDIT_CARD,ELECTRONICS,10.4_FRAUDULENT_TRANSACTION,1,1,169,0,0,1
pay_00000860,2341.0,NETBANKING,RETAIL,13.3_NOT_AS_DESCRIBED,0,0,922,1,0,0
pay_00000861,1005.75,UPI,ELECTRONICS,10.4_FRAUDULENT_TRANSACTION,1,1,5,0,0,0
pay_00000862,1214.74,UPI,RETAIL,10.4_FRAUDULENT_TRANSACTION,1,0,325,0,0,0
pay_00000863,971.77,CREDIT_CARD,GAMING,13.1_MERCHANDISE_NOT_RECEIVED,1,0,750,2,1,0
pay_00000864,868.15,UPI,DIGITAL_SERVICES,10.5_VISA_EASY_PAYMENT,0,0,152,0,0,0
pay_00000865,1330.25,WALLET,DIGITAL_SERVICES,10.4_FRAUDULENT_TRANSACTION,1,0,334,0,0,0
pay_00000866,353.05,UPI,DIGITAL_SERVICES,10.4_FRAUDULENT_TRANSACTION,1,0,381,0,0,0
pay_00000867,401.21,DEBIT_CARD,RETAIL,13.1_MERCHANDISE_NOT_RECEIVED,1,1,581,0,0,0
pay_00000868,3068.42,CREDIT_CARD,ELECTRONICS,10.4_FRAUDULENT_TRANSACTION,0,0,420,0,0,1
pay_00000869,4481.37,UPI,RETAIL,10.5_VISA_EASY_PAYMENT,1,0,985,0,1,0
pay_00000870,800.95,UPI,DIGITAL_SERVICES,13.1_MERCHANDISE_NOT_RECEIVED,1,0,913,0,0,0
pay_00000871,573.6,CREDIT_CARD,DIGITAL_SERVICES,13.3_NOT_AS_DESCRIBED,1,0,768,0,0,0
pay_00000872,1649.23,CREDIT_CARD,DIGITAL_SERVICES,10.4_FRAUDULENT_TRANSACTION,1,1,454,1,0,1
pay_00000873,888.23,UPI,DIGITAL_SERVICES,10.4_FRAUDULENT_TRANSACTION,1,1,327,2,0,0
pay_00000874,138.57,NETBANKING,GAMING,13.1_MERCHANDISE_NOT_RECEIVED,1,2,430,3,0,0
pay_00000875,354.68,UPI,DIGITAL_SERVICES,10.4_FRAUDULENT_TRANSACTION,1,0,591,0,0,0
pay_00000876,1988.02,UPI,RETAIL,13.1_MERCHANDISE_NOT_RECEIVED,1,0,582,0,0,0
pay_00000877,1713.47,CREDIT_CARD,DIGITAL_SERVICES,10.4_FRAUDULENT_TRANSACTION,0,0,288,0,0,0
pay_00000878,141.2,UPI,TRAVEL,10.4_FRAUDULENT_TRANSACTION,1,0,60,0,0,0
pay_00000879,476.49,NETBANKING,GAMING,13.3_NOT_AS_DESCRIBED,1,0,128,0,0,0
pay_00000880,494.14,UPI,DIGITAL_SERVICES,13.3_NOT_AS_DESCRIBED,1,1,383,0,0,0
pay_00000881,1771.62,UPI,TRAVEL,10.4_FRAUDULENT_TRANSACTION,1,0,170,0,0,0
pay_00000882,129.86,UPI,RETAIL,13.3_NOT_AS_DESCRIBED,1,1,552,1,0,0
pay_00000883,264.9,CREDIT_CARD,GAMING,13.1_MERCHANDISE_NOT_RECEIVED,0,1,27,0,0,0
pay_00000884,2513.53,CREDIT_CARD,DIGITAL_SERVICES,13.1_MERCHANDISE_NOT_RECEIVED,1,0,616,0,0,0
pay_00000885,395.02,CREDIT_CARD,RETAIL,10.4_FRAUDULENT_TRANSACTION,1,0,5,1,0,0
pay_00000886,1686.55,UPI,TRAVEL,10.4_FRAUDULENT_TRANSACTION,1,0,445,0,0,0
pay_00000887,508.07,UPI,GAMING,13.3_NOT_AS_DESCRIBED,0,0,508,0,0,1
pay_00000888,257.11,DEBIT_CARD,DIGITAL_SERVICES,10.4_FRAUDULENT_TRANSACTION,0,0,639,0,0,0
pay_00000889,517.93,UPI,RETAIL,10.4_FRAUDULENT_TRANSACTION,0,0,957,0,0,0
pay_00000890,2021.64,NETBANKING,GAMING,10.4_FRAUDULENT_TRANSACTION,1,0,976,0,0,0
pay_00000891,3003.75,UPI,TRAVEL,10.4_FRAUDULENT_TRANSACTION,1,0,308,0,1,0
pay_00000892,2759.88,DEBIT_CARD,DIGITAL_SERVICES,13.1_MERCHANDISE_NOT_RECEIVED,1,1,75,1,0,0
pay_00000893,859.21,UPI,GAMING,10.4_FRAUDULENT_TRANSACTION,1,1,743,2,0,0
pay_00000894,1754.32,CREDIT_CARD,TRAVEL,10.4_FRAUDULENT_TRANSACTION,1,1,345,0,0,0
pay_00000895,444.09,UPI,TRAVEL,13.3_NOT_AS_DESCRIBED,1,0,384,0,0,0
pay_00000896,620.4,UPI,RETAIL,13.1_MERCHANDISE_NOT_RECEIVED,1,1,253,0,0,0
pay_00000897,3499.9,UPI,TRAVEL,10.4_FRAUDULENT_TRANSACTION,1,0,834,1,0,0
pay_00000898,119.63,UPI,TRAVEL,13.1_MERCHANDISE_NOT_RECEIVED,1,0,988,0,0,1
pay_00000899,234.08,UPI,ELECTRONICS,10.4_FRAUDULENT_TRANSACTION,0,1,647,0,0,1
pay_00000900,449.58,CREDIT_CARD,TRAVEL,10.4_FRAUDULENT_TRANSACTION,1,0,934,0,0,0
pay_00000901,140.34,CREDIT_CARD,DIGITAL_SERVICES,13.1_MERCHANDISE_NOT_RECEIVED,0,1,179,0,0,0
pay_00000902,400.3,DEBIT_CARD,GAMING,13.1_MERCHANDISE_NOT_RECEIVED,1,0,383,0,0,0
pay_00000903,1412.15,CREDIT_CARD,DIGITAL_SERVICES,13.3_NOT_AS_DESCRIBED,1,0,626,0,1,0
pay_00000904,920.78,CREDIT_CARD,DIGITAL_SERVICES,13.3_NOT_AS_DESCRIBED,0,0,257,0,0,0
pay_00000905,3447.79,UPI,RETAIL,10.5_VISA_EASY_PAYMENT,1,0,466,0,0,0
pay_00000906,2651.04,UPI,ELECTRONICS,10.5_VISA_EASY_PAYMENT,1,1,844,0,0,0
pay_00000907,727.41,UPI,ELECTRONICS,13.1_MERCHANDISE_NOT_RECEIVED,1,0,757,0,0,0
pay_00000908,550.49,DEBIT_CARD,DIGITAL_SERVICES,13.3_NOT_AS_DESCRIBED,1,0,689,0,0,0
pay_00000909,816.31,UPI,GAMING,13.1_MERCHANDISE_NOT_RECEIVED,1,0,456,0,0,0
pay_00000910,1438.48,UPI,ELECTRONICS,10.4_FRAUDULENT_TRANSACTION,1,0,532,0,0,0
pay_00000911,568.09,CREDIT_CARD,ELECTRONICS,10.4_FRAUDULENT_TRANSACTION,0,0,355,0,0,0
pay_00000912,1567.84,UPI,DIGITAL_SERVICES,10.4_FRAUDULENT_TRANSACTION,0,0,554,0,0,0
pay_00000913,889.95,NETBANKING,ELECTRONICS,10.5_VISA_EASY_PAYMENT,1,0,144,0,0,0
pay_00000914,1304.6,NETBANKING,RETAIL,13.1_MERCHANDISE_NOT_RECEIVED,1,1,754,0,0,0
pay_00000915,959.39,UPI,DIGITAL_SERVICES,13.3_NOT_AS_DESCRIBED,0,0,545,0,0,0
pay_00000916,623.2,UPI,ELECTRONICS,10.4_FRAUDULENT_TRANSACTION,1,0,601,0,0,0
pay_00000917,4547.9,UPI,ELECTRONICS,10.4_FRAUDULENT_TRANSACTION,1,0,595,0,0,0
pay_00000918,2263.38,CREDIT_CARD,ELECTRONICS,10.4_FRAUDULENT_TRANSACTION,1,1,483,0,0,0
pay_00000919,326.43,UPI,DIGITAL_SERVICES,13.3_NOT_AS_DESCRIBED,1,0,784,0,0,0
pay_00000920,3142.76,DEBIT_CARD,GAMING,13.3_NOT_AS_DESCRIBED,1,0,912,0,0,0
pay_00000921,1102.48,CREDIT_CARD,TRAVEL,13.3_NOT_AS_DESCRIBED,1,0,688,0,0,0
pay_00000922,3474.31,UPI,ELECTRONICS,10.4_FRAUDULENT_TRANSACTION,1,0,601,0,0,0
pay_00000923,2513.07,UPI,TRAVEL,10.4_FRAUDULENT_TRANSACTION,1,0,992,0,0,0
pay_00000924,930.63,DEBIT_CARD,TRAVEL,10.4_FRAUDULENT_TRANSACTION,1,1,311,0,0,0
pay_00000925,134.09,UPI,ELECTRONICS,10.4_FRAUDULENT_TRANSACTION,1,0,748,0,0,0
pay_00000926,569.35,DEBIT_CARD,ELECTRONICS,13.3_NOT_AS_DESCRIBED,1,1,668,0,0,0
pay_00000927,1270.13,UPI,TRAVEL,10.4_FRAUDULENT_TRANSACTION,1,1,713,0,0,0
pay_00000928,1605.55,CREDIT_CARD,GAMING,13.1_MERCHANDISE_NOT_RECEIVED,1,2,722,1,0,0
pay_00000929,547.38,NETBANKING,TRAVEL,13.1_MERCHANDISE_NOT_RECEIVED,1,2,663,1,0,0
pay_00000930,325.11,NETBANKING,GAMING,10.4_FRAUDULENT_TRANSACTION,1,1,798,0,0,0
pay_00000931,2802.08,UPI,RETAIL,10.4_FRAUDULENT_TRANSACTION,1,0,445,0,0,0
pay_00000932,6340.94,UPI,GAMING,10.5_VISA_EASY_PAYMENT,1,2,96,2,0,0
pay_00000933,1218.84,DEBIT_CARD,DIGITAL_SERVICES,10.4_FRAUDULENT_TRANSACTION,1,0,344,0,0,0
pay_00000934,382.53,UPI,ELECTRONICS,13.1_MERCHANDISE_NOT_RECEIVED,1,0,715,0,1,0
pay_00000935,576.81,UPI,RETAIL,10.4_FRAUDULENT_TRANSACTION,1,0,244,0,0,0
pay_00000936,127.84,NETBANKING,TRAVEL,13.3_NOT_AS_DESCRIBED,1,0,637,0,0,0
pay_00000937,3785.33,UPI,GAMING,10.4_FRAUDULENT_TRANSACTION,1,0,538,0,0,0
pay_00000938,287.92,UPI,RETAIL,13.1_MERCHANDISE_NOT_RECEIVED,1,1,395,0,0,0
pay_00000939,1388.86,UPI,DIGITAL_SERVICES,13.1_MERCHANDISE_NOT_RECEIVED,1,0,276,0,0,0
pay_00000940,580.42,CREDIT_CARD,GAMING,10.4_FRAUDULENT_TRANSACTION,1,0,812,0,0,0
pay_00000941,1311.75,CREDIT_CARD,TRAVEL,10.4_FRAUDULENT_TRANSACTION,1,1,786,0,0,0
pay_00000942,1680.83,UPI,TRAVEL,10.5_VISA_EASY_PAYMENT,1,0,674,0,1,0
pay_00000943,2755.66,UPI,GAMING,10.4_FRAUDULENT_TRANSACTION,1,0,100,0,0,0
pay_00000944,446.8,UPI,DIGITAL_SERVICES,13.1_MERCHANDISE_NOT_RECEIVED,1,1,516,0,0,0
pay_00000945,116.59,CREDIT_CARD,ELECTRONICS,13.1_MERCHANDISE_NOT_RECEIVED,1,1,725,0,1,0
pay_00000946,320.81,UPI,ELECTRONICS,10.4_FRAUDULENT_TRANSACTION,1,0,90,0,0,0
pay_00000947,3554.16,NETBANKING,TRAVEL,10.4_FRAUDULENT_TRANSACTION,0,1,654,2,0,0
pay_00000948,3205.9,UPI,DIGITAL_SERVICES,10.4_FRAUDULENT_TRANSACTION,1,0,858,0,0,0
pay_00000949,1464.77,WALLET,TRAVEL,13.1_MERCHANDISE_NOT_RECEIVED,0,0,397,0,0,0
pay_00000950,1476.38,UPI,ELECTRONICS,13.1_MERCHANDISE_NOT_RECEIVED,1,1,602,0,0,0
pay_00000951,1740.6,DEBIT_CARD,TRAVEL,13.3_NOT_AS_DESCRIBED,1,2,41,0,1,0
pay_00000952,389.23,UPI,GAMING,13.1_MERCHANDISE_NOT_RECEIVED,0,0,975,0,0,0
pay_00000953,3787.31,UPI,GAMING,13.3_NOT_AS_DESCRIBED,1,1,603,3,0,0
pay_00000954,913.91,NETBANKING,DIGITAL_SERVICES,10.4_FRAUDULENT_TRANSACTION,1,0,441,0,0,0
pay_00000955,824.67,NETBANKING,ELECTRONICS,13.1_MERCHANDISE_NOT_RECEIVED,1,0,471,0,0,0
pay_00000956,1197.58,UPI,DIGITAL_SERVICES,10.4_FRAUDULENT_TRANSACTION,1,0,534,0,0,0
pay_00000957,172.16,DEBIT_CARD,DIGITAL_SERVICES,10.4_FRAUDULENT_TRANSACTION,1,1,650,0,0,0
pay_00000958,372.79,CREDIT_CARD,ELECTRONICS,13.1_MERCHANDISE_NOT_RECEIVED,1,0,965,0,0,0
pay_00000959,2109.31,NETBANKING,RETAIL,13.3_NOT_AS_DESCRIBED,0,2,964,0,0,0
pay_00000960,229.64,UPI,RETAIL,10.4_FRAUDULENT_TRANSACTION,1,3,50,0,0,0
pay_00000961,1486.3,CREDIT_CARD,TRAVEL,13.3_NOT_AS_DESCRIBED,1,0,612,2,0,0
pay_00000962,522.25,UPI,RETAIL,10.4_FRAUDULENT_TRANSACTION,0,0,272,0,0,0
pay_00000963,839.71,UPI,GAMING,13.3_NOT_AS_DESCRIBED,1,2,992,0,0,0
pay_00000964,610.98,NETBANKING,DIGITAL_SERVICES,10.4_FRAUDULENT_TRANSACTION,1,0,907,0,0,0
pay_00000965,759.32,UPI,TRAVEL,10.4_FRAUDULENT_TRANSACTION,1,0,871,0,0,0
pay_00000966,2004.35,UPI,DIGITAL_SERVICES,13.3_NOT_AS_DESCRIBED,1,0,993,0,0,0
pay_00000967,628.86,CREDIT_CARD,ELECTRONICS,13.1_MERCHANDISE_NOT_RECEIVED,0,2,483,0,0,1
pay_00000968,1353.47,CREDIT_CARD,RETAIL,13.1_MERCHANDISE_NOT_RECEIVED,1,0,496,0,0,0
pay_00000969,1069.54,UPI,ELECTRONICS,13.1_MERCHANDISE_NOT_RECEIVED,1,1,964,0,0,0
pay_00000970,1734.5,UPI,TRAVEL,10.5_VISA_EASY_PAYMENT,1,1,471,0,0,0
pay_00000971,4242.88,NETBANKING,GAMING,13.1_MERCHANDISE_NOT_RECEIVED,1,0,323,0,0,0
pay_00000972,2078.36,UPI,RETAIL,13.1_MERCHANDISE_NOT_RECEIVED,1,1,788,0,0,0
pay_00000973,462.99,CREDIT_CARD,ELECTRONICS,13.3_NOT_AS_DESCRIBED,1,1,193,3,0,0
pay_00000974,147.52,DEBIT_CARD,RETAIL,13.3_NOT_AS_DESCRIBED,1,0,508,0,0,0
pay_00000975,556.25,UPI,DIGITAL_SERVICES,10.4_FRAUDULENT_TRANSACTION,1,1,289,0,0,0
pay_00000976,1456.09,NETBANKING,GAMING,13.1_MERCHANDISE_NOT_RECEIVED,1,1,138,0,0,0
pay_00000977,179.19,DEBIT_CARD,RETAIL,13.1_MERCHANDISE_NOT_RECEIVED,1,2,451,0,0,0
pay_00000978,1128.86,UPI,GAMING,10.4_FRAUDULENT_TRANSACTION,1,0,311,0,0,0
pay_00000979,1462.64,CREDIT_CARD,DIGITAL_SERVICES,13.1_MERCHANDISE_NOT_RECEIVED,1,0,928,0,1,0
pay_00000980,710.25,CREDIT_CARD,DIGITAL_SERVICES,10.4_FRAUDULENT_TRANSACTION,1,2,557,2,0,1
pay_00000981,2310.47,CREDIT_CARD,ELECTRONICS,10.4_FRAUDULENT_TRANSACTION,1,1,187,0,0,0
pay_00000982,269.08,NETBANKING,TRAVEL,10.5_VISA_EASY_PAYMENT,1,0,870,2,0,0
pay_00000983,217.17,UPI,ELECTRONICS,10.4_FRAUDULENT_TRANSACTION,1,0,287,0,0,0
pay_00000984,2053.97,UPI,GAMING,13.1_MERCHANDISE_NOT_RECEIVED,1,0,469,0,0,0
pay_00000985,1126.26,UPI,ELECTRONICS,10.4_FRAUDULENT_TRANSACTION,1,0,472,0,0,0
pay_00000986,1849.06,UPI,RETAIL,13.1_MERCHANDISE_NOT_RECEIVED,1,0,635,0,0,0
pay_00000987,955.94,UPI,ELECTRONICS,10.4_FRAUDULENT_TRANSACTION,1,1,88,0,0,0
pay_00000988,524.34,NETBANKING,TRAVEL,10.4_FRAUDULENT_TRANSACTION,1,0,436,0,0,0
pay_00000989,2664.74,CREDIT_CARD,TRAVEL,13.3_NOT_AS_DESCRIBED,0,1,138,0,0,0
pay_00000990,2509.78,CREDIT_CARD,GAMING,10.4_FRAUDULENT_TRANSACTION,1,0,774,0,0,0
pay_00000991,1879.67,CREDIT_CARD,DIGITAL_SERVICES,10.4_FRAUDULENT_TRANSACTION,1,1,732,0,0,0
pay_00000992,576.48,DEBIT_CARD,TRAVEL,10.4_FRAUDULENT_TRANSACTION,1,1,641,0,0,0
pay_00000993,1438.24,UPI,GAMING,10.4_FRAUDULENT_TRANSACTION,1,1,762,0,0,0
pay_00000994,771.71,NETBANKING,TRAVEL,10.4_FRAUDULENT_TRANSACTION,0,0,879,0,0,1
pay_00000995,244.08,UPI,TRAVEL,10.4_FRAUDULENT_TRANSACTION,0,1,942,2,0,0
pay_00000996,3839.05,NETBANKING,DIGITAL_SERVICES,13.1_MERCHANDISE_NOT_RECEIVED,1,0,364,0,0,0
pay_00000997,320.7,CREDIT_CARD,RETAIL,13.3_NOT_AS_DESCRIBED,1,1,842,0,0,0
pay_00000998,4600.74,UPI,GAMING,13.1_MERCHANDISE_NOT_RECEIVED,1,0,873,0,0,0
pay_00000999,985.9,CREDIT_CARD,TRAVEL,13.1_MERCHANDISE_NOT_RECEIVED,1,1,926,0,0,0
pay_00001000,407.1,CREDIT_CARD,TRAVEL,10.4_FRAUDULENT_TRANSACTION,1,0,117,0,1,0
pay_00001001,1271.0,UPI,ELECTRONICS,13.3_NOT_AS_DESCRIBED,0,0,847,0,0,1
pay_00001002,3194.71,CREDIT_CARD,RETAIL,10.4_FRAUDULENT_TRANSACTION,1,0,462,0,0,0
pay_00001003,2076.41,UPI,DIGITAL_SERVICES,10.5_VISA_EASY_PAYMENT,0,0,959,1,0,0
pay_00001004,2564.19,UPI,GAMING,10.4_FRAUDULENT_TRANSACTION,1,1,856,0,0,0
pay_00001005,1712.86,NETBANKING,TRAVEL,10.5_VISA_EASY_PAYMENT,1,2,63,0,0,0
pay_00001006,1867.83,CREDIT_CARD,GAMING,13.1_MERCHANDISE_NOT_RECEIVED,1,0,74,0,0,1
pay_00001007,2937.66,NETBANKING,DIGITAL_SERVICES,10.4_FRAUDULENT_TRANSACTION,1,0,474,1,1,0
pay_00001008,530.86,CREDIT_CARD,RETAIL,10.5_VISA_EASY_PAYMENT,1,1,897,0,0,0
pay_00001009,1108.33,UPI,ELECTRONICS,10.4_FRAUDULENT_TRANSACTION,1,0,382,2,0,0
pay_00001010,475.02,CREDIT_CARD,RETAIL,13.1_MERCHANDISE_NOT_RECEIVED,1,2,20,0,0,0
pay_00001011,6693.34,CREDIT_CARD,ELECTRONICS,13.3_NOT_AS_DESCRIBED,1,0,29,0,0,0
pay_00001012,4425.2,WALLET,GAMING,10.4_FRAUDULENT_TRANSACTION,1,0,162,0,0,0
pay_00001013,160.34,UPI,RETAIL,10.4_FRAUDULENT_TRANSACTION,1,1,706,0,0,0
pay_00001014,1934.1,NETBANKING,RETAIL,13.1_MERCHANDISE_NOT_RECEIVED,1,1,706,0,0,0
pay_00001015,3990.38,NETBANKING,RETAIL,13.1_MERCHANDISE_NOT_RECEIVED,1,0,642,0,1,0
pay_00001016,398.73,CREDIT_CARD,DIGITAL_SERVICES,13.3_NOT_AS_DESCRIBED,1,0,968,2,0,0
pay_00001017,1358.8,NETBANKING,GAMING,13.3_NOT_AS_DESCRIBED,1,0,822,0,0,0
pay_00001018,3806.3,UPI,ELECTRONICS,10.4_FRAUDULENT_TRANSACTION,0,0,857,0,0,0
pay_00001019,151.8,WALLET,RETAIL,13.3_NOT_AS_DESCRIBED,1,0,274,0,0,0
pay_00001020,1893.12,DEBIT_CARD,GAMING,10.5_VISA_EASY_PAYMENT,0,1,749,0,0,0
pay_00001021,629.34,UPI,DIGITAL_SERVICES,10.4_FRAUDULENT_TRANSACTION,1,0,721,1,0,1
pay_00001022,3973.37,NETBANKING,DIGITAL_SERVICES,10.4_FRAUDULENT_TRANSACTION,1,0,286,0,0,0
pay_00001023,5413.7,UPI,GAMING,10.4_FRAUDULENT_TRANSACTION,1,0,264,0,0,0
pay_00001024,4430.76,UPI,ELECTRONICS,13.3_NOT_AS_DESCRIBED,1,2,682,0,0,0
pay_00001025,1064.29,CREDIT_CARD,GAMING,10.4_FRAUDULENT_TRANSACTION,0,0,750,0,0,0
pay_00001026,3071.22,UPI,GAMING,13.3_NOT_AS_DESCRIBED,1,0,669,0,1,0
pay_00001027,2892.14,UPI,TRAVEL,10.5_VISA_EASY_PAYMENT,1,0,51,0,0,0
pay_00001028,676.51,DEBIT_CARD,DIGITAL_SERVICES,10.4_FRAUDULENT_TRANSACTION,1,0,851,0,0,0
pay_00001029,2748.4,UPI,ELECTRONICS,10.4_FRAUDULENT_TRANSACTION,1,0,120,0,0,0
pay_00001030,156.56,UPI,TRAVEL,10.4_FRAUDULENT_TRANSACTION,1,0,869,0,0,0
pay_00001031,1460.51,UPI,GAMING,10.4_FRAUDULENT_TRANSACTION,1,0,408,0,0,0
pay_00001032,492.06,UPI,DIGITAL_SERVICES,10.4_FRAUDULENT_TRANSACTION,1,0,466,0,0,1
pay_00001033,292.72,DEBIT_CARD,TRAVEL,13.1_MERCHANDISE_NOT_RECEIVED,1,0,650,0,0,0
pay_00001034,220.11,DEBIT_CARD,TRAVEL,13.1_MERCHANDISE_NOT_RECEIVED,1,1,656,0,0,0
pay_00001035,1887.52,NETBANKING,ELECTRONICS,10.5_VISA_EASY_PAYMENT,1,0,633,0,0,0
pay_00001036,722.99,CREDIT_CARD,GAMING,10.4_FRAUDULENT_TRANSACTION,1,1,562,0,0,0
pay_00001037,2035.2,UPI,ELECTRONICS,13.1_MERCHANDISE_NOT_RECEIVED,1,0,553,1,0,1
pay_00001038,201.38,NETBANKING,TRAVEL,13.3_NOT_AS_DESCRIBED,1,0,746,0,0,0
pay_00001039,668.14,DEBIT_CARD,TRAVEL,10.4_FRAUDULENT_TRANSACTION,1,2,566,0,1,0
pay_00001040,1263.14,CREDIT_CARD,ELECTRONICS,10.4_FRAUDULENT_TRANSACTION,1,0,812,1,0,1
pay_00001041,2446.15,CREDIT_CARD,TRAVEL,13.1_MERCHANDISE_NOT_RECEIVED,1,0,316,0,0,0
pay_00001042,675.74,NETBANKING,RETAIL,13.3_NOT_AS_DESCRIBED,0,0,325,0,0,1
pay_00001043,1574.81,DEBIT_CARD,DIGITAL_SERVICES,10.4_FRAUDULENT_TRANSACTION,1,0,847,1,0,0
pay_00001044,3357.04,UPI,GAMING,13.1_MERCHANDISE_NOT_RECEIVED,1,0,23,0,0,0
pay_00001045,1535.13,DEBIT_CARD,DIGITAL_SERVICES,10.5_VISA_EASY_PAYMENT,1,3,223,0,0,0
pay_00001046,497.82,UPI,GAMING,10.4_FRAUDULENT_TRANSACTION,1,1,606,0,0,0
pay_00001047,137.06,UPI,TRAVEL,10.4_FRAUDULENT_TRANSACTION,1,1,839,0,0,0
pay_00001048,3161.47,UPI,ELECTRONICS,13.1_MERCHANDISE_NOT_RECEIVED,1,0,788,0,0,0
pay_00001049,132.25,UPI,ELECTRONICS,10.4_FRAUDULENT_TRANSACTION,1,0,39,0,0,1
pay_00001050,3215.59,UPI,TRAVEL,13.1_MERCHANDISE_NOT_RECEIVED,1,0,771,0,0,0
pay_00001051,1229.15,UPI,GAMING,10.4_FRAUDULENT_TRANSACTION,1,0,771,0,0,0
pay_00001052,4296.99,CREDIT_CARD,TRAVEL,13.3_NOT_AS_DESCRIBED,0,0,927,0,0,1
pay_00001053,2505.06,DEBIT_CARD,GAMING,13.3_NOT_AS_DESCRIBED,1,0,263,0,0,0
pay_00001054,9373.29,WALLET,TRAVEL,10.4_FRAUDULENT_TRANSACTION,0,0,385,1,0,0
pay_00001055,747.82,UPI,TRAVEL,10.4_FRAUDULENT_TRANSACTION,0,0,696,0,0,0
pay_00001056,2286.29,CREDIT_CARD,TRAVEL,13.3_NOT_AS_DESCRIBED,1,0,411,0,0,0
pay_00001057,871.07,NETBANKING,ELECTRONICS,10.4_FRAUDULENT_TRANSACTION,1,0,705,0,1,0
pay_00001058,1080.53,UPI,GAMING,13.1_MERCHANDISE_NOT_RECEIVED,1,0,582,0,1,0
pay_00001059,1581.3,DEBIT_CARD,TRAVEL,10.4_FRAUDULENT_TRANSACTION,0,2,468,0,0,0
pay_00001060,3203.37,DEBIT_CARD,DIGITAL_SERVICES,10.4_FRAUDULENT_TRANSACTION,1,0,679,0,0,0
pay_00001061,6310.6,UPI,DIGITAL_SERVICES,10.4_FRAUDULENT_TRANSACTION,1,2,108,1,0,0
pay_00001062,2293.3,NETBANKING,ELECTRONICS,10.4_FRAUDULENT_TRANSACTION,1,0,771,0,0,0
pay_00001063,911.33,DEBIT_CARD,RETAIL,10.4_FRAUDULENT_TRANSACTION,0,0,187,0,0,1
pay_00001064,920.6,UPI,ELECTRONICS,13.1_MERCHANDISE_NOT_RECEIVED,1,1,258,0,0,0
pay_00001065,2106.73,UPI,RETAIL,13.1_MERCHANDISE_NOT_RECEIVED,1,0,764,0,0,0
pay_00001066,509.24,UPI,ELECTRONICS,13.1_MERCHANDISE_NOT_RECEIVED,1,0,943,0,1,0
pay_00001067,275.6,UPI,DIGITAL_SERVICES,10.4_FRAUDULENT_TRANSACTION,1,0,352,0,0,0
pay_00001068,756.88,CREDIT_CARD,TRAVEL,10.4_FRAUDULENT_TRANSACTION,1,2,507,1,0,1
pay_00001069,607.91,CREDIT_CARD,GAMING,10.4_FRAUDULENT_TRANSACTION,1,0,276,0,0,1
pay_00001070,627.12,UPI,TRAVEL,10.4_FRAUDULENT_TRANSACTION,1,0,484,0,0,0
pay_00001071,499.09,NETBANKING,DIGITAL_SERVICES,13.1_MERCHANDISE_NOT_RECEIVED,1,1,283,0,0,0
pay_00001072,164.51,UPI,GAMING,13.1_MERCHANDISE_NOT_RECEIVED,1,0,596,0,0,0
pay_00001073,127.05,UPI,RETAIL,10.4_FRAUDULENT_TRANSACTION,1,0,787,0,0,0
pay_00001074,6699.97,UPI,RETAIL,13.1_MERCHANDISE_NOT_RECEIVED,1,1,695,0,0,0
pay_00001075,937.33,CREDIT_CARD,DIGITAL_SERVICES,10.4_FRAUDULENT_TRANSACTION,1,1,319,0,0,0
pay_00001076,827.56,UPI,GAMING,13.3_NOT_AS_DESCRIBED,1,0,725,0,0,0
pay_00001077,1807.5,UPI,TRAVEL,13.3_NOT_AS_DESCRIBED,1,2,555,0,0,0
pay_00001078,469.34,UPI,DIGITAL_SERVICES,10.4_FRAUDULENT_TRANSACTION,0,1,468,1,0,0
pay_00001079,4592.43,DEBIT_CARD,RETAIL,13.1_MERCHANDISE_NOT_RECEIVED,1,1,645,2,0,0
pay_00001080,2415.09,WALLET,DIGITAL_SERVICES,13.1_MERCHANDISE_NOT_RECEIVED,1,1,375,0,0,0
pay_00001081,240.5,UPI,TRAVEL,10.4_FRAUDULENT_TRANSACTION,1,0,916,0,0,0
pay_00001082,910.85,UPI,ELECTRONICS,10.5_VISA_EASY_PAYMENT,1,0,716,0,0,0
pay_00001083,3269.41,CREDIT_CARD,ELECTRONICS,13.1_MERCHANDISE_NOT_RECEIVED,1,1,624,0,1,0
pay_00001084,4443.34,DEBIT_CARD,TRAVEL,13.1_MERCHANDISE_NOT_RECEIVED,1,2,189,0,0,0
pay_00001085,1044.98,UPI,GAMING,13.1_MERCHANDISE_NOT_RECEIVED,1,1,190,0,0,0
pay_00001086,1525.59,NETBANKING,DIGITAL_SERVICES,10.4_FRAUDULENT_TRANSACTION,1,1,74,0,0,0
pay_00001087,374.14,CREDIT_CARD,TRAVEL,10.4_FRAUDULENT_TRANSACTION,1,0,501,0,0,0
pay_00001088,7194.17,UPI,ELECTRONICS,10.4_FRAUDULENT_TRANSACTION,1,0,703,0,0,0
pay_00001089,495.31,CREDIT_CARD,RETAIL,10.4_FRAUDULENT_TRANSACTION,1,2,150,0,0,0
pay_00001090,4390.01,WALLET,TRAVEL,10.5_VISA_EASY_PAYMENT,1,0,806,0,0,0
pay_00001091,1673.22,DEBIT_CARD,TRAVEL,10.4_FRAUDULENT_TRANSACTION,1,0,92,1,0,0
pay_00001092,1503.73,UPI,TRAVEL,13.3_NOT_AS_DESCRIBED,0,0,652,0,0,1
pay_00001093,1178.28,UPI,ELECTRONICS,13.3_NOT_AS_DESCRIBED,0,0,615,0,0,1
pay_00001094,493.35,UPI,ELECTRONICS,13.3_NOT_AS_DESCRIBED,1,1,714,1,0,0
pay_00001095,391.34,UPI,TRAVEL,10.4_FRAUDULENT_TRANSACTION,0,1,240,0,0,1
pay_00001096,473.63,DEBIT_CARD,TRAVEL,10.4_FRAUDULENT_TRANSACTION,0,1,61,0,0,0
pay_00001097,409.5,DEBIT_CARD,GAMING,10.4_FRAUDULENT_TRANSACTION,0,0,611,1,1,0
pay_00001098,2368.36,DEBIT_CARD,RETAIL,10.5_VISA_EASY_PAYMENT,1,0,816,0,0,0
pay_00001099,746.46,WALLET,DIGITAL_SERVICES,13.3_NOT_AS_DESCRIBED,0,0,236,2,0,0
pay_00001100,189.37,UPI,DIGITAL_SERVICES,10.4_FRAUDULENT_TRANSACTION,1,2,232,0,0,0
pay_00001101,5315.63,NETBANKING,DIGITAL_SERVICES,10.4_FRAUDULENT_TRANSACTION,0,0,229,0,1,1
pay_00001102,3328.48,DEBIT_CARD,ELECTRONICS,13.1_MERCHANDISE_NOT_RECEIVED,1,0,913,0,0,0
pay_00001103,4041.48,UPI,ELECTRONICS,10.4_FRAUDULENT_TRANSACTION,0,1,756,0,0,0
pay_00001104,8020.07,DEBIT_CARD,GAMING,13.3_NOT_AS_DESCRIBED,1,0,731,0,0,0
pay_00001105,386.55,UPI,ELECTRONICS,13.3_NOT_AS_DESCRIBED,1,1,308,0,0,0
pay_00001106,856.87,DEBIT_CARD,TRAVEL,13.1_MERCHANDISE_NOT_RECEIVED,0,1,558,0,0,0
pay_00001107,2229.71,CREDIT_CARD,RETAIL,13.1_MERCHANDISE_NOT_RECEIVED,1,1,56,0,0,1
pay_00001108,1886.19,UPI,RETAIL,13.1_MERCHANDISE_NOT_RECEIVED,1,0,285,0,0,0
pay_00001109,350.67,CREDIT_CARD,RETAIL,10.4_FRAUDULENT_TRANSACTION,1,0,218,0,0,0
pay_00001110,2637.87,CREDIT_CARD,RETAIL,13.3_NOT_AS_DESCRIBED,0,1,329,0,0,1
pay_00001111,481.26,UPI,DIGITAL_SERVICES,13.3_NOT_AS_DESCRIBED,0,1,179,0,0,0
pay_00001112,480.05,UPI,DIGITAL_SERVICES,10.4_FRAUDULENT_TRANSACTION,1,1,127,2,1,0
pay_00001113,1254.96,UPI,TRAVEL,10.4_FRAUDULENT_TRANSACTION,0,0,972,0,0,0
pay_00001114,1448.19,CREDIT_CARD,GAMING,10.4_FRAUDULENT_TRANSACTION,1,0,235,1,0,0
pay_00001115,1401.56,NETBANKING,ELECTRONICS,13.3_NOT_AS_DESCRIBED,1,0,922,0,0,0
pay_00001116,243.92,NETBANKING,ELECTRONICS,10.4_FRAUDULENT_TRANSACTION,1,0,225,1,0,0
pay_00001117,3248.99,CREDIT_CARD,DIGITAL_SERVICES,13.1_MERCHANDISE_NOT_RECEIVED,1,1,736,1,0,0
pay_00001118,563.05,DEBIT_CARD,RETAIL,10.4_FRAUDULENT_TRANSACTION,1,0,331,0,0,0
pay_00001119,308.06,UPI,TRAVEL,13.3_NOT_AS_DESCRIBED,1,2,29,0,0,0
pay_00001120,3393.94,DEBIT_CARD,GAMING,13.1_MERCHANDISE_NOT_RECEIVED,1,0,187,0,0,0
pay_00001121,4773.51,UPI,DIGITAL_SERVICES,10.4_FRAUDULENT_TRANSACTION,1,0,776,1,0,0
pay_00001122,3072.14,UPI,TRAVEL,10.4_FRAUDULENT_TRANSACTION,1,0,793,0,0,0
pay_00001123,2587.28,CREDIT_CARD,TRAVEL,10.4_FRAUDULENT_TRANSACTION,0,2,724,0,0,1
pay_00001124,1697.37,UPI,DIGITAL_SERVICES,13.3_NOT_AS_DESCRIBED,1,0,149,0,1,0
pay_00001125,1300.62,DEBIT_CARD,TRAVEL,13.1_MERCHANDISE_NOT_RECEIVED,1,1,4,0,0,0
pay_00001126,236.51,DEBIT_CARD,RETAIL,10.4_FRAUDULENT_TRANSACTION,1,2,292,0,0,0
pay_00001127,887.52,UPI,TRAVEL,10.4_FRAUDULENT_TRANSACTION,0,0,683,0,1,1
pay_00001128,799.47,UPI,GAMING,10.4_FRAUDULENT_TRANSACTION,1,0,733,0,0,0
pay_00001129,551.16,NETBANKING,TRAVEL,13.3_NOT_AS_DESCRIBED,1,0,83,1,0,0
pay_00001130,2027.88,DEBIT_CARD,ELECTRONICS,10.4_FRAUDULENT_TRANSACTION,1,0,154,0,0,0
pay_00001131,1127.4,UPI,TRAVEL,13.3_NOT_AS_DESCRIBED,0,0,804,2,1,0
pay_00001132,226.78,UPI,DIGITAL_SERVICES,13.1_MERCHANDISE_NOT_RECEIVED,0,0,985,0,0,0
pay_00001133,473.04,CREDIT_CARD,ELECTRONICS,13.1_MERCHANDISE_NOT_RECEIVED,0,1,919,0,0,0
pay_00001134,1824.51,CREDIT_CARD,DIGITAL_SERVICES,10.4_FRAUDULENT_TRANSACTION,1,1,998,0,0,0
pay_00001135,218.78,UPI,GAMING,10.4_FRAUDULENT_TRANSACTION,1,1,476,0,0,0
pay_00001136,2957.8,UPI,RETAIL,13.1_MERCHANDISE_NOT_RECEIVED,0,0,681,0,0,1
pay_00001137,1125.23,NETBANKING,GAMING,10.4_FRAUDULENT_TRANSACTION,1,0,331,0,0,0
pay_00001138,1082.58,CREDIT_CARD,ELECTRONICS,10.4_FRAUDULENT_TRANSACTION,1,0,349,0,0,0
pay_00001139,1446.23,WALLET,RETAIL,13.3_NOT_AS_DESCRIBED,1,0,940,2,0,0
pay_00001140,2711.72,DEBIT_CARD,TRAVEL,10.4_FRAUDULENT_TRANSACTION,1,1,306,0,0,0
pay_00001141,741.13,NETBANKING,ELECTRONICS,10.4_FRAUDULENT_TRANSACTION,1,2,468,2,0,1
pay_00001142,1799.88,UPI,RETAIL,13.3_NOT_AS_DESCRIBED,1,1,777,0,0,0
pay_00001143,1351.14,DEBIT_CARD,DIGITAL_SERVICES,10.5_VISA_EASY_PAYMENT,1,0,728,0,0,0
pay_00001144,565.97,UPI,RETAIL,10.4_FRAUDULENT_TRANSACTION,1,0,687,0,0,0
pay_00001145,3263.37,CREDIT_CARD,DIGITAL_SERVICES,13.3_NOT_AS_DESCRIBED,1,0,113,0,0,0
pay_00001146,2494.98,UPI,DIGITAL_SERVICES,13.1_MERCHANDISE_NOT_RECEIVED,1,1,169,0,0,0
pay_00001147,1711.4,UPI,RETAIL,10.5_VISA_EASY_PAYMENT,0,0,269,1,0,1
pay_00001148,2951.51,NETBANKING,GAMING,10.4_FRAUDULENT_TRANSACTION,1,0,698,0,0,0
pay_00001149,3129.43,NETBANKING,GAMING,10.5_VISA_EASY_PAYMENT,1,0,962,0,0,0
pay_00001150,1948.37,UPI,DIGITAL_SERVICES,10.4_FRAUDULENT_TRANSACTION,1,0,337,1,0,0
pay_00001151,2821.13,CREDIT_CARD,ELECTRONICS,10.4_FRAUDULENT_TRANSACTION,1,0,754,1,0,0
pay_00001152,1893.37,UPI,RETAIL,10.4_FRAUDULENT_TRANSACTION,1,0,186,0,0,0
pay_00001153,1809.81,UPI,ELECTRONICS,10.4_FRAUDULENT_TRANSACTION,1,0,731,1,0,0
pay_00001154,1545.9,DEBIT_CARD,GAMING,13.1_MERCHANDISE_NOT_RECEIVED,1,1,358,0,0,0
pay_00001155,2195.83,UPI,ELECTRONICS,13.1_MERCHANDISE_NOT_RECEIVED,1,0,322,0,0,0
pay_00001156,359.04,NETBANKING,TRAVEL,10.4_FRAUDULENT_TRANSACTION,1,2,254,0,0,0
pay_00001157,3291.32,UPI,TRAVEL,10.4_FRAUDULENT_TRANSACTION,1,1,161,0,0,0
pay_00001158,3181.75,CREDIT_CARD,GAMING,10.4_FRAUDULENT_TRANSACTION,1,0,453,0,0,0
pay_00001159,144.53,CREDIT_CARD,ELECTRONICS,10.4_FRAUDULENT_TRANSACTION,1,0,846,0,0,0
pay_00001160,2721.47,UPI,RETAIL,10.4_FRAUDULENT_TRANSACTION,0,1,27,0,0,0
pay_00001161,306.95,UPI,GAMING,10.4_FRAUDULENT_TRANSACTION,1,0,306,0,0,0
pay_00001162,712.22,DEBIT_CARD,TRAVEL,10.4_FRAUDULENT_TRANSACTION,1,1,571,0,0,0
pay_00001163,2140.99,DEBIT_CARD,GAMING,10.4_FRAUDULENT_TRANSACTION,1,0,356,0,0,0
pay_00001164,362.89,UPI,ELECTRONICS,13.3_NOT_AS_DESCRIBED,0,0,987,0,0,0
pay_00001165,2655.35,CREDIT_CARD,ELECTRONICS,10.4_FRAUDULENT_TRANSACTION,1,0,590,0,0,0
pay_00001166,2776.89,UPI,ELECTRONICS,10.4_FRAUDULENT_TRANSACTION,1,0,463,0,0,0
pay_00001167,1162.29,UPI,DIGITAL_SERVICES,10.4_FRAUDULENT_TRANSACTION,1,0,155,1,0,1
pay_00001168,109.61,UPI,ELECTRONICS,10.4_FRAUDULENT_TRANSACTION,1,1,699,0,0,0
pay_00001169,607.49,UPI,TRAVEL,13.1_MERCHANDISE_NOT_RECEIVED,1,0,696,0,0,0
pay_00001170,1539.29,DEBIT_CARD,TRAVEL,10.5_VISA_EASY_PAYMENT,1,0,891,0,0,0
pay_00001171,6059.75,DEBIT_CARD,DIGITAL_SERVICES,13.3_NOT_AS_DESCRIBED,1,0,502,0,0,0
pay_00001172,1598.75,NETBANKING,TRAVEL,13.1_MERCHANDISE_NOT_RECEIVED,1,0,328,0,0,0
pay_00001173,551.26,CREDIT_CARD,TRAVEL,10.4_FRAUDULENT_TRANSACTION,1,0,469,0,0,0
pay_00001174,1607.71,NETBANKING,GAMING,10.4_FRAUDULENT_TRANSACTION,1,1,674,0,0,0
pay_00001175,1264.75,CREDIT_CARD,ELECTRONICS,13.1_MERCHANDISE_NOT_RECEIVED,1,2,305,0,0,0
pay_00001176,2370.14,CREDIT_CARD,GAMING,13.3_NOT_AS_DESCRIBED,1,2,732,0,0,0
pay_00001177,269.72,WALLET,GAMING,13.3_NOT_AS_DESCRIBED,1,0,728,1,0,0
pay_00001178,2247.11,CREDIT_CARD,TRAVEL,10.4_FRAUDULENT_TRANSACTION,1,2,657,2,0,0
pay_00001179,1268.93,UPI,RETAIL,10.4_FRAUDULENT_TRANSACTION,1,0,378,0,1,0
pay_00001180,5044.93,DEBIT_CARD,ELECTRONICS,10.4_FRAUDULENT_TRANSACTION,0,0,249,1,0,0
pay_00001181,727.53,NETBANKING,RETAIL,10.4_FRAUDULENT_TRANSACTION,1,0,372,0,1,0
pay_00001182,1602.05,DEBIT_CARD,TRAVEL,13.3_NOT_AS_DESCRIBED,1,0,768,0,0,0
pay_00001183,4132.99,CREDIT_CARD,DIGITAL_SERVICES,10.4_FRAUDULENT_TRANSACTION,1,0,326,1,0,0
pay_00001184,262.23,CREDIT_CARD,GAMING,10.4_FRAUDULENT_TRANSACTION,1,0,934,0,0,0
pay_00001185,4252.38,WALLET,TRAVEL,13.3_NOT_AS_DESCRIBED,0,1,467,0,1,0
pay_00001186,1846.58,UPI,TRAVEL,10.4_FRAUDULENT_TRANSACTION,1,1,1,0,0,0
pay_00001187,205.37,CREDIT_CARD,RETAIL,10.4_FRAUDULENT_TRANSACTION,1,0,678,0,0,0
pay_00001188,637.08,UPI,DIGITAL_SERVICES,10.4_FRAUDULENT_TRANSACTION,1,0,538,1,0,0
pay_00001189,1947.39,CREDIT_CARD,GAMING,10.4_FRAUDULENT_TRANSACTION,1,1,197,1,0,1
pay_00001190,204.59,CREDIT_CARD,DIGITAL_SERVICES,10.4_FRAUDULENT_TRANSACTION,1,0,708,0,0,0
pay_00001191,1409.02,UPI,DIGITAL_SERVICES,13.1_MERCHANDISE_NOT_RECEIVED,1,1,281,0,0,0
pay_00001192,736.7,UPI,DIGITAL_SERVICES,13.3_NOT_AS_DESCRIBED,1,0,877,0,0,0
pay_00001193,1554.99,CREDIT_CARD,ELECTRONICS,13.1_MERCHANDISE_NOT_RECEIVED,0,0,628,0,0,1
pay_00001194,170.23,UPI,DIGITAL_SERVICES,13.1_MERCHANDISE_NOT_RECEIVED,1,1,497,0,0,0
pay_00001195,3178.17,UPI,TRAVEL,13.3_NOT_AS_DESCRIBED,1,0,58,0,0,0
pay_00001196,5545.29,DEBIT_CARD,ELECTRONICS,10.4_FRAUDULENT_TRANSACTION,1,0,429,0,1,1
pay_00001197,5304.75,UPI,ELECTRONICS,13.3_NOT_AS_DESCRIBED,1,1,22,0,0,0
pay_00001198,2177.35,UPI,DIGITAL_SERVICES,10.4_FRAUDULENT_TRANSACTION,1,2,432,0,1,0
pay_00001199,309.04,NETBANKING,TRAVEL,10.4_FRAUDULENT_TRANSACTION,1,0,269,0,0,0
pay_00001200,2229.86,UPI,GAMING,10.4_FRAUDULENT_TRANSACTION,1,1,983,0,0,0
pay_00001201,137.34,UPI,DIGITAL_SERVICES,10.4_FRAUDULENT_TRANSACTION,0,1,609,0,0,0
pay_00001202,133.56,CREDIT_CARD,ELECTRONICS,10.5_VISA_EASY_PAYMENT,1,0,409,0,0,0
pay_00001203,686.48,DEBIT_CARD,GAMING,10.4_FRAUDULENT_TRANSACTION,1,0,522,0,0,0
pay_00001204,1106.03,NETBANKING,GAMING,10.4_FRAUDULENT_TRANSACTION,1,1,274,0,0,0
pay_00001205,2307.17,NETBANKING,ELECTRONICS,13.1_MERCHANDISE_NOT_RECEIVED,0,1,55,0,0,0
pay_00001206,1824.68,DEBIT_CARD,GAMING,10.4_FRAUDULENT_TRANSACTION,1,2,923,0,0,0
pay_00001207,985.62,UPI,TRAVEL,13.3_NOT_AS_DESCRIBED,0,0,824,1,0,0
pay_00001208,579.54,UPI,TRAVEL,10.5_VISA_EASY_PAYMENT,0,0,568,0,0,0
pay_00001209,8877.29,UPI,DIGITAL_SERVICES,10.4_FRAUDULENT_TRANSACTION,1,0,561,0,0,0
pay_00001210,933.16,UPI,DIGITAL_SERVICES,10.4_FRAUDULENT_TRANSACTION,1,0,410,1,0,0
pay_00001211,1000.54,DEBIT_CARD,GAMING,10.4_FRAUDULENT_TRANSACTION,1,1,369,0,0,0
pay_00001212,368.02,CREDIT_CARD,ELECTRONICS,10.4_FRAUDULENT_TRANSACTION,1,0,490,0,0,1
pay_00001213,2475.73,UPI,TRAVEL,10.4_FRAUDULENT_TRANSACTION,1,0,116,0,0,0
pay_00001214,1874.7,DEBIT_CARD,RETAIL,10.4_FRAUDULENT_TRANSACTION,1,1,770,0,0,0
pay_00001215,474.17,UPI,DIGITAL_SERVICES,13.3_NOT_AS_DESCRIBED,1,0,330,0,0,0
pay_00001216,228.96,UPI,TRAVEL,10.4_FRAUDULENT_TRANSACTION,1,0,956,0,0,0
pay_00001217,1811.49,CREDIT_CARD,GAMING,10.4_FRAUDULENT_TRANSACTION,0,0,84,0,0,0
pay_00001218,1694.19,UPI,TRAVEL,10.4_FRAUDULENT_TRANSACTION,1,0,294,0,0,0
pay_00001219,578.78,UPI,TRAVEL,13.1_MERCHANDISE_NOT_RECEIVED,1,0,131,1,0,0
pay_00001220,4619.73,UPI,GAMING,10.4_FRAUDULENT_TRANSACTION,0,0,970,0,0,1
pay_00001221,345.65,UPI,DIGITAL_SERVICES,10.4_FRAUDULENT_TRANSACTION,1,0,988,0,0,0
pay_00001222,949.34,DEBIT_CARD,DIGITAL_SERVICES,10.4_FRAUDULENT_TRANSACTION,0,0,467,0,0,0
pay_00001223,4413.35,NETBANKING,RETAIL,10.4_FRAUDULENT_TRANSACTION,1,0,891,0,0,0
pay_00001224,916.39,UPI,RETAIL,10.4_FRAUDULENT_TRANSACTION,1,0,465,0,0,0
pay_00001225,1626.35,UPI,DIGITAL_SERVICES,10.5_VISA_EASY_PAYMENT,1,0,108,0,1,0
pay_00001226,860.24,DEBIT_CARD,DIGITAL_SERVICES,13.3_NOT_AS_DESCRIBED,1,0,565,0,0,0
pay_00001227,580.75,NETBANKING,DIGITAL_SERVICES,13.1_MERCHANDISE_NOT_RECEIVED,1,2,428,0,0,0
pay_00001228,6300.66,UPI,DIGITAL_SERVICES,13.3_NOT_AS_DESCRIBED,1,1,383,0,1,1
pay_00001229,889.76,UPI,TRAVEL,13.1_MERCHANDISE_NOT_RECEIVED,1,0,791,0,0,0
pay_00001230,3467.88,DEBIT_CARD,RETAIL,13.3_NOT_AS_DESCRIBED,1,1,540,0,0,0
pay_00001231,491.96,CREDIT_CARD,GAMING,10.4_FRAUDULENT_TRANSACTION,1,0,347,0,0,0
pay_00001232,459.49,UPI,ELECTRONICS,13.1_MERCHANDISE_NOT_RECEIVED,0,2,160,0,0,0
pay_00001233,147.44,CREDIT_CARD,GAMING,10.4_FRAUDULENT_TRANSACTION,1,0,230,0,0,0
pay_00001234,1681.89,UPI,ELECTRONICS,10.4_FRAUDULENT_TRANSACTION,1,1,204,0,0,0
pay_00001235,789.55,CREDIT_CARD,TRAVEL,10.4_FRAUDULENT_TRANSACTION,0,1,532,1,0,1
pay_00001236,3096.61,CREDIT_CARD,RETAIL,13.1_MERCHANDISE_NOT_RECEIVED,1,0,390,0,0,0
pay_00001237,1061.43,NETBANKING,ELECTRONICS,10.4_FRAUDULENT_TRANSACTION,1,0,771,0,0,0
pay_00001238,5272.12,UPI,DIGITAL_SERVICES,13.1_MERCHANDISE_NOT_RECEIVED,1,0,3,1,0,1
pay_00001239,407.82,UPI,TRAVEL,13.1_MERCHANDISE_NOT_RECEIVED,1,1,791,0,0,0
pay_00001240,3144.53,UPI,ELECTRONICS,10.4_FRAUDULENT_TRANSACTION,0,1,329,0,0,0
pay_00001241,2348.17,NETBANKING,DIGITAL_SERVICES,10.4_FRAUDULENT_TRANSACTION,0,1,33,0,1,1
pay_00001242,2310.54,UPI,TRAVEL,10.4_FRAUDULENT_TRANSACTION,1,0,932,0,0,0
pay_00001243,2894.4,UPI,ELECTRONICS,10.4_FRAUDULENT_TRANSACTION,1,2,832,0,0,0
pay_00001244,2247.09,UPI,DIGITAL_SERVICES,13.1_MERCHANDISE_NOT_RECEIVED,0,1,396,0,0,1
pay_00001245,1576.13,DEBIT_CARD,RETAIL,13.1_MERCHANDISE_NOT_RECEIVED,0,0,702,0,0,0
pay_00001246,311.04,UPI,TRAVEL,10.4_FRAUDULENT_TRANSACTION,1,0,282,0,0,0
pay_00001247,149.6,UPI,ELECTRONICS,13.3_NOT_AS_DESCRIBED,1,0,805,0,0,0
pay_00001248,3904.57,UPI,DIGITAL_SERVICES,13.3_NOT_AS_DESCRIBED,1,0,370,1,0,0
pay_00001249,1538.21,NETBANKING,RETAIL,10.4_FRAUDULENT_TRANSACTION,1,0,176,0,0,0
pay_00001250,2488.41,CREDIT_CARD,DIGITAL_SERVICES,13.1_MERCHANDISE_NOT_RECEIVED,0,0,586,0,0,0
pay_00001251,1085.29,DEBIT_CARD,RETAIL,10.4_FRAUDULENT_TRANSACTION,1,0,556,0,0,0
pay_00001252,287.17,NETBANKING,ELECTRONICS,13.1_MERCHANDISE_NOT_RECEIVED,1,0,139,0,0,0
pay_00001253,300.62,NETBANKING,DIGITAL_SERVICES,10.4_FRAUDULENT_TRANSACTION,1,3,979,0,0,0
pay_00001254,1835.47,UPI,DIGITAL_SERVICES,13.1_MERCHANDISE_NOT_RECEIVED,1,0,453,0,1,0
pay_00001255,943.98,WALLET,GAMING,10.4_FRAUDULENT_TRANSACTION,1,3,280,0,0,0
pay_00001256,435.7,UPI,TRAVEL,10.5_VISA_EASY_PAYMENT,1,0,227,0,0,0
pay_00001257,1114.71,UPI,DIGITAL_SERVICES,10.4_FRAUDULENT_TRANSACTION,1,0,604,0,0,0
pay_00001258,199.54,NETBANKING,RETAIL,10.4_FRAUDULENT_TRANSACTION,1,0,350,0,0,0
pay_00001259,1408.31,UPI,TRAVEL,10.4_FRAUDULENT_TRANSACTION,1,1,531,0,0,0
pay_00001260,570.0,UPI,ELECTRONICS,13.3_NOT_AS_DESCRIBED,1,0,710,0,0,0
pay_00001261,2495.96,UPI,TRAVEL,13.1_MERCHANDISE_NOT_RECEIVED,1,0,312,0,0,0
pay_00001262,657.38,CREDIT_CARD,GAMING,10.5_VISA_EASY_PAYMENT,1,0,305,0,0,0
pay_00001263,1011.06,UPI,ELECTRONICS,13.3_NOT_AS_DESCRIBED,1,1,631,0,0,0
pay_00001264,117.53,DEBIT_CARD,DIGITAL_SERVICES,13.1_MERCHANDISE_NOT_RECEIVED,1,0,109,0,0,0
pay_00001265,212.81,NETBANKING,ELECTRONICS,10.4_FRAUDULENT_TRANSACTION,1,0,999,0,0,0
pay_00001266,847.59,CREDIT_CARD,ELECTRONICS,10.4_FRAUDULENT_TRANSACTION,1,0,723,0,0,0
pay_00001267,1080.71,UPI,GAMING,10.5_VISA_EASY_PAYMENT,0,0,499,0,0,1
pay_00001268,1474.51,NETBANKING,RETAIL,10.5_VISA_EASY_PAYMENT,1,1,57,0,0,0
pay_00001269,617.25,UPI,ELECTRONICS,10.4_FRAUDULENT_TRANSACTION,1,0,95,0,0,0
pay_00001270,1881.08,UPI,RETAIL,13.1_MERCHANDISE_NOT_RECEIVED,1,1,634,0,0,0
pay_00001271,3050.48,UPI,TRAVEL,13.1_MERCHANDISE_NOT_RECEIVED,1,0,492,0,0,0
pay_00001272,2370.18,CREDIT_CARD,GAMING,13.1_MERCHANDISE_NOT_RECEIVED,1,3,779,0,0,1
pay_00001273,160.64,UPI,DIGITAL_SERVICES,13.3_NOT_AS_DESCRIBED,1,1,959,0,0,0
pay_00001274,1082.35,UPI,ELECTRONICS,10.4_FRAUDULENT_TRANSACTION,1,0,254,2,0,0
pay_00001275,266.28,UPI,RETAIL,13.3_NOT_AS_DESCRIBED,1,1,849,0,1,0
pay_00001276,515.7,UPI,ELECTRONICS,10.4_FRAUDULENT_TRANSACTION,1,1,145,0,0,0
pay_00001277,6575.77,CREDIT_CARD,GAMING,10.4_FRAUDULENT_TRANSACTION,1,0,882,0,0,0
pay_00001278,330.59,DEBIT_CARD,DIGITAL_SERVICES,10.4_FRAUDULENT_TRANSACTION,1,0,783,0,0,0
pay_00001279,1136.39,DEBIT_CARD,TRAVEL,13.1_MERCHANDISE_NOT_RECEIVED,1,1,966,0,0,0
pay_00001280,1544.11,UPI,TRAVEL,13.1_MERCHANDISE_NOT_RECEIVED,1,1,446,0,0,0
pay_00001281,1918.33,UPI,RETAIL,13.1_MERCHANDISE_NOT_RECEIVED,1,1,672,1,0,0
pay_00001282,1330.27,WALLET,TRAVEL,13.1_MERCHANDISE_NOT_RECEIVED,1,0,168,0,0,0
pay_00001283,114.73,UPI,RETAIL,13.1_MERCHANDISE_NOT_RECEIVED,1,0,139,0,1,0
pay_00001284,692.81,NETBANKING,DIGITAL_SERVICES,10.4_FRAUDULENT_TRANSACTION,1,0,378,2,0,0
pay_00001285,1193.82,UPI,ELECTRONICS,10.5_VISA_EASY_PAYMENT,0,2,269,1,0,0
pay_00001286,237.95,NETBANKING,GAMING,10.4_FRAUDULENT_TRANSACTION,1,0,337,0,0,0
pay_00001287,747.62,UPI,DIGITAL_SERVICES,13.1_MERCHANDISE_NOT_RECEIVED,1,1,28,1,0,0
pay_00001288,150.65,UPI,DIGITAL_SERVICES,10.4_FRAUDULENT_TRANSACTION,1,0,753,0,0,0
pay_00001289,222.76,DEBIT_CARD,TRAVEL,10.4_FRAUDULENT_TRANSACTION,1,1,466,0,0,0
pay_00001290,858.57,CREDIT_CARD,TRAVEL,10.4_FRAUDULENT_TRANSACTION,1,0,156,1,0,1
pay_00001291,313.58,UPI,GAMING,10.5_VISA_EASY_PAYMENT,1,0,944,0,1,0
pay_00001292,1357.4,CREDIT_CARD,ELECTRONICS,10.4_FRAUDULENT_TRANSACTION,0,0,439,0,0,1
pay_00001293,1854.19,DEBIT_CARD,DIGITAL_SERVICES,10.4_FRAUDULENT_TRANSACTION,1,0,16,0,0,0
pay_00001294,2518.56,UPI,TRAVEL,13.3_NOT_AS_DESCRIBED,1,0,804,0,0,0
pay_00001295,435.0,UPI,DIGITAL_SERVICES,10.4_FRAUDULENT_TRANSACTION,1,0,753,0,0,0
pay_00001296,374.95,UPI,ELECTRONICS,13.3_NOT_AS_DESCRIBED,1,1,168,0,1,0
pay_00001297,265.67,UPI,RETAIL,13.3_NOT_AS_DESCRIBED,1,1,916,0,0,0
pay_00001298,1617.68,CREDIT_CARD,ELECTRONICS,13.1_MERCHANDISE_NOT_RECEIVED,1,0,231,0,0,1
pay_00001299,1938.69,UPI,DIGITAL_SERVICES,10.4_FRAUDULENT_TRANSACTION,1,0,603,0,0,0
pay_00001300,148.14,UPI,DIGITAL_SERVICES,10.4_FRAUDULENT_TRANSACTION,1,0,232,0,0,0
pay_00001301,4228.29,UPI,GAMING,10.4_FRAUDULENT_TRANSACTION,1,0,353,1,0,1
pay_00001302,180.06,CREDIT_CARD,DIGITAL_SERVICES,10.4_FRAUDULENT_TRANSACTION,1,1,514,0,0,0
pay_00001303,1269.03,UPI,TRAVEL,10.4_FRAUDULENT_TRANSACTION,1,0,205,0,0,0
pay_00001304,1951.96,UPI,GAMING,13.3_NOT_AS_DESCRIBED,1,0,258,0,0,0
pay_00001305,3171.56,UPI,DIGITAL_SERVICES,13.1_MERCHANDISE_NOT_RECEIVED,1,0,763,0,0,0
pay_00001306,1978.1,WALLET,ELECTRONICS,10.4_FRAUDULENT_TRANSACTION,1,0,384,0,0,0
pay_00001307,2527.17,UPI,DIGITAL_SERVICES,10.4_FRAUDULENT_TRANSACTION,0,0,357,1,0,0
pay_00001308,722.02,DEBIT_CARD,ELECTRONICS,13.1_MERCHANDISE_NOT_RECEIVED,0,0,325,1,0,0
pay_00001309,2629.68,UPI,ELECTRONICS,10.4_FRAUDULENT_TRANSACTION,0,1,70,0,1,1
pay_00001310,225.26,UPI,DIGITAL_SERVICES,13.3_NOT_AS_DESCRIBED,1,0,562,0,0,0
pay_00001311,3478.08,CREDIT_CARD,ELECTRONICS,10.4_FRAUDULENT_TRANSACTION,1,0,864,0,0,0
pay_00001312,1289.76,UPI,RETAIL,13.3_NOT_AS_DESCRIBED,1,0,176,0,0,0
pay_00001313,2649.85,WALLET,GAMING,13.1_MERCHANDISE_NOT_RECEIVED,1,2,511,1,0,0
pay_00001314,1003.09,NETBANKING,DIGITAL_SERVICES,10.5_VISA_EASY_PAYMENT,1,0,152,0,1,0
pay_00001315,1647.46,DEBIT_CARD,RETAIL,10.4_FRAUDULENT_TRANSACTION,1,1,721,0,0,0
pay_00001316,1221.1,CREDIT_CARD,ELECTRONICS,10.4_FRAUDULENT_TRANSACTION,1,0,393,0,0,1
pay_00001317,2072.86,UPI,ELECTRONICS,13.1_MERCHANDISE_NOT_RECEIVED,1,1,245,0,0,0
pay_00001318,227.73,UPI,GAMING,10.5_VISA_EASY_PAYMENT,1,2,122,0,0,0
pay_00001319,193.38,NETBANKING,RETAIL,13.1_MERCHANDISE_NOT_RECEIVED,1,1,168,0,0,0
pay_00001320,525.74,CREDIT_CARD,RETAIL,13.1_MERCHANDISE_NOT_RECEIVED,1,1,936,0,0,0
pay_00001321,360.72,CREDIT_CARD,DIGITAL_SERVICES,10.4_FRAUDULENT_TRANSACTION,1,0,130,1,0,0
pay_00001322,3181.05,UPI,ELECTRONICS,10.4_FRAUDULENT_TRANSACTION,0,1,585,0,0,0
pay_00001323,471.18,UPI,TRAVEL,10.4_FRAUDULENT_TRANSACTION,1,0,902,0,0,0
pay_00001324,5686.15,NETBANKING,DIGITAL_SERVICES,13.1_MERCHANDISE_NOT_RECEIVED,0,0,659,0,0,0
pay_00001325,716.23,UPI,DIGITAL_SERVICES,10.4_FRAUDULENT_TRANSACTION,1,0,609,0,0,0
pay_00001326,401.56,UPI,DIGITAL_SERVICES,10.4_FRAUDULENT_TRANSACTION,1,0,889,1,0,0
pay_00001327,2438.82,UPI,GAMING,13.1_MERCHANDISE_NOT_RECEIVED,0,0,19,0,0,0
pay_00001328,1712.52,DEBIT_CARD,GAMING,10.5_VISA_EASY_PAYMENT,1,1,673,0,0,0
pay_00001329,1134.32,UPI,DIGITAL_SERVICES,13.1_MERCHANDISE_NOT_RECEIVED,1,0,885,1,0,0
pay_00001330,1315.75,DEBIT_CARD,TRAVEL,13.1_MERCHANDISE_NOT_RECEIVED,1,0,504,1,0,1
pay_00001331,2005.18,UPI,RETAIL,10.5_VISA_EASY_PAYMENT,1,0,749,0,1,0
pay_00001332,489.04,NETBANKING,RETAIL,10.4_FRAUDULENT_TRANSACTION,1,0,829,0,0,0
pay_00001333,8512.95,DEBIT_CARD,ELECTRONICS,10.4_FRAUDULENT_TRANSACTION,1,1,542,0,1,1
pay_00001334,5620.96,UPI,RETAIL,13.1_MERCHANDISE_NOT_RECEIVED,1,0,999,0,0,0
pay_00001335,1676.13,CREDIT_CARD,RETAIL,10.4_FRAUDULENT_TRANSACTION,1,0,117,0,0,0
pay_00001336,433.86,UPI,TRAVEL,10.4_FRAUDULENT_TRANSACTION,1,0,190,0,0,0
pay_00001337,1810.22,UPI,RETAIL,10.4_FRAUDULENT_TRANSACTION,1,0,653,0,0,0
pay_00001338,212.41,NETBANKING,TRAVEL,13.1_MERCHANDISE_NOT_RECEIVED,1,0,914,0,0,0
pay_00001339,146.7,UPI,GAMING,10.4_FRAUDULENT_TRANSACTION,1,0,898,0,0,0
pay_00001340,546.97,UPI,TRAVEL,10.4_FRAUDULENT_TRANSACTION,1,0,3,1,0,0
pay_00001341,1031.58,UPI,GAMING,10.4_FRAUDULENT_TRANSACTION,1,1,902,0,0,0
pay_00001342,3140.53,UPI,TRAVEL,10.4_FRAUDULENT_TRANSACTION,0,0,924,0,0,1
pay_00001343,2048.35,NETBANKING,DIGITAL_SERVICES,10.5_VISA_EASY_PAYMENT,1,0,333,0,0,0
pay_00001344,2136.31,UPI,GAMING,10.5_VISA_EASY_PAYMENT,1,0,340,0,0,0
pay_00001345,931.37,WALLET,GAMING,13.3_NOT_AS_DESCRIBED,1,1,160,0,0,0
pay_00001346,736.82,NETBANKING,RETAIL,10.5_VISA_EASY_PAYMENT,1,1,895,0,0,0
pay_00001347,795.53,UPI,GAMING,10.4_FRAUDULENT_TRANSACTION,0,0,828,0,0,1
pay_00001348,6691.1,UPI,TRAVEL,13.3_NOT_AS_DESCRIBED,1,0,415,0,0,0
pay_00001349,161.4,NETBANKING,DIGITAL_SERVICES,10.4_FRAUDULENT_TRANSACTION,0,0,573,0,0,1
pay_00001350,3126.46,UPI,DIGITAL_SERVICES,13.1_MERCHANDISE_NOT_RECEIVED,0,1,265,0,0,0
pay_00001351,1396.53,UPI,RETAIL,10.4_FRAUDULENT_TRANSACTION,1,1,67,2,0,0
pay_00001352,966.02,UPI,TRAVEL,13.3_NOT_AS_DESCRIBED,0,0,950,0,0,0
pay_00001353,2037.88,CREDIT_CARD,TRAVEL,10.4_FRAUDULENT_TRANSACTION,1,2,95,0,1,0
pay_00001354,1100.25,DEBIT_CARD,ELECTRONICS,10.4_FRAUDULENT_TRANSACTION,1,0,719,0,1,0
pay_00001355,3200.36,UPI,GAMING,13.3_NOT_AS_DESCRIBED,1,0,580,0,0,0
pay_00001356,3564.44,UPI,RETAIL,13.1_MERCHANDISE_NOT_RECEIVED,1,1,241,0,0,0
pay_00001357,921.55,NETBANKING,DIGITAL_SERVICES,13.1_MERCHANDISE_NOT_RECEIVED,0,1,17,0,0,1
pay_00001358,586.16,DEBIT_CARD,ELECTRONICS,13.1_MERCHANDISE_NOT_RECEIVED,1,0,749,1,0,0
pay_00001359,1446.02,CREDIT_CARD,TRAVEL,10.4_FRAUDULENT_TRANSACTION,1,2,827,0,0,0
pay_00001360,3751.83,DEBIT_CARD,GAMING,13.1_MERCHANDISE_NOT_RECEIVED,1,0,415,0,0,0
pay_00001361,454.84,UPI,DIGITAL_SERVICES,10.4_FRAUDULENT_TRANSACTION,1,1,221,1,0,0
pay_00001362,1563.13,DEBIT_CARD,ELECTRONICS,13.3_NOT_AS_DESCRIBED,1,1,715,0,0,0
pay_00001363,1597.72,UPI,TRAVEL,13.1_MERCHANDISE_NOT_RECEIVED,1,0,701,3,0,0
pay_00001364,2081.4,UPI,DIGITAL_SERVICES,10.5_VISA_EASY_PAYMENT,1,0,864,0,0,0
pay_00001365,311.6,DEBIT_CARD,DIGITAL_SERVICES,10.4_FRAUDULENT_TRANSACTION,0,0,40,0,0,0
pay_00001366,1987.25,UPI,TRAVEL,10.4_FRAUDULENT_TRANSACTION,1,0,131,0,0,0
pay_00001367,3695.88,WALLET,TRAVEL,10.4_FRAUDULENT_TRANSACTION,1,1,690,0,0,0
pay_00001368,397.1,UPI,RETAIL,10.4_FRAUDULENT_TRANSACTION,1,0,129,1,0,1
pay_00001369,506.81,NETBANKING,DIGITAL_SERVICES,10.4_FRAUDULENT_TRANSACTION,1,0,520,3,0,0
pay_00001370,5431.27,NETBANKING,TRAVEL,13.3_NOT_AS_DESCRIBED,1,0,830,0,0,0
pay_00001371,399.46,UPI,ELECTRONICS,10.4_FRAUDULENT_TRANSACTION,1,3,192,1,0,1
pay_00001372,2990.18,DEBIT_CARD,GAMING,13.1_MERCHANDISE_NOT_RECEIVED,1,0,425,0,0,0
pay_00001373,1116.73,UPI,RETAIL,10.4_FRAUDULENT_TRANSACTION,1,1,785,0,0,0
pay_00001374,526.0,NETBANKING,TRAVEL,10.4_FRAUDULENT_TRANSACTION,1,1,456,0,0,0
pay_00001375,3169.01,UPI,GAMING,13.1_MERCHANDISE_NOT_RECEIVED,0,1,811,1,0,1
pay_00001376,984.01,DEBIT_CARD,RETAIL,13.3_NOT_AS_DESCRIBED,1,1,225,0,1,0
pay_00001377,1184.84,UPI,DIGITAL_SERVICES,10.4_FRAUDULENT_TRANSACTION,1,0,730,0,0,0
pay_00001378,767.63,UPI,GAMING,10.4_FRAUDULENT_TRANSACTION,1,0,514,0,0,0
pay_00001379,1448.23,UPI,RETAIL,10.4_FRAUDULENT_TRANSACTION,1,0,175,0,0,0
pay_00001380,367.84,UPI,TRAVEL,13.3_NOT_AS_DESCRIBED,1,1,316,0,0,0
pay_00001381,844.11,DEBIT_CARD,TRAVEL,13.1_MERCHANDISE_NOT_RECEIVED,0,1,177,0,0,0
pay_00001382,5330.74,CREDIT_CARD,RETAIL,10.5_VISA_EASY_PAYMENT,1,0,93,0,0,1
pay_00001383,547.88,CREDIT_CARD,DIGITAL_SERVICES,10.4_FRAUDULENT_TRANSACTION,1,0,271,0,0,0
pay_00001384,1703.89,UPI,RETAIL,10.5_VISA_EASY_PAYMENT,1,1,893,0,0,0
pay_00001385,689.99,UPI,ELECTRONICS,13.3_NOT_AS_DESCRIBED,1,1,606,0,0,0
pay_00001386,2327.34,UPI,RETAIL,13.3_NOT_AS_DESCRIBED,0,0,434,0,0,0
pay_00001387,310.4,DEBIT_CARD,RETAIL,10.4_FRAUDULENT_TRANSACTION,1,0,748,0,0,0
pay_00001388,5350.92,WALLET,TRAVEL,13.1_MERCHANDISE_NOT_RECEIVED,1,1,942,0,0,0
pay_00001389,1007.13,UPI,DIGITAL_SERVICES,13.1_MERCHANDISE_NOT_RECEIVED,0,1,460,0,0,0
pay_00001390,503.88,UPI,RETAIL,13.1_MERCHANDISE_NOT_RECEIVED,1,1,514,0,0,0
pay_00001391,214.51,UPI,GAMING,10.4_FRAUDULENT_TRANSACTION,1,1,124,0,0,0
pay_00001392,379.06,CREDIT_CARD,TRAVEL,13.1_MERCHANDISE_NOT_RECEIVED,1,0,725,0,0,0
pay_00001393,1200.25,CREDIT_CARD,TRAVEL,10.5_VISA_EASY_PAYMENT,1,2,669,1,0,1
pay_00001394,716.48,DEBIT_CARD,RETAIL,13.1_MERCHANDISE_NOT_RECEIVED,1,1,890,0,0,0
pay_00001395,2748.11,UPI,GAMING,13.1_MERCHANDISE_NOT_RECEIVED,1,1,925,1,0,0
pay_00001396,945.52,DEBIT_CARD,RETAIL,13.1_MERCHANDISE_NOT_RECEIVED,0,0,80,0,0,1
pay_00001397,528.95,CREDIT_CARD,GAMING,13.1_MERCHANDISE_NOT_RECEIVED,1,1,371,0,0,0
pay_00001398,1540.15,UPI,TRAVEL,10.4_FRAUDULENT_TRANSACTION,1,0,95,0,0,0
pay_00001399,1940.23,CREDIT_CARD,GAMING,10.4_FRAUDULENT_TRANSACTION,0,0,189,0,0,0
pay_00001400,374.16,UPI,RETAIL,13.3_NOT_AS_DESCRIBED,1,0,865,0,0,0
pay_00001401,375.2,UPI,ELECTRONICS,10.4_FRAUDULENT_TRANSACTION,1,0,122,0,1,0
pay_00001402,156.04,NETBANKING,ELECTRONICS,13.3_NOT_AS_DESCRIBED,1,1,834,0,0,0
pay_00001403,2100.0,UPI,GAMING,13.3_NOT_AS_DESCRIBED,0,0,44,0,0,1
pay_00001404,1735.09,DEBIT_CARD,RETAIL,13.1_MERCHANDISE_NOT_RECEIVED,1,1,260,0,0,0
pay_00001405,1065.48,CREDIT_CARD,DIGITAL_SERVICES,10.5_VISA_EASY_PAYMENT,0,1,807,0,0,0
pay_00001406,2888.49,UPI,ELECTRONICS,10.4_FRAUDULENT_TRANSACTION,1,1,188,0,0,0
pay_00001407,2557.3,CREDIT_CARD,TRAVEL,10.4_FRAUDULENT_TRANSACTION,1,0,817,1,0,0
pay_00001408,1420.5,CREDIT_CARD,RETAIL,10.4_FRAUDULENT_TRANSACTION,1,1,261,1,0,0
pay_00001409,3140.52,UPI,RETAIL,10.5_VISA_EASY_PAYMENT,1,0,962,1,0,0
pay_00001410,445.71,UPI,ELECTRONICS,10.5_VISA_EASY_PAYMENT,1,0,557,0,0,0
pay_00001411,278.04,UPI,DIGITAL_SERVICES,10.4_FRAUDULENT_TRANSACTION,0,0,60,0,0,1
pay_00001412,571.55,UPI,TRAVEL,10.4_FRAUDULENT_TRANSACTION,1,0,264,1,0,0
pay_00001413,188.17,UPI,DIGITAL_SERVICES,10.4_FRAUDULENT_TRANSACTION,1,0,818,0,0,0
pay_00001414,1236.27,UPI,TRAVEL,13.1_MERCHANDISE_NOT_RECEIVED,1,1,548,0,0,0
pay_00001415,4237.57,UPI,ELECTRONICS,13.1_MERCHANDISE_NOT_RECEIVED,1,0,838,0,0,0
pay_00001416,160.21,NETBANKING,RETAIL,13.1_MERCHANDISE_NOT_RECEIVED,1,0,937,0,0,0
pay_00001417,295.35,UPI,TRAVEL,13.3_NOT_AS_DESCRIBED,1,0,10,0,1,0
pay_00001418,1002.76,DEBIT_CARD,RETAIL,13.1_MERCHANDISE_NOT_RECEIVED,1,0,804,0,0,0
pay_00001419,4174.31,CREDIT_CARD,GAMING,10.4_FRAUDULENT_TRANSACTION,1,0,836,0,0,0
pay_00001420,670.04,DEBIT_CARD,GAMING,10.4_FRAUDULENT_TRANSACTION,1,1,103,0,0,0
pay_00001421,1161.58,UPI,ELECTRONICS,13.3_NOT_AS_DESCRIBED,1,0,910,0,0,0
pay_00001422,163.69,NETBANKING,ELECTRONICS,13.1_MERCHANDISE_NOT_RECEIVED,1,1,844,0,0,0
pay_00001423,340.86,CREDIT_CARD,ELECTRONICS,10.4_FRAUDULENT_TRANSACTION,1,0,111,0,0,0
pay_00001424,6572.13,DEBIT_CARD,GAMING,10.4_FRAUDULENT_TRANSACTION,1,0,785,0,1,1
pay_00001425,5133.71,UPI,TRAVEL,13.3_NOT_AS_DESCRIBED,1,2,533,0,0,0
pay_00001426,107.43,UPI,DIGITAL_SERVICES,10.4_FRAUDULENT_TRANSACTION,1,2,501,0,0,0
pay_00001427,4648.96,CREDIT_CARD,ELECTRONICS,13.1_MERCHANDISE_NOT_RECEIVED,1,0,205,0,0,1
pay_00001428,1628.81,UPI,DIGITAL_SERVICES,13.1_MERCHANDISE_NOT_RECEIVED,1,0,97,0,0,0
pay_00001429,3136.5,UPI,DIGITAL_SERVICES,10.4_FRAUDULENT_TRANSACTION,1,0,822,0,0,0
pay_00001430,1009.74,UPI,GAMING,13.1_MERCHANDISE_NOT_RECEIVED,1,1,397,0,0,0
pay_00001431,1187.25,CREDIT_CARD,TRAVEL,10.4_FRAUDULENT_TRANSACTION,1,0,896,0,0,0
pay_00001432,1106.63,WALLET,GAMING,10.4_FRAUDULENT_TRANSACTION,1,0,944,0,0,0
pay_00001433,1748.81,UPI,ELECTRONICS,10.4_FRAUDULENT_TRANSACTION,1,1,813,0,0,0
pay_00001434,325.63,DEBIT_CARD,GAMING,13.1_MERCHANDISE_NOT_RECEIVED,1,0,649,0,1,0
pay_00001435,145.65,CREDIT_CARD,GAMING,13.3_NOT_AS_DESCRIBED,1,0,567,0,1,0
pay_00001436,652.1,UPI,GAMING,10.4_FRAUDULENT_TRANSACTION,0,1,562,0,0,1
pay_00001437,1929.55,NETBANKING,ELECTRONICS,13.3_NOT_AS_DESCRIBED,1,0,496,0,1,0
pay_00001438,438.19,NETBANKING,ELECTRONICS,10.4_FRAUDULENT_TRANSACTION,1,0,532,0,0,0
pay_00001439,1778.68,DEBIT_CARD,GAMING,13.1_MERCHANDISE_NOT_RECEIVED,1,1,364,0,0,0
pay_00001440,5355.45,UPI,GAMING,13.1_MERCHANDISE_NOT_RECEIVED,1,0,936,0,0,0
pay_00001441,247.91,CREDIT_CARD,DIGITAL_SERVICES,13.1_MERCHANDISE_NOT_RECEIVED,0,1,257,2,1,1
pay_00001442,1774.87,UPI,TRAVEL,10.4_FRAUDULENT_TRANSACTION,1,1,205,0,0,0
pay_00001443,979.81,UPI,DIGITAL_SERVICES,10.4_FRAUDULENT_TRANSACTION,1,0,342,0,1,0
pay_00001444,3139.05,UPI,TRAVEL,10.4_FRAUDULENT_TRANSACTION,1,0,499,0,0,0
pay_00001445,392.47,DEBIT_CARD,TRAVEL,10.4_FRAUDULENT_TRANSACTION,1,0,973,0,0,0
pay_00001446,1869.53,NETBANKING,GAMING,13.3_NOT_AS_DESCRIBED,1,0,192,0,0,0
pay_00001447,2831.31,UPI,DIGITAL_SERVICES,10.4_FRAUDULENT_TRANSACTION,1,1,803,0,0,0
pay_00001448,4440.15,UPI,TRAVEL,10.4_FRAUDULENT_TRANSACTION,1,0,124,0,0,0
pay_00001449,1824.45,NETBANKING,TRAVEL,10.4_FRAUDULENT_TRANSACTION,1,0,126,3,0,1
pay_00001450,1131.27,UPI,ELECTRONICS,13.1_MERCHANDISE_NOT_RECEIVED,0,1,193,0,0,1
pay_00001451,1542.9,CREDIT_CARD,TRAVEL,13.3_NOT_AS_DESCRIBED,1,1,238,0,0,0
pay_00001452,3147.75,UPI,GAMING,10.4_FRAUDULENT_TRANSACTION,1,0,248,1,0,0
pay_00001453,1368.08,UPI,RETAIL,10.4_FRAUDULENT_TRANSACTION,1,1,821,1,0,0
pay_00001454,146.29,WALLET,ELECTRONICS,13.3_NOT_AS_DESCRIBED,1,0,225,0,0,0
pay_00001455,4109.36,UPI,RETAIL,10.4_FRAUDULENT_TRANSACTION,1,0,189,2,1,1
pay_00001456,1854.49,UPI,GAMING,13.1_MERCHANDISE_NOT_RECEIVED,1,0,773,0,0,0
pay_00001457,1792.9,UPI,RETAIL,13.3_NOT_AS_DESCRIBED,1,2,222,0,0,0
pay_00001458,464.4,NETBANKING,TRAVEL,10.4_FRAUDULENT_TRANSACTION,1,0,965,0,0,0
pay_00001459,1713.31,NETBANKING,RETAIL,10.4_FRAUDULENT_TRANSACTION,1,3,619,0,0,0
pay_00001460,850.98,UPI,DIGITAL_SERVICES,10.4_FRAUDULENT_TRANSACTION,1,0,601,0,1,0
pay_00001461,1680.03,UPI,GAMING,13.3_NOT_AS_DESCRIBED,1,0,956,0,0,0
pay_00001462,269.07,CREDIT_CARD,DIGITAL_SERVICES,13.1_MERCHANDISE_NOT_RECEIVED,1,0,90,0,0,1
pay_00001463,1708.74,UPI,RETAIL,10.4_FRAUDULENT_TRANSACTION,1,1,403,0,0,0
pay_00001464,11262.58,CREDIT_CARD,DIGITAL_SERVICES,10.4_FRAUDULENT_TRANSACTION,1,0,972,0,0,0
pay_00001465,174.12,UPI,ELECTRONICS,13.1_MERCHANDISE_NOT_RECEIVED,1,0,57,0,0,0
pay_00001466,5769.79,UPI,RETAIL,10.4_FRAUDULENT_TRANSACTION,1,0,520,0,0,0
pay_00001467,883.61,CREDIT_CARD,DIGITAL_SERVICES,10.4_FRAUDULENT_TRANSACTION,1,1,458,0,0,0
pay_00001468,3169.05,UPI,TRAVEL,13.1_MERCHANDISE_NOT_RECEIVED,1,0,402,0,0,0
pay_00001469,2387.55,NETBANKING,RETAIL,13.1_MERCHANDISE_NOT_RECEIVED,1,2,873,0,1,0
pay_00001470,1355.58,UPI,ELECTRONICS,10.4_FRAUDULENT_TRANSACTION,1,0,395,0,0,0
pay_00001471,2111.69,UPI,TRAVEL,10.4_FRAUDULENT_TRANSACTION,1,2,958,0,0,0
pay_00001472,3261.95,WALLET,RETAIL,13.3_NOT_AS_DESCRIBED,1,0,158,0,0,0
pay_00001473,876.63,UPI,TRAVEL,10.4_FRAUDULENT_TRANSACTION,0,0,127,0,0,1
pay_00001474,694.09,DEBIT_CARD,RETAIL,13.1_MERCHANDISE_NOT_RECEIVED,1,0,517,0,0,0
pay_00001475,1752.09,UPI,RETAIL,13.1_MERCHANDISE_NOT_RECEIVED,1,1,984,0,0,0
pay_00001476,2574.19,CREDIT_CARD,GAMING,10.4_FRAUDULENT_TRANSACTION,1,0,237,0,0,1
pay_00001477,2255.03,DEBIT_CARD,DIGITAL_SERVICES,13.1_MERCHANDISE_NOT_RECEIVED,0,0,333,0,0,1
pay_00001478,2497.85,UPI,RETAIL,10.4_FRAUDULENT_TRANSACTION,1,0,824,0,0,0
pay_00001479,957.94,DEBIT_CARD,ELECTRONICS,13.1_MERCHANDISE_NOT_RECEIVED,1,1,36,0,0,1
pay_00001480,2654.26,CREDIT_CARD,DIGITAL_SERVICES,13.1_MERCHANDISE_NOT_RECEIVED,1,0,625,0,0,0
pay_00001481,292.11,UPI,GAMING,13.3_NOT_AS_DESCRIBED,1,0,155,2,0,0
pay_00001482,1279.5,CREDIT_CARD,DIGITAL_SERVICES,13.1_MERCHANDISE_NOT_RECEIVED,1,1,544,0,0,0
pay_00001483,108.66,CREDIT_CARD,DIGITAL_SERVICES,10.4_FRAUDULENT_TRANSACTION,1,0,910,0,0,1
pay_00001484,688.64,UPI,RETAIL,10.4_FRAUDULENT_TRANSACTION,1,0,937,0,0,0
pay_00001485,784.65,UPI,ELECTRONICS,10.4_FRAUDULENT_TRANSACTION,1,0,118,0,0,0
pay_00001486,856.7,UPI,RETAIL,10.5_VISA_EASY_PAYMENT,0,0,322,0,0,0
pay_00001487,1883.46,UPI,ELECTRONICS,10.5_VISA_EASY_PAYMENT,1,0,516,0,0,0
pay_00001488,837.9,DEBIT_CARD,ELECTRONICS,10.4_FRAUDULENT_TRANSACTION,1,1,267,0,0,0
pay_00001489,993.2,UPI,TRAVEL,10.4_FRAUDULENT_TRANSACTION,1,1,362,0,0,0
pay_00001490,506.82,NETBANKING,RETAIL,10.4_FRAUDULENT_TRANSACTION,1,0,485,0,0,0
pay_00001491,800.82,UPI,GAMING,10.5_VISA_EASY_PAYMENT,1,0,816,0,0,0
pay_00001492,486.74,UPI,DIGITAL_SERVICES,10.4_FRAUDULENT_TRANSACTION,1,1,230,0,0,0
pay_00001493,214.02,DEBIT_CARD,TRAVEL,13.1_MERCHANDISE_NOT_RECEIVED,1,1,421,0,0,0
pay_00001494,1487.42,CREDIT_CARD,GAMING,10.4_FRAUDULENT_TRANSACTION,1,1,397,0,0,0
pay_00001495,1754.89,CREDIT_CARD,RETAIL,10.4_FRAUDULENT_TRANSACTION,1,2,713,0,0,0
pay_00001496,1549.37,UPI,ELECTRONICS,10.4_FRAUDULENT_TRANSACTION,1,0,810,0,0,0
pay_00001497,1034.02,UPI,RETAIL,10.4_FRAUDULENT_TRANSACTION,0,0,411,0,0,1
pay_00001498,816.54,UPI,RETAIL,10.4_FRAUDULENT_TRANSACTION,1,0,322,0,0,0
pay_00001499,3085.32,WALLET,TRAVEL,10.4_FRAUDULENT_TRANSACTION,1,1,303,1,0,0
pay_00001500,1198.09,UPI,GAMING,10.4_FRAUDULENT_TRANSACTION,1,0,475,0,0,0
pay_00001501,1078.53,NETBANKING,TRAVEL,10.4_FRAUDULENT_TRANSACTION,1,0,844,0,0,0
pay_00001502,138.96,CREDIT_CARD,GAMING,13.3_NOT_AS_DESCRIBED,1,0,524,0,0,1
pay_00001503,726.11,UPI,TRAVEL,13.1_MERCHANDISE_NOT_RECEIVED,1,0,451,0,0,0
pay_00001504,817.53,CREDIT_CARD,DIGITAL_SERVICES,13.1_MERCHANDISE_NOT_RECEIVED,1,0,538,1,0,1
pay_00001505,863.3,DEBIT_CARD,ELECTRONICS,10.4_FRAUDULENT_TRANSACTION,1,1,719,0,0,0
pay_00001506,1401.87,NETBANKING,ELECTRONICS,13.1_MERCHANDISE_NOT_RECEIVED,1,1,411,0,0,0
pay_00001507,1244.08,UPI,ELECTRONICS,10.4_FRAUDULENT_TRANSACTION,1,0,499,0,0,0
pay_00001508,1504.38,UPI,DIGITAL_SERVICES,10.4_FRAUDULENT_TRANSACTION,1,1,109,0,1,0
pay_00001509,2271.51,UPI,DIGITAL_SERVICES,10.4_FRAUDULENT_TRANSACTION,1,1,163,0,0,0
pay_00001510,2614.86,UPI,ELECTRONICS,10.4_FRAUDULENT_TRANSACTION,1,0,13,0,1,0
pay_00001511,1999.43,CREDIT_CARD,ELECTRONICS,10.4_FRAUDULENT_TRANSACTION,1,1,127,0,0,0
pay_00001512,4769.2,NETBANKING,GAMING,10.4_FRAUDULENT_TRANSACTION,1,1,758,0,0,0
pay_00001513,127.6,UPI,GAMING,10.4_FRAUDULENT_TRANSACTION,1,1,824,0,0,0
pay_00001514,426.82,DEBIT_CARD,RETAIL,10.4_FRAUDULENT_TRANSACTION,1,1,768,1,0,0
pay_00001515,111.39,CREDIT_CARD,TRAVEL,13.1_MERCHANDISE_NOT_RECEIVED,1,0,453,0,0,0
pay_00001516,1663.95,UPI,GAMING,13.1_MERCHANDISE_NOT_RECEIVED,0,0,171,0,0,0
pay_00001517,3524.62,UPI,GAMING,13.3_NOT_AS_DESCRIBED,1,0,886,0,0,0
pay_00001518,518.54,DEBIT_CARD,GAMING,10.4_FRAUDULENT_TRANSACTION,1,1,209,0,0,0
pay_00001519,4026.65,NETBANKING,GAMING,10.4_FRAUDULENT_TRANSACTION,1,0,762,0,0,0
pay_00001520,193.24,CREDIT_CARD,DIGITAL_SERVICES,10.5_VISA_EASY_PAYMENT,1,0,339,0,0,0
pay_00001521,4187.09,UPI,RETAIL,10.4_FRAUDULENT_TRANSACTION,1,1,852,0,0,0
pay_00001522,749.92,UPI,GAMING,13.3_NOT_AS_DESCRIBED,1,2,59,0,0,0
pay_00001523,260.41,UPI,TRAVEL,10.4_FRAUDULENT_TRANSACTION,1,0,983,1,0,0
pay_00001524,1097.92,CREDIT_CARD,GAMING,10.4_FRAUDULENT_TRANSACTION,1,0,507,0,0,0
pay_00001525,545.14,DEBIT_CARD,DIGITAL_SERVICES,10.4_FRAUDULENT_TRANSACTION,1,1,268,0,0,0
pay_00001526,602.94,UPI,ELECTRONICS,13.3_NOT_AS_DESCRIBED,0,0,480,0,0,0
pay_00001527,650.72,DEBIT_CARD,ELECTRONICS,10.4_FRAUDULENT_TRANSACTION,1,0,669,0,0,0
pay_00001528,2537.02,CREDIT_CARD,RETAIL,10.4_FRAUDULENT_TRANSACTION,1,0,517,0,0,0
pay_00001529,1262.06,CREDIT_CARD,ELECTRONICS,13.1_MERCHANDISE_NOT_RECEIVED,0,0,945,0,0,0
pay_00001530,659.44,WALLET,GAMING,13.1_MERCHANDISE_NOT_RECEIVED,1,0,448,2,1,0
pay_00001531,1513.7,UPI,DIGITAL_SERVICES,13.3_NOT_AS_DESCRIBED,1,1,883,0,0,0
pay_00001532,1988.97,NETBANKING,RETAIL,10.4_FRAUDULENT_TRANSACTION,1,1,555,0,0,0
pay_00001533,577.47,UPI,GAMING,13.1_MERCHANDISE_NOT_RECEIVED,1,1,578,0,0,0
pay_00001534,900.5,UPI,ELECTRONICS,10.4_FRAUDULENT_TRANSACTION,1,0,134,0,0,0
pay_00001535,294.97,NETBANKING,TRAVEL,10.4_FRAUDULENT_TRANSACTION,0,1,213,0,0,0
pay_00001536,399.78,NETBANKING,GAMING,13.1_MERCHANDISE_NOT_RECEIVED,1,0,99,0,0,0
pay_00001537,1814.4,CREDIT_CARD,TRAVEL,10.4_FRAUDULENT_TRANSACTION,0,2,271,0,0,1
pay_00001538,400.31,CREDIT_CARD,TRAVEL,13.1_MERCHANDISE_NOT_RECEIVED,1,1,658,1,1,1
pay_00001539,1217.18,DEBIT_CARD,RETAIL,10.5_VISA_EASY_PAYMENT,1,0,49,0,1,0
pay_00001540,1951.89,DEBIT_CARD,DIGITAL_SERVICES,10.4_FRAUDULENT_TRANSACTION,1,0,175,0,0,0
pay_00001541,269.55,UPI,ELECTRONICS,13.3_NOT_AS_DESCRIBED,1,0,514,0,0,0
pay_00001542,1356.61,DEBIT_CARD,ELECTRONICS,13.3_NOT_AS_DESCRIBED,0,0,901,0,0,0
pay_00001543,544.71,UPI,GAMING,13.1_MERCHANDISE_NOT_RECEIVED,1,1,805,0,0,0
pay_00001544,5042.29,UPI,ELECTRONICS,13.3_NOT_AS_DESCRIBED,1,0,489,0,0,0
pay_00001545,1091.15,UPI,RETAIL,10.4_FRAUDULENT_TRANSACTION,1,0,6,0,0,0
pay_00001546,2559.79,CREDIT_CARD,ELECTRONICS,13.3_NOT_AS_DESCRIBED,1,0,755,0,0,0
pay_00001547,1298.52,NETBANKING,GAMING,10.4_FRAUDULENT_TRANSACTION,1,0,554,0,0,0
pay_00001548,166.57,CREDIT_CARD,ELECTRONICS,13.3_NOT_AS_DESCRIBED,1,0,307,0,0,0
pay_00001549,1604.21,WALLET,DIGITAL_SERVICES,10.4_FRAUDULENT_TRANSACTION,1,0,467,1,0,0
pay_00001550,4636.3,UPI,TRAVEL,13.3_NOT_AS_DESCRIBED,1,1,528,2,0,0
pay_00001551,1480.49,DEBIT_CARD,TRAVEL,13.3_NOT_AS_DESCRIBED,1,0,716,0,1,1
pay_00001552,2665.45,DEBIT_CARD,TRAVEL,13.1_MERCHANDISE_NOT_RECEIVED,1,0,728,0,0,0
pay_00001553,3333.92,CREDIT_CARD,DIGITAL_SERVICES,13.1_MERCHANDISE_NOT_RECEIVED,1,1,73,0,0,0
pay_00001554,488.31,CREDIT_CARD,RETAIL,13.3_NOT_AS_DESCRIBED,1,0,67,0,0,0
pay_00001555,457.47,CREDIT_CARD,GAMING,10.4_FRAUDULENT_TRANSACTION,1,1,593,0,0,0
pay_00001556,1516.19,NETBANKING,DIGITAL_SERVICES,10.4_FRAUDULENT_TRANSACTION,1,0,542,2,1,0
pay_00001557,894.07,DEBIT_CARD,GAMING,10.4_FRAUDULENT_TRANSACTION,1,1,27,0,0,0
pay_00001558,2847.57,UPI,RETAIL,13.1_MERCHANDISE_NOT_RECEIVED,1,0,600,0,0,0
pay_00001559,3554.22,DEBIT_CARD,DIGITAL_SERVICES,10.4_FRAUDULENT_TRANSACTION,1,1,426,0,0,0
pay_00001560,754.09,UPI,ELECTRONICS,10.4_FRAUDULENT_TRANSACTION,1,1,576,2,0,0
pay_00001561,505.49,UPI,RETAIL,10.4_FRAUDULENT_TRANSACTION,1,0,434,0,0,0
pay_00001562,2374.78,NETBANKING,TRAVEL,10.4_FRAUDULENT_TRANSACTION,1,1,807,1,0,1
pay_00001563,581.97,UPI,DIGITAL_SERVICES,10.4_FRAUDULENT_TRANSACTION,1,1,391,0,0,0
pay_00001564,2694.14,DEBIT_CARD,RETAIL,10.4_FRAUDULENT_TRANSACTION,1,0,329,0,0,0
pay_00001565,926.79,UPI,RETAIL,10.4_FRAUDULENT_TRANSACTION,1,0,656,0,0,0
pay_00001566,1751.9,UPI,DIGITAL_SERVICES,13.1_MERCHANDISE_NOT_RECEIVED,1,0,56,1,0,0
pay_00001567,250.62,UPI,TRAVEL,10.4_FRAUDULENT_TRANSACTION,0,0,267,0,0,1
pay_00001568,1566.69,UPI,TRAVEL,10.5_VISA_EASY_PAYMENT,1,0,393,1,0,0
pay_00001569,1001.58,DEBIT_CARD,RETAIL,13.1_MERCHANDISE_NOT_RECEIVED,1,0,769,0,0,0
pay_00001570,1425.04,UPI,GAMING,10.4_FRAUDULENT_TRANSACTION,1,0,812,0,0,0
pay_00001571,375.91,UPI,RETAIL,10.4_FRAUDULENT_TRANSACTION,1,0,547,0,0,0
pay_00001572,2102.68,UPI,DIGITAL_SERVICES,13.1_MERCHANDISE_NOT_RECEIVED,1,0,596,0,0,0
pay_00001573,3079.44,UPI,DIGITAL_SERVICES,10.4_FRAUDULENT_TRANSACTION,1,0,179,0,0,0
pay_00001574,466.44,DEBIT_CARD,DIGITAL_SERVICES,10.5_VISA_EASY_PAYMENT,0,1,776,1,0,0
pay_00001575,250.92,UPI,TRAVEL,10.4_FRAUDULENT_TRANSACTION,1,1,583,0,1,0
pay_00001576,135.88,CREDIT_CARD,ELECTRONICS,13.1_MERCHANDISE_NOT_RECEIVED,1,0,549,0,0,0
pay_00001577,1640.71,NETBANKING,DIGITAL_SERVICES,10.5_VISA_EASY_PAYMENT,1,1,101,0,0,0
pay_00001578,1501.28,CREDIT_CARD,DIGITAL_SERVICES,13.1_MERCHANDISE_NOT_RECEIVED,1,0,468,0,0,0
pay_00001579,1286.79,DEBIT_CARD,GAMING,10.5_VISA_EASY_PAYMENT,1,0,645,1,0,0
pay_00001580,495.84,UPI,GAMING,10.5_VISA_EASY_PAYMENT,1,0,204,0,0,0
pay_00001581,843.67,UPI,RETAIL,10.5_VISA_EASY_PAYMENT,1,3,277,0,0,1
pay_00001582,1453.86,NETBANKING,RETAIL,13.3_NOT_AS_DESCRIBED,1,1,468,0,0,0
pay_00001583,1130.05,DEBIT_CARD,RETAIL,10.4_FRAUDULENT_TRANSACTION,1,0,517,3,0,0
pay_00001584,6707.7,CREDIT_CARD,DIGITAL_SERVICES,10.4_FRAUDULENT_TRANSACTION,1,0,23,0,0,1
pay_00001585,320.04,CREDIT_CARD,GAMING,10.4_FRAUDULENT_TRANSACTION,1,0,697,0,0,0
pay_00001586,1881.88,UPI,RETAIL,10.5_VISA_EASY_PAYMENT,1,1,327,0,1,0
pay_00001587,877.07,UPI,GAMING,10.4_FRAUDULENT_TRANSACTION,1,0,577,0,0,0
pay_00001588,938.45,DEBIT_CARD,DIGITAL_SERVICES,10.4_FRAUDULENT_TRANSACTION,1,2,921,0,0,0
pay_00001589,1996.63,CREDIT_CARD,DIGITAL_SERVICES,13.3_NOT_AS_DESCRIBED,1,0,659,1,0,0
pay_00001590,1868.61,UPI,RETAIL,10.4_FRAUDULENT_TRANSACTION,1,0,770,1,0,0
pay_00001591,7209.08,NETBANKING,DIGITAL_SERVICES,13.1_MERCHANDISE_NOT_RECEIVED,1,0,908,0,0,0
pay_00001592,306.13,UPI,DIGITAL_SERVICES,10.5_VISA_EASY_PAYMENT,0,0,938,0,0,0
pay_00001593,264.91,UPI,GAMING,13.1_MERCHANDISE_NOT_RECEIVED,1,0,537,0,0,0
pay_00001594,2032.87,NETBANKING,ELECTRONICS,13.1_MERCHANDISE_NOT_RECEIVED,1,0,380,0,1,0
pay_00001595,1395.5,DEBIT_CARD,TRAVEL,13.1_MERCHANDISE_NOT_RECEIVED,1,0,992,0,0,0
pay_00001596,580.64,CREDIT_CARD,RETAIL,13.1_MERCHANDISE_NOT_RECEIVED,1,0,944,0,0,0
pay_00001597,224.13,UPI,ELECTRONICS,10.4_FRAUDULENT_TRANSACTION,1,0,850,0,0,0
pay_00001598,234.33,UPI,RETAIL,10.4_FRAUDULENT_TRANSACTION,1,2,126,0,0,0
pay_00001599,3469.18,CREDIT_CARD,ELECTRONICS,10.4_FRAUDULENT_TRANSACTION,1,1,671,2,0,0
pay_00001600,419.54,UPI,DIGITAL_SERVICES,13.1_MERCHANDISE_NOT_RECEIVED,1,1,442,0,1,0
pay_00001601,685.95,DEBIT_CARD,RETAIL,13.1_MERCHANDISE_NOT_RECEIVED,1,0,829,0,0,0
pay_00001602,485.55,NETBANKING,ELECTRONICS,10.4_FRAUDULENT_TRANSACTION,1,0,44,0,0,0
pay_00001603,757.75,DEBIT_CARD,TRAVEL,13.1_MERCHANDISE_NOT_RECEIVED,0,0,777,2,0,1
pay_00001604,207.93,UPI,DIGITAL_SERVICES,10.4_FRAUDULENT_TRANSACTION,1,0,661,2,0,1
pay_00001605,1198.02,DEBIT_CARD,RETAIL,10.4_FRAUDULENT_TRANSACTION,1,1,694,0,0,0
pay_00001606,205.01,UPI,RETAIL,10.4_FRAUDULENT_TRANSACTION,1,1,359,2,1,0
pay_00001607,2516.83,UPI,ELECTRONICS,13.3_NOT_AS_DESCRIBED,1,0,199,0,0,0
pay_00001608,499.3,UPI,RETAIL,13.3_NOT_AS_DESCRIBED,1,1,653,0,0,0
pay_00001609,1264.83,UPI,DIGITAL_SERVICES,10.4_FRAUDULENT_TRANSACTION,0,0,724,0,0,0
pay_00001610,3281.38,NETBANKING,GAMING,13.1_MERCHANDISE_NOT_RECEIVED,1,0,653,1,0,0
pay_00001611,1678.5,UPI,ELECTRONICS,10.4_FRAUDULENT_TRANSACTION,1,1,308,0,0,0
pay_00001612,1242.0,UPI,TRAVEL,13.3_NOT_AS_DESCRIBED,1,2,796,0,1,0
pay_00001613,688.08,WALLET,RETAIL,10.4_FRAUDULENT_TRANSACTION,0,1,357,0,0,0
pay_00001614,707.45,UPI,DIGITAL_SERVICES,10.5_VISA_EASY_PAYMENT,1,1,89,0,0,0
pay_00001615,1760.66,DEBIT_CARD,RETAIL,13.1_MERCHANDISE_NOT_RECEIVED,1,0,174,0,1,0
pay_00001616,7809.25,UPI,TRAVEL,13.1_MERCHANDISE_NOT_RECEIVED,0,2,688,0,0,1
pay_00001617,1726.35,UPI,DIGITAL_SERVICES,13.1_MERCHANDISE_NOT_RECEIVED,1,0,365,0,0,0
pay_00001618,1323.93,NETBANKING,TRAVEL,10.4_FRAUDULENT_TRANSACTION,1,1,474,0,0,0
pay_00001619,2067.62,UPI,DIGITAL_SERVICES,13.1_MERCHANDISE_NOT_RECEIVED,1,2,236,0,0,0
pay_00001620,1038.81,CREDIT_CARD,GAMING,10.4_FRAUDULENT_TRANSACTION,1,1,225,0,0,0
pay_00001621,193.04,UPI,DIGITAL_SERVICES,10.4_FRAUDULENT_TRANSACTION,1,0,360,0,0,0
pay_00001622,1339.32,UPI,TRAVEL,13.1_MERCHANDISE_NOT_RECEIVED,0,0,424,0,1,1
pay_00001623,4841.81,UPI,ELECTRONICS,10.4_FRAUDULENT_TRANSACTION,0,1,54,1,0,0
pay_00001624,389.11,UPI,GAMING,10.4_FRAUDULENT_TRANSACTION,1,0,667,0,0,0
pay_00001625,1856.8,UPI,RETAIL,13.3_NOT_AS_DESCRIBED,1,1,335,0,0,0
pay_00001626,436.47,DEBIT_CARD,GAMING,10.5_VISA_EASY_PAYMENT,0,0,899,0,0,0
pay_00001627,1251.25,UPI,GAMING,13.1_MERCHANDISE_NOT_RECEIVED,1,0,605,0,0,0
pay_00001628,252.51,UPI,RETAIL,13.3_NOT_AS_DESCRIBED,1,0,95,0,0,0
pay_00001629,997.77,UPI,DIGITAL_SERVICES,10.5_VISA_EASY_PAYMENT,1,0,315,0,0,0
pay_00001630,2216.88,NETBANKING,GAMING,13.1_MERCHANDISE_NOT_RECEIVED,1,0,488,0,0,0
pay_00001631,740.58,NETBANKING,GAMING,10.5_VISA_EASY_PAYMENT,1,2,375,0,0,0
pay_00001632,1740.04,DEBIT_CARD,ELECTRONICS,10.4_FRAUDULENT_TRANSACTION,1,0,888,0,0,0
pay_00001633,2480.41,NETBANKING,ELECTRONICS,13.1_MERCHANDISE_NOT_RECEIVED,1,0,18,0,0,0
pay_00001634,4029.6,UPI,TRAVEL,10.4_FRAUDULENT_TRANSACTION,1,0,664,0,0,0
pay_00001635,501.12,UPI,RETAIL,13.3_NOT_AS_DESCRIBED,1,0,829,0,0,0
pay_00001636,864.53,CREDIT_CARD,DIGITAL_SERVICES,13.3_NOT_AS_DESCRIBED,1,1,999,0,0,0
pay_00001637,348.05,CREDIT_CARD,DIGITAL_SERVICES,10.4_FRAUDULENT_TRANSACTION,1,0,637,0,0,1
pay_00001638,7435.98,UPI,TRAVEL,13.1_MERCHANDISE_NOT_RECEIVED,1,1,886,1,1,0
pay_00001639,4025.96,UPI,DIGITAL_SERVICES,13.3_NOT_AS_DESCRIBED,1,0,953,0,0,0
pay_00001640,1264.65,WALLET,DIGITAL_SERVICES,13.3_NOT_AS_DESCRIBED,1,1,812,1,0,0
pay_00001641,2868.06,DEBIT_CARD,ELECTRONICS,10.4_FRAUDULENT_TRANSACTION,1,0,687,0,0,0
pay_00001642,1203.95,UPI,DIGITAL_SERVICES,13.3_NOT_AS_DESCRIBED,1,0,968,0,0,0
pay_00001643,1565.6,DEBIT_CARD,DIGITAL_SERVICES,10.4_FRAUDULENT_TRANSACTION,1,0,221,0,0,0
pay_00001644,240.02,UPI,TRAVEL,13.1_MERCHANDISE_NOT_RECEIVED,1,0,880,2,0,0
pay_00001645,2211.4,UPI,TRAVEL,10.4_FRAUDULENT_TRANSACTION,0,1,421,0,0,0
pay_00001646,304.96,UPI,GAMING,10.4_FRAUDULENT_TRANSACTION,1,0,37,0,0,0
pay_00001647,2723.63,UPI,DIGITAL_SERVICES,10.4_FRAUDULENT_TRANSACTION,1,0,329,0,0,0
pay_00001648,2385.08,UPI,DIGITAL_SERVICES,10.4_FRAUDULENT_TRANSACTION,0,0,941,0,0,1
pay_00001649,1950.33,DEBIT_CARD,DIGITAL_SERVICES,13.1_MERCHANDISE_NOT_RECEIVED,1,1,670,0,0,0
pay_00001650,155.25,UPI,ELECTRONICS,10.4_FRAUDULENT_TRANSACTION,1,1,143,0,0,0
pay_00001651,641.73,CREDIT_CARD,DIGITAL_SERVICES,13.3_NOT_AS_DESCRIBED,1,0,744,0,0,0
pay_00001652,557.98,UPI,ELECTRONICS,10.5_VISA_EASY_PAYMENT,1,1,972,0,1,0
pay_00001653,769.75,UPI,GAMING,13.3_NOT_AS_DESCRIBED,1,0,372,0,0,0
pay_00001654,237.59,NETBANKING,RETAIL,10.4_FRAUDULENT_TRANSACTION,1,0,893,0,0,0
pay_00001655,4245.93,CREDIT_CARD,DIGITAL_SERVICES,13.1_MERCHANDISE_NOT_RECEIVED,1,0,489,0,0,0
pay_00001656,1310.49,WALLET,TRAVEL,10.4_FRAUDULENT_TRANSACTION,1,0,923,0,0,0
pay_00001657,646.9,WALLET,TRAVEL,10.4_FRAUDULENT_TRANSACTION,1,1,303,0,1,0
pay_00001658,858.71,UPI,DIGITAL_SERVICES,13.3_NOT_AS_DESCRIBED,1,0,559,0,0,0
pay_00001659,989.15,UPI,ELECTRONICS,10.4_FRAUDULENT_TRANSACTION,1,1,927,0,0,0
pay_00001660,1476.67,NETBANKING,TRAVEL,10.5_VISA_EASY_PAYMENT,1,2,205,0,0,0
pay_00001661,1187.51,WALLET,TRAVEL,10.4_FRAUDULENT_TRANSACTION,1,1,271,0,1,1
pay_00001662,3877.24,CREDIT_CARD,GAMING,10.4_FRAUDULENT_TRANSACTION,1,0,182,0,0,0
pay_00001663,1130.64,DEBIT_CARD,GAMING,10.4_FRAUDULENT_TRANSACTION,0,0,709,2,0,1
pay_00001664,7372.39,DEBIT_CARD,GAMING,13.3_NOT_AS_DESCRIBED,1,0,810,0,0,0
pay_00001665,2960.0,UPI,TRAVEL,10.4_FRAUDULENT_TRANSACTION,1,0,631,0,0,0
pay_00001666,450.76,CREDIT_CARD,TRAVEL,10.4_FRAUDULENT_TRANSACTION,0,3,574,0,0,0
pay_00001667,4101.7,DEBIT_CARD,DIGITAL_SERVICES,13.1_MERCHANDISE_NOT_RECEIVED,1,0,281,0,0,0
pay_00001668,285.57,CREDIT_CARD,DIGITAL_SERVICES,10.5_VISA_EASY_PAYMENT,1,0,12,0,0,0
pay_00001669,2651.09,UPI,ELECTRONICS,13.1_MERCHANDISE_NOT_RECEIVED,0,1,265,0,0,0
pay_00001670,818.56,UPI,TRAVEL,10.4_FRAUDULENT_TRANSACTION,1,2,637,1,0,0
pay_00001671,3255.29,UPI,DIGITAL_SERVICES,10.4_FRAUDULENT_TRANSACTION,1,0,858,0,0,0
pay_00001672,3138.07,UPI,DIGITAL_SERVICES,13.3_NOT_AS_DESCRIBED,0,0,293,0,0,0
pay_00001673,2559.27,NETBANKING,GAMING,13.1_MERCHANDISE_NOT_RECEIVED,1,1,137,0,1,0
pay_00001674,2441.19,UPI,GAMING,10.5_VISA_EASY_PAYMENT,1,0,197,0,0,0
pay_00001675,645.07,UPI,GAMING,13.1_MERCHANDISE_NOT_RECEIVED,1,1,695,0,0,0
pay_00001676,226.57,UPI,RETAIL,10.4_FRAUDULENT_TRANSACTION,0,0,814,0,0,1
pay_00001677,873.71,CREDIT_CARD,DIGITAL_SERVICES,10.4_FRAUDULENT_TRANSACTION,1,1,455,0,0,0
pay_00001678,385.88,CREDIT_CARD,GAMING,13.1_MERCHANDISE_NOT_RECEIVED,1,0,937,0,0,1
pay_00001679,1880.92,UPI,GAMING,10.4_FRAUDULENT_TRANSACTION,1,2,95,0,0,0
pay_00001680,737.2,UPI,TRAVEL,10.5_VISA_EASY_PAYMENT,1,0,236,0,0,0
pay_00001681,5670.39,UPI,GAMING,10.4_FRAUDULENT_TRANSACTION,1,0,613,0,0,1
pay_00001682,1636.53,CREDIT_CARD,TRAVEL,13.1_MERCHANDISE_NOT_RECEIVED,1,0,7,0,0,0
pay_00001683,2693.01,UPI,ELECTRONICS,10.4_FRAUDULENT_TRANSACTION,1,0,389,0,0,0
pay_00001684,313.25,NETBANKING,GAMING,10.4_FRAUDULENT_TRANSACTION,1,0,948,0,0,1
pay_00001685,3070.91,UPI,TRAVEL,13.1_MERCHANDISE_NOT_RECEIVED,1,0,125,0,0,0
pay_00001686,3941.2,UPI,GAMING,13.1_MERCHANDISE_NOT_RECEIVED,1,0,209,0,0,0
pay_00001687,1101.4,DEBIT_CARD,ELECTRONICS,10.4_FRAUDULENT_TRANSACTION,1,2,715,0,0,0
pay_00001688,1498.07,UPI,GAMING,10.4_FRAUDULENT_TRANSACTION,1,0,677,0,0,0
pay_00001689,2271.04,CREDIT_CARD,TRAVEL,13.1_MERCHANDISE_NOT_RECEIVED,1,0,828,0,0,0
pay_00001690,388.26,UPI,ELECTRONICS,13.3_NOT_AS_DESCRIBED,1,0,292,3,0,0
pay_00001691,1147.44,CREDIT_CARD,ELECTRONICS,10.4_FRAUDULENT_TRANSACTION,0,1,987,1,0,0
pay_00001692,862.9,DEBIT_CARD,ELECTRONICS,13.1_MERCHANDISE_NOT_RECEIVED,1,0,513,0,0,0
pay_00001693,337.39,NETBANKING,RETAIL,10.4_FRAUDULENT_TRANSACTION,1,0,506,0,1,0
pay_00001694,787.19,UPI,TRAVEL,13.1_MERCHANDISE_NOT_RECEIVED,1,0,641,0,1,1
pay_00001695,205.91,UPI,RETAIL,13.1_MERCHANDISE_NOT_RECEIVED,1,0,718,1,0,0
pay_00001696,139.23,UPI,ELECTRONICS,10.4_FRAUDULENT_TRANSACTION,1,1,501,0,0,0
pay_00001697,317.83,NETBANKING,RETAIL,13.1_MERCHANDISE_NOT_RECEIVED,1,0,444,0,0,0
pay_00001698,5049.93,NETBANKING,GAMING,10.4_FRAUDULENT_TRANSACTION,1,1,476,0,0,1
pay_00001699,1296.19,UPI,RETAIL,10.4_FRAUDULENT_TRANSACTION,1,0,809,0,0,0
pay_00001700,5164.27,UPI,DIGITAL_SERVICES,13.1_MERCHANDISE_NOT_RECEIVED,1,0,449,0,0,0
pay_00001701,949.77,UPI,ELECTRONICS,10.4_FRAUDULENT_TRANSACTION,1,1,904,0,0,0
pay_00001702,660.55,UPI,ELECTRONICS,13.3_NOT_AS_DESCRIBED,1,0,41,0,0,0
pay_00001703,1158.26,UPI,TRAVEL,10.4_FRAUDULENT_TRANSACTION,0,0,943,0,0,0
pay_00001704,968.42,UPI,GAMING,13.3_NOT_AS_DESCRIBED,1,0,379,0,0,0
pay_00001705,267.51,CREDIT_CARD,TRAVEL,10.4_FRAUDULENT_TRANSACTION,1,0,875,0,1,0
pay_00001706,1635.92,NETBANKING,RETAIL,10.4_FRAUDULENT_TRANSACTION,1,1,858,0,0,0
pay_00001707,465.09,WALLET,DIGITAL_SERVICES,13.1_MERCHANDISE_NOT_RECEIVED,1,0,932,1,0,0
pay_00001708,1549.75,UPI,DIGITAL_SERVICES,10.4_FRAUDULENT_TRANSACTION,1,0,93,1,0,0
pay_00001709,1675.6,CREDIT_CARD,DIGITAL_SERVICES,10.5_VISA_EASY_PAYMENT,1,0,104,0,0,1
pay_00001710,347.36,NETBANKING,DIGITAL_SERVICES,13.1_MERCHANDISE_NOT_RECEIVED,0,1,365,0,0,0
pay_00001711,194.97,UPI,GAMING,10.4_FRAUDULENT_TRANSACTION,1,0,241,0,0,0
pay_00001712,2376.39,CREDIT_CARD,RETAIL,10.5_VISA_EASY_PAYMENT,1,1,260,0,1,0
pay_00001713,1023.72,UPI,DIGITAL_SERVICES,10.4_FRAUDULENT_TRANSACTION,1,1,170,0,0,0
pay_00001714,189.89,UPI,ELECTRONICS,10.4_FRAUDULENT_TRANSACTION,1,0,258,0,0,0
pay_00001715,8007.9,UPI,RETAIL,10.4_FRAUDULENT_TRANSACTION,1,0,250,0,0,1
pay_00001716,189.28,UPI,GAMING,10.5_VISA_EASY_PAYMENT,1,0,990,0,1,0
pay_00001717,1881.34,CREDIT_CARD,DIGITAL_SERVICES,13.1_MERCHANDISE_NOT_RECEIVED,1,1,815,0,0,0
pay_00001718,6272.95,UPI,GAMING,13.1_MERCHANDISE_NOT_RECEIVED,0,0,916,2,0,0
pay_00001719,510.04,UPI,DIGITAL_SERVICES,13.1_MERCHANDISE_NOT_RECEIVED,1,1,30,0,0,0
pay_00001720,330.16,UPI,ELECTRONICS,13.1_MERCHANDISE_NOT_RECEIVED,1,2,82,0,0,0
pay_00001721,294.11,NETBANKING,RETAIL,13.3_NOT_AS_DESCRIBED,1,1,286,0,0,0
pay_00001722,642.05,UPI,ELECTRONICS,10.4_FRAUDULENT_TRANSACTION,1,1,878,0,0,0
pay_00001723,259.78,CREDIT_CARD,DIGITAL_SERVICES,10.4_FRAUDULENT_TRANSACTION,1,1,355,0,0,1
pay_00001724,1867.27,CREDIT_CARD,TRAVEL,10.4_FRAUDULENT_TRANSACTION,0,1,257,0,0,0
pay_00001725,196.47,UPI,RETAIL,13.3_NOT_AS_DESCRIBED,1,0,314,0,0,0
pay_00001726,1168.26,UPI,GAMING,13.1_MERCHANDISE_NOT_RECEIVED,1,1,835,0,0,0
pay_00001727,8669.32,DEBIT_CARD,DIGITAL_SERVICES,13.1_MERCHANDISE_NOT_RECEIVED,1,1,535,0,0,1
pay_00001728,2622.77,UPI,ELECTRONICS,10.4_FRAUDULENT_TRANSACTION,1,1,941,0,1,0
pay_00001729,1532.62,UPI,TRAVEL,10.4_FRAUDULENT_TRANSACTION,0,0,232,2,0,1
pay_00001730,648.47,DEBIT_CARD,DIGITAL_SERVICES,13.3_NOT_AS_DESCRIBED,1,0,406,0,0,0
pay_00001731,1566.83,UPI,GAMING,10.4_FRAUDULENT_TRANSACTION,1,2,305,2,0,0
pay_00001732,1223.12,UPI,ELECTRONICS,13.1_MERCHANDISE_NOT_RECEIVED,1,2,375,0,0,0
pay_00001733,932.91,UPI,RETAIL,10.4_FRAUDULENT_TRANSACTION,1,2,253,0,0,0
pay_00001734,310.12,UPI,TRAVEL,13.1_MERCHANDISE_NOT_RECEIVED,1,0,944,0,0,0
pay_00001735,3365.31,DEBIT_CARD,DIGITAL_SERVICES,13.1_MERCHANDISE_NOT_RECEIVED,1,1,575,1,0,1
pay_00001736,996.17,CREDIT_CARD,DIGITAL_SERVICES,13.3_NOT_AS_DESCRIBED,0,0,816,0,0,0
pay_00001737,424.67,CREDIT_CARD,DIGITAL_SERVICES,10.4_FRAUDULENT_TRANSACTION,1,0,44,2,0,0
pay_00001738,787.73,DEBIT_CARD,DIGITAL_SERVICES,13.1_MERCHANDISE_NOT_RECEIVED,1,1,563,0,0,0
pay_00001739,901.99,UPI,ELECTRONICS,10.4_FRAUDULENT_TRANSACTION,1,0,190,0,0,0
pay_00001740,2736.37,UPI,RETAIL,10.5_VISA_EASY_PAYMENT,1,0,752,0,1,1
pay_00001741,2084.22,UPI,GAMING,13.1_MERCHANDISE_NOT_RECEIVED,1,1,719,0,0,0
pay_00001742,2299.99,UPI,TRAVEL,10.4_FRAUDULENT_TRANSACTION,1,0,893,0,0,0
pay_00001743,116.64,WALLET,DIGITAL_SERVICES,13.1_MERCHANDISE_NOT_RECEIVED,1,0,553,0,0,0
pay_00001744,907.18,DEBIT_CARD,DIGITAL_SERVICES,13.1_MERCHANDISE_NOT_RECEIVED,1,0,464,0,0,0
pay_00001745,1084.77,UPI,RETAIL,13.3_NOT_AS_DESCRIBED,1,0,667,0,0,0
pay_00001746,129.07,UPI,RETAIL,10.4_FRAUDULENT_TRANSACTION,1,0,480,0,0,0
pay_00001747,551.28,UPI,ELECTRONICS,10.4_FRAUDULENT_TRANSACTION,1,1,610,1,0,0
pay_00001748,2242.49,UPI,ELECTRONICS,10.5_VISA_EASY_PAYMENT,0,0,57,0,0,0
pay_00001749,321.2,UPI,ELECTRONICS,10.5_VISA_EASY_PAYMENT,1,1,170,0,0,0
pay_00001750,1249.58,CREDIT_CARD,TRAVEL,10.4_FRAUDULENT_TRANSACTION,1,3,780,0,0,1
pay_00001751,463.49,NETBANKING,ELECTRONICS,10.4_FRAUDULENT_TRANSACTION,1,0,466,0,0,0
pay_00001752,118.29,DEBIT_CARD,DIGITAL_SERVICES,10.4_FRAUDULENT_TRANSACTION,1,0,850,0,0,0
pay_00001753,514.03,UPI,ELECTRONICS,10.4_FRAUDULENT_TRANSACTION,1,0,572,0,0,0
pay_00001754,5686.68,UPI,TRAVEL,10.4_FRAUDULENT_TRANSACTION,1,1,576,0,0,0
pay_00001755,2525.73,CREDIT_CARD,ELECTRONICS,10.4_FRAUDULENT_TRANSACTION,1,0,772,0,0,1
pay_00001756,4912.52,DEBIT_CARD,ELECTRONICS,13.3_NOT_AS_DESCRIBED,1,0,482,1,0,0
pay_00001757,1103.72,DEBIT_CARD,DIGITAL_SERVICES,10.4_FRAUDULENT_TRANSACTION,0,1,423,0,0,0
pay_00001758,274.36,NETBANKING,DIGITAL_SERVICES,13.1_MERCHANDISE_NOT_RECEIVED,1,1,403,2,1,0
pay_00001759,1290.98,CREDIT_CARD,DIGITAL_SERVICES,13.1_MERCHANDISE_NOT_RECEIVED,1,0,875,0,0,0
pay_00001760,1008.74,CREDIT_CARD,ELECTRONICS,13.1_MERCHANDISE_NOT_RECEIVED,1,0,702,1,0,1
pay_00001761,2890.29,UPI,DIGITAL_SERVICES,13.1_MERCHANDISE_NOT_RECEIVED,1,0,941,0,0,0
pay_00001762,254.85,CREDIT_CARD,RETAIL,13.1_MERCHANDISE_NOT_RECEIVED,0,0,61,1,0,0
pay_00001763,1104.85,UPI,GAMING,13.3_NOT_AS_DESCRIBED,1,1,244,0,0,0
pay_00001764,343.86,UPI,GAMING,13.3_NOT_AS_DESCRIBED,1,0,415,0,0,0
pay_00001765,688.84,CREDIT_CARD,DIGITAL_SERVICES,10.4_FRAUDULENT_TRANSACTION,1,0,177,0,0,0
pay_00001766,2105.44,UPI,TRAVEL,10.4_FRAUDULENT_TRANSACTION,1,0,671,0,0,0
pay_00001767,1069.45,UPI,DIGITAL_SERVICES,13.3_NOT_AS_DESCRIBED,0,2,554,0,0,1
pay_00001768,807.14,UPI,DIGITAL_SERVICES,13.1_MERCHANDISE_NOT_RECEIVED,1,1,944,0,0,0
pay_00001769,852.49,UPI,ELECTRONICS,10.5_VISA_EASY_PAYMENT,0,3,20,0,0,1
pay_00001770,1022.74,UPI,TRAVEL,10.4_FRAUDULENT_TRANSACTION,0,1,112,0,0,0
pay_00001771,2405.79,UPI,DIGITAL_SERVICES,10.4_FRAUDULENT_TRANSACTION,1,0,724,0,1,0
pay_00001772,3439.61,UPI,RETAIL,10.4_FRAUDULENT_TRANSACTION,1,1,608,0,0,0
pay_00001773,4762.84,UPI,GAMING,10.4_FRAUDULENT_TRANSACTION,1,0,532,0,0,0
pay_00001774,2419.01,WALLET,RETAIL,13.1_MERCHANDISE_NOT_RECEIVED,1,1,16,0,0,0
pay_00001775,668.4,UPI,RETAIL,13.3_NOT_AS_DESCRIBED,1,0,507,1,0,1
pay_00001776,1847.78,UPI,RETAIL,13.1_MERCHANDISE_NOT_RECEIVED,1,0,57,1,0,1
pay_00001777,963.32,CREDIT_CARD,TRAVEL,10.4_FRAUDULENT_TRANSACTION,0,0,275,0,0,1
pay_00001778,540.89,NETBANKING,TRAVEL,13.1_MERCHANDISE_NOT_RECEIVED,1,1,735,0,1,0
pay_00001779,2857.07,CREDIT_CARD,TRAVEL,13.1_MERCHANDISE_NOT_RECEIVED,1,0,13,0,0,0
pay_00001780,158.78,UPI,GAMING,13.1_MERCHANDISE_NOT_RECEIVED,1,1,759,0,0,0
pay_00001781,3580.54,CREDIT_CARD,ELECTRONICS,13.1_MERCHANDISE_NOT_RECEIVED,1,1,532,0,1,0
pay_00001782,1028.39,DEBIT_CARD,DIGITAL_SERVICES,13.1_MERCHANDISE_NOT_RECEIVED,1,0,363,0,0,0
pay_00001783,1620.86,DEBIT_CARD,DIGITAL_SERVICES,10.4_FRAUDULENT_TRANSACTION,1,1,332,0,1,0
pay_00001784,1715.37,CREDIT_CARD,ELECTRONICS,13.1_MERCHANDISE_NOT_RECEIVED,1,4,433,0,0,0
pay_00001785,3482.38,NETBANKING,DIGITAL_SERVICES,13.1_MERCHANDISE_NOT_RECEIVED,1,0,239,2,0,0
pay_00001786,1618.66,NETBANKING,RETAIL,10.4_FRAUDULENT_TRANSACTION,1,0,410,0,0,0
pay_00001787,1527.62,CREDIT_CARD,GAMING,10.4_FRAUDULENT_TRANSACTION,1,1,547,0,0,0
pay_00001788,203.47,UPI,DIGITAL_SERVICES,10.4_FRAUDULENT_TRANSACTION,1,1,169,0,0,0
pay_00001789,1195.99,CREDIT_CARD,GAMING,10.4_FRAUDULENT_TRANSACTION,1,1,394,0,0,0
pay_00001790,344.08,DEBIT_CARD,ELECTRONICS,13.3_NOT_AS_DESCRIBED,1,0,332,0,0,0
pay_00001791,2105.88,UPI,DIGITAL_SERVICES,10.4_FRAUDULENT_TRANSACTION,1,1,280,0,0,0
pay_00001792,1176.84,WALLET,GAMING,10.4_FRAUDULENT_TRANSACTION,0,0,201,0,0,0
pay_00001793,1810.22,UPI,RETAIL,10.4_FRAUDULENT_TRANSACTION,1,1,837,0,1,0
pay_00001794,163.85,UPI,RETAIL,10.4_FRAUDULENT_TRANSACTION,1,0,159,0,0,0
pay_00001795,232.91,NETBANKING,ELECTRONICS,13.1_MERCHANDISE_NOT_RECEIVED,1,1,438,0,0,0
pay_00001796,1989.88,UPI,TRAVEL,13.1_MERCHANDISE_NOT_RECEIVED,1,0,314,0,0,0
pay_00001797,212.22,UPI,DIGITAL_SERVICES,10.4_FRAUDULENT_TRANSACTION,1,1,98,0,0,0
pay_00001798,210.88,UPI,RETAIL,10.5_VISA_EASY_PAYMENT,0,0,828,0,0,0
pay_00001799,118.27,UPI,RETAIL,10.4_FRAUDULENT_TRANSACTION,1,0,877,0,0,0
pay_00001800,4802.54,UPI,ELECTRONICS,13.1_MERCHANDISE_NOT_RECEIVED,1,0,11,0,0,0
pay_00001801,2106.3,UPI,RETAIL,13.3_NOT_AS_DESCRIBED,1,0,585,0,0,0
pay_00001802,753.7,UPI,DIGITAL_SERVICES,13.1_MERCHANDISE_NOT_RECEIVED,0,1,214,0,0,0
pay_00001803,627.61,WALLET,ELECTRONICS,10.5_VISA_EASY_PAYMENT,1,1,40,0,0,0
pay_00001804,745.49,WALLET,GAMING,13.3_NOT_AS_DESCRIBED,1,0,439,0,0,0
pay_00001805,2335.17,UPI,ELECTRONICS,10.5_VISA_EASY_PAYMENT,1,0,431,0,0,0
pay_00001806,1724.27,DEBIT_CARD,DIGITAL_SERVICES,10.4_FRAUDULENT_TRANSACTION,1,1,988,0,0,0
pay_00001807,407.21,UPI,DIGITAL_SERVICES,13.1_MERCHANDISE_NOT_RECEIVED,1,1,445,0,0,0
pay_00001808,386.94,UPI,GAMING,13.3_NOT_AS_DESCRIBED,1,0,720,0,0,0
pay_00001809,255.37,UPI,ELECTRONICS,10.5_VISA_EASY_PAYMENT,1,0,586,0,0,0
pay_00001810,1719.55,WALLET,DIGITAL_SERVICES,10.5_VISA_EASY_PAYMENT,1,0,34,0,0,0
pay_00001811,2268.26,NETBANKING,DIGITAL_SERVICES,13.3_NOT_AS_DESCRIBED,1,0,62,0,0,0
pay_00001812,561.92,UPI,GAMING,13.1_MERCHANDISE_NOT_RECEIVED,1,1,79,0,0,0
pay_00001813,131.75,UPI,TRAVEL,10.4_FRAUDULENT_TRANSACTION,1,0,978,2,0,0
pay_00001814,228.62,UPI,ELECTRONICS,10.4_FRAUDULENT_TRANSACTION,1,0,173,0,0,0
pay_00001815,5256.48,CREDIT_CARD,DIGITAL_SERVICES,10.4_FRAUDULENT_TRANSACTION,0,0,607,0,0,1
pay_00001816,625.28,CREDIT_CARD,RETAIL,10.4_FRAUDULENT_TRANSACTION,1,2,517,0,1,0
pay_00001817,2299.46,UPI,GAMING,10.4_FRAUDULENT_TRANSACTION,1,1,307,2,0,0
pay_00001818,1569.9,DEBIT_CARD,TRAVEL,10.4_FRAUDULENT_TRANSACTION,1,0,353,0,0,0
pay_00001819,821.75,UPI,TRAVEL,10.4_FRAUDULENT_TRANSACTION,1,1,58,0,0,0
pay_00001820,445.42,NETBANKING,GAMING,10.5_VISA_EASY_PAYMENT,1,0,123,0,0,0
pay_00001821,294.12,CREDIT_CARD,TRAVEL,10.4_FRAUDULENT_TRANSACTION,1,1,605,0,0,0
pay_00001822,1531.82,UPI,DIGITAL_SERVICES,10.4_FRAUDULENT_TRANSACTION,1,0,3,0,0,0
pay_00001823,2335.04,DEBIT_CARD,TRAVEL,13.1_MERCHANDISE_NOT_RECEIVED,1,1,23,0,0,0
pay_00001824,1648.83,DEBIT_CARD,ELECTRONICS,13.3_NOT_AS_DESCRIBED,1,1,266,0,0,0
pay_00001825,1233.5,UPI,RETAIL,10.4_FRAUDULENT_TRANSACTION,1,0,815,0,0,0
pay_00001826,164.28,UPI,DIGITAL_SERVICES,10.4_FRAUDULENT_TRANSACTION,1,0,800,0,0,0
pay_00001827,5286.12,NETBANKING,GAMING,10.4_FRAUDULENT_TRANSACTION,1,2,889,0,0,0
pay_00001828,2504.54,UPI,RETAIL,10.4_FRAUDULENT_TRANSACTION,0,1,48,0,1,1
pay_00001829,619.71,UPI,DIGITAL_SERVICES,10.4_FRAUDULENT_TRANSACTION,1,0,923,0,1,0
pay_00001830,5965.81,UPI,RETAIL,13.1_MERCHANDISE_NOT_RECEIVED,0,0,253,0,0,0
pay_00001831,1481.51,DEBIT_CARD,TRAVEL,13.3_NOT_AS_DESCRIBED,1,1,548,0,0,0
pay_00001832,1409.93,DEBIT_CARD,GAMING,13.1_MERCHANDISE_NOT_RECEIVED,1,1,88,0,0,0
pay_00001833,2167.92,NETBANKING,GAMING,10.4_FRAUDULENT_TRANSACTION,0,0,310,0,1,0
pay_00001834,2605.13,CREDIT_CARD,ELECTRONICS,10.4_FRAUDULENT_TRANSACTION,1,0,532,0,0,0
pay_00001835,1702.76,UPI,TRAVEL,10.4_FRAUDULENT_TRANSACTION,0,0,643,0,0,0
pay_00001836,305.61,CREDIT_CARD,ELECTRONICS,10.4_FRAUDULENT_TRANSACTION,0,0,197,0,0,0
pay_00001837,719.34,DEBIT_CARD,ELECTRONICS,13.1_MERCHANDISE_NOT_RECEIVED,1,0,387,1,0,0
pay_00001838,4048.38,UPI,TRAVEL,10.5_VISA_EASY_PAYMENT,1,0,936,0,0,1
pay_00001839,481.59,UPI,DIGITAL_SERVICES,10.4_FRAUDULENT_TRANSACTION,0,0,251,0,0,0
pay_00001840,798.22,UPI,ELECTRONICS,10.5_VISA_EASY_PAYMENT,1,0,828,0,0,0
pay_00001841,948.65,CREDIT_CARD,RETAIL,10.5_VISA_EASY_PAYMENT,1,0,966,0,0,0
pay_00001842,968.13,NETBANKING,DIGITAL_SERVICES,10.4_FRAUDULENT_TRANSACTION,1,1,463,2,0,0
pay_00001843,1523.76,CREDIT_CARD,TRAVEL,10.4_FRAUDULENT_TRANSACTION,1,1,379,0,0,0
pay_00001844,4399.05,WALLET,GAMING,10.4_FRAUDULENT_TRANSACTION,1,2,710,1,0,0
pay_00001845,513.02,UPI,DIGITAL_SERVICES,13.1_MERCHANDISE_NOT_RECEIVED,1,0,23,0,0,0
pay_00001846,294.31,NETBANKING,ELECTRONICS,10.4_FRAUDULENT_TRANSACTION,1,1,700,2,0,0
pay_00001847,429.98,DEBIT_CARD,RETAIL,10.4_FRAUDULENT_TRANSACTION,1,0,798,0,0,0
pay_00001848,3369.55,UPI,TRAVEL,10.5_VISA_EASY_PAYMENT,1,0,167,0,0,0
pay_00001849,1656.89,WALLET,GAMING,10.4_FRAUDULENT_TRANSACTION,1,0,168,0,0,0
pay_00001850,605.11,UPI,RETAIL,10.4_FRAUDULENT_TRANSACTION,1,0,560,0,0,0
pay_00001851,2638.8,NETBANKING,GAMING,13.3_NOT_AS_DESCRIBED,1,1,213,0,0,0
pay_00001852,3063.92,NETBANKING,TRAVEL,13.3_NOT_AS_DESCRIBED,1,0,813,1,0,1
pay_00001853,2911.22,DEBIT_CARD,DIGITAL_SERVICES,10.4_FRAUDULENT_TRANSACTION,1,0,37,0,0,0
pay_00001854,3868.6,CREDIT_CARD,ELECTRONICS,10.4_FRAUDULENT_TRANSACTION,1,2,406,0,0,0
pay_00001855,536.01,UPI,TRAVEL,13.1_MERCHANDISE_NOT_RECEIVED,1,1,52,0,0,0
pay_00001856,2210.0,CREDIT_CARD,RETAIL,13.3_NOT_AS_DESCRIBED,1,1,770,0,0,1
pay_00001857,1025.78,UPI,DIGITAL_SERVICES,10.5_VISA_EASY_PAYMENT,1,2,14,3,0,0
pay_00001858,2867.73,DEBIT_CARD,GAMING,10.4_FRAUDULENT_TRANSACTION,1,0,530,0,0,0
pay_00001859,2055.64,DEBIT_CARD,DIGITAL_SERVICES,13.1_MERCHANDISE_NOT_RECEIVED,1,1,114,0,0,0
pay_00001860,2347.16,NETBANKING,DIGITAL_SERVICES,10.4_FRAUDULENT_TRANSACTION,1,0,178,0,0,0
pay_00001861,1701.38,UPI,RETAIL,10.5_VISA_EASY_PAYMENT,1,2,783,0,0,0
pay_00001862,392.98,DEBIT_CARD,ELECTRONICS,10.4_FRAUDULENT_TRANSACTION,0,0,805,0,0,0
pay_00001863,1281.28,NETBANKING,DIGITAL_SERVICES,10.4_FRAUDULENT_TRANSACTION,0,2,386,0,0,0
pay_00001864,6366.89,DEBIT_CARD,DIGITAL_SERVICES,10.4_FRAUDULENT_TRANSACTION,1,2,119,1,0,0
pay_00001865,4256.2,UPI,ELECTRONICS,10.4_FRAUDULENT_TRANSACTION,1,0,875,0,0,0
pay_00001866,166.2,UPI,ELECTRONICS,10.4_FRAUDULENT_TRANSACTION,1,1,852,0,0,0
pay_00001867,370.15,UPI,GAMING,10.4_FRAUDULENT_TRANSACTION,1,1,330,2,0,0
pay_00001868,311.88,CREDIT_CARD,GAMING,10.4_FRAUDULENT_TRANSACTION,1,3,581,0,0,0
pay_00001869,2041.83,CREDIT_CARD,ELECTRONICS,10.4_FRAUDULENT_TRANSACTION,0,1,32,0,0,1
pay_00001870,2653.85,WALLET,TRAVEL,13.3_NOT_AS_DESCRIBED,1,0,962,0,0,0
pay_00001871,460.27,UPI,ELECTRONICS,10.4_FRAUDULENT_TRANSACTION,1,1,748,1,1,0
pay_00001872,1157.38,UPI,GAMING,13.3_NOT_AS_DESCRIBED,0,0,753,0,0,0
pay_00001873,2855.48,CREDIT_CARD,RETAIL,13.1_MERCHANDISE_NOT_RECEIVED,0,0,313,0,0,0
pay_00001874,2079.65,DEBIT_CARD,RETAIL,10.4_FRAUDULENT_TRANSACTION,0,1,246,0,0,0
pay_00001875,1272.11,NETBANKING,DIGITAL_SERVICES,10.4_FRAUDULENT_TRANSACTION,1,1,317,2,0,1
pay_00001876,1438.67,DEBIT_CARD,RETAIL,13.3_NOT_AS_DESCRIBED,1,0,773,0,0,0
pay_00001877,1165.01,UPI,GAMING,10.4_FRAUDULENT_TRANSACTION,1,0,853,0,0,0
pay_00001878,629.77,CREDIT_CARD,RETAIL,10.4_FRAUDULENT_TRANSACTION,1,0,658,0,0,0
pay_00001879,1348.69,NETBANKING,TRAVEL,10.4_FRAUDULENT_TRANSACTION,1,1,816,0,0,0
pay_00001880,1851.39,UPI,ELECTRONICS,10.4_FRAUDULENT_TRANSACTION,0,0,296,0,0,1
pay_00001881,3199.17,UPI,ELECTRONICS,10.4_FRAUDULENT_TRANSACTION,1,1,68,0,1,0
pay_00001882,1617.1,UPI,GAMING,10.5_VISA_EASY_PAYMENT,1,0,864,1,0,0
pay_00001883,2247.7,UPI,DIGITAL_SERVICES,13.3_NOT_AS_DESCRIBED,1,1,996,0,0,0
pay_00001884,361.66,DEBIT_CARD,ELECTRONICS,13.3_NOT_AS_DESCRIBED,1,0,56,0,0,0
pay_00001885,1028.61,UPI,RETAIL,10.4_FRAUDULENT_TRANSACTION,1,0,900,0,0,0
pay_00001886,114.06,UPI,TRAVEL,10.5_VISA_EASY_PAYMENT,1,1,657,0,0,0
pay_00001887,524.9,UPI,DIGITAL_SERVICES,13.1_MERCHANDISE_NOT_RECEIVED,0,1,52,0,0,1
pay_00001888,2044.47,CREDIT_CARD,DIGITAL_SERVICES,13.3_NOT_AS_DESCRIBED,1,1,637,0,0,1
pay_00001889,7307.25,UPI,DIGITAL_SERVICES,13.1_MERCHANDISE_NOT_RECEIVED,1,0,447,0,0,0
pay_00001890,256.67,CREDIT_CARD,ELECTRONICS,10.4_FRAUDULENT_TRANSACTION,1,3,938,0,0,0
pay_00001891,869.98,UPI,DIGITAL_SERVICES,13.3_NOT_AS_DESCRIBED,1,0,417,0,0,0
pay_00001892,2514.69,UPI,GAMING,10.4_FRAUDULENT_TRANSACTION,1,0,982,0,0,0
pay_00001893,442.3,UPI,RETAIL,10.5_VISA_EASY_PAYMENT,1,1,786,0,0,0
pay_00001894,1314.81,UPI,TRAVEL,10.4_FRAUDULENT_TRANSACTION,1,2,411,0,0,0
pay_00001895,2081.16,UPI,RETAIL,10.5_VISA_EASY_PAYMENT,1,0,128,0,0,0
pay_00001896,1535.61,UPI,GAMING,10.4_FRAUDULENT_TRANSACTION,1,0,975,1,0,0
pay_00001897,412.43,NETBANKING,GAMING,10.4_FRAUDULENT_TRANSACTION,1,0,445,0,0,0
pay_00001898,758.65,CREDIT_CARD,RETAIL,13.1_MERCHANDISE_NOT_RECEIVED,1,0,25,0,0,0
pay_00001899,2397.27,UPI,ELECTRONICS,13.1_MERCHANDISE_NOT_RECEIVED,0,1,61,0,0,1
pay_00001900,1311.92,UPI,GAMING,13.1_MERCHANDISE_NOT_RECEIVED,1,0,906,0,0,0
pay_00001901,107.87,WALLET,DIGITAL_SERVICES,10.4_FRAUDULENT_TRANSACTION,1,0,336,0,0,0
pay_00001902,2246.88,CREDIT_CARD,TRAVEL,10.4_FRAUDULENT_TRANSACTION,1,0,388,0,0,0
pay_00001903,153.92,UPI,TRAVEL,10.4_FRAUDULENT_TRANSACTION,1,1,640,0,0,0
pay_00001904,2154.06,DEBIT_CARD,GAMING,10.4_FRAUDULENT_TRANSACTION,1,0,671,0,0,0
pay_00001905,439.37,DEBIT_CARD,DIGITAL_SERVICES,13.1_MERCHANDISE_NOT_RECEIVED,1,0,763,0,0,0
pay_00001906,4857.76,DEBIT_CARD,RETAIL,10.4_FRAUDULENT_TRANSACTION,1,0,800,0,0,0
pay_00001907,788.16,UPI,TRAVEL,10.4_FRAUDULENT_TRANSACTION,1,1,664,0,1,0
pay_00001908,693.86,UPI,DIGITAL_SERVICES,10.5_VISA_EASY_PAYMENT,0,0,315,0,0,0
pay_00001909,341.82,UPI,DIGITAL_SERVICES,10.4_FRAUDULENT_TRANSACTION,1,1,914,0,0,0
pay_00001910,647.07,NETBANKING,ELECTRONICS,13.1_MERCHANDISE_NOT_RECEIVED,1,0,992,0,0,0
pay_00001911,3239.1,CREDIT_CARD,GAMING,10.4_FRAUDULENT_TRANSACTION,1,1,885,2,0,0
pay_00001912,8513.12,UPI,DIGITAL_SERVICES,10.4_FRAUDULENT_TRANSACTION,1,0,604,0,0,0
pay_00001913,789.03,NETBANKING,RETAIL,13.1_MERCHANDISE_NOT_RECEIVED,1,0,203,0,0,0
pay_00001914,992.97,NETBANKING,TRAVEL,10.4_FRAUDULENT_TRANSACTION,1,0,200,0,0,0
pay_00001915,2020.58,WALLET,ELECTRONICS,13.1_MERCHANDISE_NOT_RECEIVED,1,1,705,0,0,0
pay_00001916,3359.91,NETBANKING,RETAIL,13.3_NOT_AS_DESCRIBED,1,0,886,0,1,0
pay_00001917,1448.58,WALLET,TRAVEL,13.3_NOT_AS_DESCRIBED,1,1,898,0,0,0
pay_00001918,845.2,UPI,GAMING,13.3_NOT_AS_DESCRIBED,0,1,917,1,0,1
pay_00001919,898.13,DEBIT_CARD,RETAIL,13.1_MERCHANDISE_NOT_RECEIVED,1,0,636,0,0,0
pay_00001920,1884.21,DEBIT_CARD,TRAVEL,10.4_FRAUDULENT_TRANSACTION,0,2,116,0,0,0
pay_00001921,104.84,UPI,ELECTRONICS,10.4_FRAUDULENT_TRANSACTION,1,1,979,0,0,0
pay_00001922,1549.76,UPI,TRAVEL,13.1_MERCHANDISE_NOT_RECEIVED,0,2,682,0,0,1
pay_00001923,758.9,WALLET,DIGITAL_SERVICES,13.1_MERCHANDISE_NOT_RECEIVED,1,1,990,0,0,1
pay_00001924,2471.26,UPI,ELECTRONICS,10.4_FRAUDULENT_TRANSACTION,1,0,501,0,0,0
pay_00001925,246.4,NETBANKING,RETAIL,10.4_FRAUDULENT_TRANSACTION,1,1,639,0,0,1
pay_00001926,1430.83,UPI,GAMING,10.4_FRAUDULENT_TRANSACTION,1,0,872,0,0,0
pay_00001927,1083.7,UPI,ELECTRONICS,10.4_FRAUDULENT_TRANSACTION,1,1,409,0,0,0
pay_00001928,1642.2,UPI,ELECTRONICS,10.4_FRAUDULENT_TRANSACTION,1,0,565,0,0,1
pay_00001929,200.58,UPI,ELECTRONICS,13.1_MERCHANDISE_NOT_RECEIVED,1,0,393,0,0,0
pay_00001930,1401.19,CREDIT_CARD,TRAVEL,10.4_FRAUDULENT_TRANSACTION,1,0,170,0,0,0
pay_00001931,1336.54,CREDIT_CARD,DIGITAL_SERVICES,13.1_MERCHANDISE_NOT_RECEIVED,1,1,244,1,0,0
pay_00001932,1333.72,UPI,GAMING,13.3_NOT_AS_DESCRIBED,1,0,796,2,0,0
pay_00001933,1487.57,UPI,GAMING,10.4_FRAUDULENT_TRANSACTION,0,0,933,0,0,0
pay_00001934,1792.69,UPI,DIGITAL_SERVICES,10.4_FRAUDULENT_TRANSACTION,1,1,61,0,0,0
pay_00001935,2552.05,UPI,TRAVEL,10.4_FRAUDULENT_TRANSACTION,1,2,59,1,0,0
pay_00001936,571.7,DEBIT_CARD,TRAVEL,13.1_MERCHANDISE_NOT_RECEIVED,1,1,928,0,0,0
pay_00001937,2714.88,UPI,DIGITAL_SERVICES,13.1_MERCHANDISE_NOT_RECEIVED,1,1,937,0,0,0
pay_00001938,1134.5,UPI,DIGITAL_SERVICES,10.4_FRAUDULENT_TRANSACTION,1,0,75,0,0,0
pay_00001939,220.28,UPI,RETAIL,10.4_FRAUDULENT_TRANSACTION,0,1,505,0,0,1
pay_00001940,190.5,UPI,TRAVEL,10.4_FRAUDULENT_TRANSACTION,1,0,370,0,0,0
pay_00001941,710.24,UPI,ELECTRONICS,13.3_NOT_AS_DESCRIBED,1,0,213,0,1,0
pay_00001942,2404.96,UPI,GAMING,10.4_FRAUDULENT_TRANSACTION,1,1,126,2,0,0
pay_00001943,1944.86,NETBANKING,TRAVEL,13.3_NOT_AS_DESCRIBED,1,0,152,0,0,0
pay_00001944,2431.11,NETBANKING,DIGITAL_SERVICES,13.1_MERCHANDISE_NOT_RECEIVED,0,0,577,0,0,0
pay_00001945,1192.44,DEBIT_CARD,ELECTRONICS,10.4_FRAUDULENT_TRANSACTION,1,2,720,0,0,0
pay_00001946,970.26,UPI,RETAIL,13.1_MERCHANDISE_NOT_RECEIVED,0,0,116,0,0,0
pay_00001947,339.29,UPI,RETAIL,10.4_FRAUDULENT_TRANSACTION,1,0,600,0,0,0
pay_00001948,696.68,CREDIT_CARD,ELECTRONICS,10.4_FRAUDULENT_TRANSACTION,1,1,522,0,0,0
pay_00001949,953.79,DEBIT_CARD,ELECTRONICS,10.4_FRAUDULENT_TRANSACTION,1,1,480,2,0,0
pay_00001950,239.16,WALLET,DIGITAL_SERVICES,10.4_FRAUDULENT_TRANSACTION,1,0,860,0,0,0
pay_00001951,473.87,UPI,DIGITAL_SERVICES,10.4_FRAUDULENT_TRANSACTION,1,1,562,1,0,0
pay_00001952,1467.8,UPI,GAMING,13.1_MERCHANDISE_NOT_RECEIVED,0,1,609,0,0,0
pay_00001953,2095.8,CREDIT_CARD,GAMING,10.5_VISA_EASY_PAYMENT,1,0,764,0,1,0
pay_00001954,9708.21,DEBIT_CARD,RETAIL,13.1_MERCHANDISE_NOT_RECEIVED,1,2,575,0,0,0
pay_00001955,4157.13,DEBIT_CARD,ELECTRONICS,10.4_FRAUDULENT_TRANSACTION,1,0,998,0,0,0
pay_00001956,1643.2,CREDIT_CARD,RETAIL,10.5_VISA_EASY_PAYMENT,1,1,598,0,0,1
pay_00001957,920.32,WALLET,DIGITAL_SERVICES,10.4_FRAUDULENT_TRANSACTION,1,0,193,1,0,0
pay_00001958,1616.63,CREDIT_CARD,TRAVEL,10.4_FRAUDULENT_TRANSACTION,1,1,355,0,0,0
pay_00001959,2410.23,NETBANKING,DIGITAL_SERVICES,10.4_FRAUDULENT_TRANSACTION,1,1,58,1,0,0
pay_00001960,288.92,WALLET,TRAVEL,13.1_MERCHANDISE_NOT_RECEIVED,1,0,493,0,0,0
pay_00001961,891.21,DEBIT_CARD,ELECTRONICS,10.4_FRAUDULENT_TRANSACTION,1,0,204,0,1,1
pay_00001962,2847.02,UPI,ELECTRONICS,13.1_MERCHANDISE_NOT_RECEIVED,1,1,504,0,1,0
pay_00001963,826.36,UPI,ELECTRONICS,10.4_FRAUDULENT_TRANSACTION,0,1,302,0,0,1
pay_00001964,1372.5,CREDIT_CARD,GAMING,13.1_MERCHANDISE_NOT_RECEIVED,1,1,345,0,0,0
pay_00001965,1429.26,UPI,GAMING,13.1_MERCHANDISE_NOT_RECEIVED,1,0,284,0,0,0
pay_00001966,405.89,NETBANKING,TRAVEL,13.3_NOT_AS_DESCRIBED,1,1,120,0,0,0
pay_00001967,774.68,UPI,RETAIL,10.5_VISA_EASY_PAYMENT,1,0,465,0,0,0
pay_00001968,710.85,UPI,RETAIL,13.1_MERCHANDISE_NOT_RECEIVED,0,1,208,0,0,0
pay_00001969,139.82,DEBIT_CARD,TRAVEL,10.4_FRAUDULENT_TRANSACTION,1,0,736,1,0,0
pay_00001970,136.73,UPI,GAMING,13.1_MERCHANDISE_NOT_RECEIVED,1,2,827,1,0,0
pay_00001971,2772.98,UPI,DIGITAL_SERVICES,10.4_FRAUDULENT_TRANSACTION,0,0,493,0,0,1
pay_00001972,578.39,UPI,TRAVEL,10.5_VISA_EASY_PAYMENT,0,1,772,0,0,0
pay_00001973,1194.96,CREDIT_CARD,RETAIL,13.3_NOT_AS_DESCRIBED,0,0,623,0,0,0
pay_00001974,632.28,UPI,TRAVEL,10.4_FRAUDULENT_TRANSACTION,0,0,636,0,0,0
pay_00001975,4337.19,NETBANKING,TRAVEL,13.3_NOT_AS_DESCRIBED,1,0,681,0,0,0
pay_00001976,550.23,UPI,ELECTRONICS,10.4_FRAUDULENT_TRANSACTION,0,0,113,0,0,0
pay_00001977,942.28,NETBANKING,GAMING,10.4_FRAUDULENT_TRANSACTION,0,1,572,1,0,1
pay_00001978,3192.17,UPI,ELECTRONICS,13.1_MERCHANDISE_NOT_RECEIVED,1,0,318,0,0,0
pay_00001979,2867.11,UPI,GAMING,10.4_FRAUDULENT_TRANSACTION,1,0,523,0,0,0
pay_00001980,408.88,UPI,TRAVEL,10.5_VISA_EASY_PAYMENT,1,0,532,0,0,0
pay_00001981,2534.11,UPI,GAMING,10.4_FRAUDULENT_TRANSACTION,1,1,218,0,0,0
pay_00001982,1019.25,CREDIT_CARD,RETAIL,13.3_NOT_AS_DESCRIBED,1,0,135,2,0,0
pay_00001983,1089.48,UPI,ELECTRONICS,13.1_MERCHANDISE_NOT_RECEIVED,0,2,351,0,0,0
pay_00001984,314.91,UPI,TRAVEL,13.3_NOT_AS_DESCRIBED,1,0,574,0,0,0
pay_00001985,226.05,CREDIT_CARD,RETAIL,10.4_FRAUDULENT_TRANSACTION,1,0,903,2,0,1
pay_00001986,2052.6,UPI,GAMING,10.4_FRAUDULENT_TRANSACTION,1,1,631,0,0,0
pay_00001987,1129.14,UPI,GAMING,13.3_NOT_AS_DESCRIBED,1,0,832,0,0,0
pay_00001988,961.32,DEBIT_CARD,RETAIL,13.1_MERCHANDISE_NOT_RECEIVED,1,0,698,0,1,0
pay_00001989,2061.27,NETBANKING,GAMING,10.4_FRAUDULENT_TRANSACTION,1,3,644,0,0,0
pay_00001990,2275.53,UPI,ELECTRONICS,13.1_MERCHANDISE_NOT_RECEIVED,1,0,200,0,0,0
pay_00001991,359.58,UPI,DIGITAL_SERVICES,10.5_VISA_EASY_PAYMENT,0,2,243,0,0,0
pay_00001992,1513.28,WALLET,GAMING,13.1_MERCHANDISE_NOT_RECEIVED,0,0,142,0,0,0
pay_00001993,318.15,UPI,TRAVEL,13.1_MERCHANDISE_NOT_RECEIVED,1,2,249,0,1,0
pay_00001994,2187.71,WALLET,GAMING,13.3_NOT_AS_DESCRIBED,1,0,854,0,0,0
pay_00001995,1704.84,UPI,TRAVEL,10.4_FRAUDULENT_TRANSACTION,1,0,663,0,0,0
pay_00001996,4806.45,NETBANKING,GAMING,10.5_VISA_EASY_PAYMENT,1,1,857,0,0,0
pay_00001997,207.18,UPI,GAMING,13.1_MERCHANDISE_NOT_RECEIVED,1,1,804,0,0,0
pay_00001998,188.12,NETBANKING,TRAVEL,10.4_FRAUDULENT_TRANSACTION,1,0,497,0,1,0
pay_00001999,597.32,UPI,ELECTRONICS,10.4_FRAUDULENT_TRANSACTION,1,0,90,0,0,0
pay_00002000,555.12,CREDIT_CARD,DIGITAL_SERVICES,10.4_FRAUDULENT_TRANSACTION,1,1,792,0,0,0
pay_00002001,525.49,UPI,DIGITAL_SERVICES,13.1_MERCHANDISE_NOT_RECEIVED,1,1,594,0,0,1
pay_00002002,3650.76,UPI,ELECTRONICS,13.1_MERCHANDISE_NOT_RECEIVED,1,2,21,0,0,0
pay_00002003,530.62,DEBIT_CARD,GAMING,13.3_NOT_AS_DESCRIBED,1,0,63,0,0,0
pay_00002004,576.08,CREDIT_CARD,DIGITAL_SERVICES,10.5_VISA_EASY_PAYMENT,1,1,303,0,0,0
pay_00002005,2236.92,NETBANKING,ELECTRONICS,10.4_FRAUDULENT_TRANSACTION,1,1,325,0,0,0
pay_00002006,996.05,UPI,ELECTRONICS,13.1_MERCHANDISE_NOT_RECEIVED,1,1,783,0,0,0
pay_00002007,2348.93,NETBANKING,DIGITAL_SERVICES,13.1_MERCHANDISE_NOT_RECEIVED,1,1,927,0,0,0
pay_00002008,201.4,UPI,TRAVEL,10.4_FRAUDULENT_TRANSACTION,1,0,730,0,0,0
pay_00002009,1102.89,WALLET,RETAIL,13.1_MERCHANDISE_NOT_RECEIVED,1,3,260,0,0,0
pay_00002010,151.29,WALLET,TRAVEL,10.4_FRAUDULENT_TRANSACTION,1,0,895,0,0,0
pay_00002011,197.05,UPI,GAMING,10.4_FRAUDULENT_TRANSACTION,1,0,644,0,0,0
pay_00002012,3653.69,NETBANKING,TRAVEL,10.4_FRAUDULENT_TRANSACTION,1,0,172,1,0,0
pay_00002013,324.92,DEBIT_CARD,RETAIL,13.3_NOT_AS_DESCRIBED,0,0,626,0,0,1
pay_00002014,1240.28,UPI,RETAIL,13.1_MERCHANDISE_NOT_RECEIVED,1,0,445,0,0,0
pay_00002015,894.24,CREDIT_CARD,ELECTRONICS,13.1_MERCHANDISE_NOT_RECEIVED,1,0,191,0,0,0
pay_00002016,740.06,UPI,GAMING,13.1_MERCHANDISE_NOT_RECEIVED,0,0,83,0,0,0
pay_00002017,3551.38,DEBIT_CARD,ELECTRONICS,10.4_FRAUDULENT_TRANSACTION,1,0,154,0,0,0
pay_00002018,133.1,UPI,TRAVEL,10.4_FRAUDULENT_TRANSACTION,0,0,434,0,0,0
pay_00002019,1735.03,UPI,TRAVEL,10.4_FRAUDULENT_TRANSACTION,1,1,417,2,0,0
pay_00002020,5061.33,UPI,DIGITAL_SERVICES,10.4_FRAUDULENT_TRANSACTION,1,0,900,0,0,1
pay_00002021,1332.04,CREDIT_CARD,ELECTRONICS,10.5_VISA_EASY_PAYMENT,0,0,697,0,0,0
pay_00002022,4242.71,NETBANKING,ELECTRONICS,13.1_MERCHANDISE_NOT_RECEIVED,1,0,239,0,1,0
pay_00002023,180.51,WALLET,ELECTRONICS,10.4_FRAUDULENT_TRANSACTION,1,0,830,0,0,0
pay_00002024,913.97,UPI,ELECTRONICS,10.4_FRAUDULENT_TRANSACTION,1,1,102,0,0,0
pay_00002025,551.98,UPI,RETAIL,13.1_MERCHANDISE_NOT_RECEIVED,1,0,856,0,0,0
pay_00002026,2068.57,DEBIT_CARD,DIGITAL_SERVICES,13.1_MERCHANDISE_NOT_RECEIVED,1,1,991,0,0,0
pay_00002027,6068.61,CREDIT_CARD,GAMING,13.1_MERCHANDISE_NOT_RECEIVED,1,0,162,0,0,0
pay_00002028,544.64,UPI,GAMING,10.4_FRAUDULENT_TRANSACTION,1,0,638,0,0,0
pay_00002029,1692.73,UPI,GAMING,13.1_MERCHANDISE_NOT_RECEIVED,1,0,802,0,0,0
pay_00002030,431.15,CREDIT_CARD,RETAIL,10.4_FRAUDULENT_TRANSACTION,1,0,642,0,0,1
pay_00002031,1349.75,UPI,DIGITAL_SERVICES,13.3_NOT_AS_DESCRIBED,0,0,299,0,0,0
pay_00002032,1035.24,DEBIT_CARD,DIGITAL_SERVICES,10.4_FRAUDULENT_TRANSACTION,0,0,328,0,0,1
pay_00002033,5463.61,CREDIT_CARD,RETAIL,10.4_FRAUDULENT_TRANSACTION,1,0,433,0,0,0
pay_00002034,1506.76,NETBANKING,ELECTRONICS,13.1_MERCHANDISE_NOT_RECEIVED,1,0,533,0,0,0
pay_00002035,745.04,CREDIT_CARD,TRAVEL,10.4_FRAUDULENT_TRANSACTION,1,1,652,0,0,0
pay_00002036,281.72,UPI,ELECTRONICS,13.1_MERCHANDISE_NOT_RECEIVED,0,0,548,0,0,0
pay_00002037,345.98,NETBANKING,GAMING,10.4_FRAUDULENT_TRANSACTION,1,0,891,1,0,0
pay_00002038,482.95,CREDIT_CARD,ELECTRONICS,10.4_FRAUDULENT_TRANSACTION,1,0,769,0,0,0
pay_00002039,533.46,UPI,RETAIL,13.3_NOT_AS_DESCRIBED,1,0,508,0,0,0
pay_00002040,2951.85,CREDIT_CARD,GAMING,10.4_FRAUDULENT_TRANSACTION,1,0,426,0,0,0
pay_00002041,1335.65,UPI,TRAVEL,10.4_FRAUDULENT_TRANSACTION,1,0,359,0,0,0
pay_00002042,1211.59,DEBIT_CARD,GAMING,10.4_FRAUDULENT_TRANSACTION,1,0,144,0,0,0
pay_00002043,282.86,UPI,ELECTRONICS,13.3_NOT_AS_DESCRIBED,1,1,561,0,0,0
pay_00002044,3050.67,DEBIT_CARD,DIGITAL_SERVICES,13.1_MERCHANDISE_NOT_RECEIVED,1,1,518,0,0,0
pay_00002045,2024.6,UPI,DIGITAL_SERVICES,10.5_VISA_EASY_PAYMENT,1,1,124,0,0,0
pay_00002046,205.1,UPI,DIGITAL_SERVICES,13.3_NOT_AS_DESCRIBED,1,0,737,0,0,0
pay_00002047,1945.66,WALLET,GAMING,13.3_NOT_AS_DESCRIBED,1,0,781,0,0,0
pay_00002048,1276.38,DEBIT_CARD,DIGITAL_SERVICES,10.4_FRAUDULENT_TRANSACTION,1,0,173,0,0,0
pay_00002049,227.89,UPI,RETAIL,13.3_NOT_AS_DESCRIBED,1,1,521,0,0,0
pay_00002050,1019.57,UPI,TRAVEL,10.4_FRAUDULENT_TRANSACTION,1,0,739,0,0,0
pay_00002051,1094.5,UPI,DIGITAL_SERVICES,13.3_NOT_AS_DESCRIBED,1,1,668,0,0,0
pay_00002052,371.88,CREDIT_CARD,RETAIL,13.3_NOT_AS_DESCRIBED,1,0,704,0,0,0
pay_00002053,4469.8,DEBIT_CARD,RETAIL,13.1_MERCHANDISE_NOT_RECEIVED,1,1,418,2,0,0
pay_00002054,2945.43,DEBIT_CARD,GAMING,10.4_FRAUDULENT_TRANSACTION,1,0,160,0,1,0
pay_00002055,1758.56,CREDIT_CARD,GAMING,13.1_MERCHANDISE_NOT_RECEIVED,1,0,119,0,0,0
pay_00002056,1030.67,DEBIT_CARD,TRAVEL,13.1_MERCHANDISE_NOT_RECEIVED,1,1,961,0,0,0
pay_00002057,895.94,UPI,TRAVEL,10.4_FRAUDULENT_TRANSACTION,1,1,871,0,0,0
pay_00002058,1678.91,UPI,ELECTRONICS,10.5_VISA_EASY_PAYMENT,1,0,89,0,0,1
pay_00002059,1282.61,CREDIT_CARD,TRAVEL,13.1_MERCHANDISE_NOT_RECEIVED,1,0,692,0,0,0
pay_00002060,196.44,WALLET,GAMING,10.4_FRAUDULENT_TRANSACTION,1,0,330,0,1,1
pay_00002061,1177.71,DEBIT_CARD,RETAIL,13.1_MERCHANDISE_NOT_RECEIVED,1,1,450,0,1,1
pay_00002062,2562.97,CREDIT_CARD,ELECTRONICS,13.1_MERCHANDISE_NOT_RECEIVED,1,0,132,0,0,0
pay_00002063,1022.17,CREDIT_CARD,TRAVEL,13.3_NOT_AS_DESCRIBED,1,2,537,0,0,0
pay_00002064,180.03,NETBANKING,RETAIL,13.1_MERCHANDISE_NOT_RECEIVED,0,3,592,1,0,1
pay_00002065,2414.62,UPI,GAMING,10.4_FRAUDULENT_TRANSACTION,1,0,63,0,0,0
pay_00002066,437.27,UPI,DIGITAL_SERVICES,10.4_FRAUDULENT_TRANSACTION,1,0,808,0,0,0
pay_00002067,548.86,WALLET,ELECTRONICS,10.4_FRAUDULENT_TRANSACTION,1,0,108,0,0,1
pay_00002068,369.96,NETBANKING,RETAIL,10.4_FRAUDULENT_TRANSACTION,1,1,837,0,0,0
pay_00002069,701.2,UPI,GAMING,13.3_NOT_AS_DESCRIBED,1,0,696,0,0,0
pay_00002070,2220.51,UPI,GAMING,10.4_FRAUDULENT_TRANSACTION,1,0,663,0,0,0
pay_00002071,1199.04,UPI,ELECTRONICS,10.4_FRAUDULENT_TRANSACTION,1,0,596,0,0,0
pay_00002072,443.9,UPI,ELECTRONICS,13.3_NOT_AS_DESCRIBED,1,0,387,0,0,0
pay_00002073,3253.51,WALLET,TRAVEL,10.4_FRAUDULENT_TRANSACTION,1,0,384,0,0,0
pay_00002074,3275.18,UPI,TRAVEL,10.4_FRAUDULENT_TRANSACTION,1,0,321,0,0,0
pay_00002075,3167.02,NETBANKING,ELECTRONICS,13.1_MERCHANDISE_NOT_RECEIVED,1,0,894,0,0,0
pay_00002076,509.28,UPI,ELECTRONICS,10.4_FRAUDULENT_TRANSACTION,1,2,307,0,0,0
pay_00002077,1000.14,CREDIT_CARD,RETAIL,13.1_MERCHANDISE_NOT_RECEIVED,1,0,760,0,0,0
pay_00002078,6398.52,UPI,TRAVEL,13.3_NOT_AS_DESCRIBED,1,0,281,0,0,0
pay_00002079,2317.7,DEBIT_CARD,GAMING,10.5_VISA_EASY_PAYMENT,0,2,208,0,0,0
pay_00002080,141.31,CREDIT_CARD,TRAVEL,10.4_FRAUDULENT_TRANSACTION,1,2,809,0,0,0
pay_00002081,201.14,CREDIT_CARD,TRAVEL,10.4_FRAUDULENT_TRANSACTION,1,0,517,0,0,0
pay_00002082,1035.24,UPI,ELECTRONICS,13.1_MERCHANDISE_NOT_RECEIVED,1,1,740,2,0,0
pay_00002083,3698.98,UPI,ELECTRONICS,10.4_FRAUDULENT_TRANSACTION,0,0,192,0,0,0
pay_00002084,1260.57,UPI,TRAVEL,10.4_FRAUDULENT_TRANSACTION,1,1,646,0,1,0
pay_00002085,1133.17,UPI,DIGITAL_SERVICES,10.4_FRAUDULENT_TRANSACTION,1,1,588,0,1,0
pay_00002086,267.19,CREDIT_CARD,DIGITAL_SERVICES,13.1_MERCHANDISE_NOT_RECEIVED,1,1,814,0,0,0
pay_00002087,1704.08,CREDIT_CARD,TRAVEL,13.3_NOT_AS_DESCRIBED,1,1,919,3,1,0
pay_00002088,2689.83,CREDIT_CARD,DIGITAL_SERVICES,10.5_VISA_EASY_PAYMENT,1,0,622,0,0,0
pay_00002089,818.07,CREDIT_CARD,TRAVEL,13.3_NOT_AS_DESCRIBED,1,1,166,0,0,0
pay_00002090,2341.57,UPI,ELECTRONICS,10.4_FRAUDULENT_TRANSACTION,1,0,901,2,0,0
pay_00002091,5106.35,UPI,ELECTRONICS,13.1_MERCHANDISE_NOT_RECEIVED,1,2,61,0,0,0
pay_00002092,441.79,UPI,ELECTRONICS,10.4_FRAUDULENT_TRANSACTION,1,1,642,0,0,0
pay_00002093,1211.4,DEBIT_CARD,GAMING,10.5_VISA_EASY_PAYMENT,1,0,3,0,0,0
pay_00002094,607.7,CREDIT_CARD,ELECTRONICS,10.5_VISA_EASY_PAYMENT,1,0,647,0,0,0
pay_00002095,2461.5,UPI,ELECTRONICS,10.5_VISA_EASY_PAYMENT,1,1,346,0,0,0
pay_00002096,1392.68,UPI,TRAVEL,13.3_NOT_AS_DESCRIBED,1,0,460,0,0,0
pay_00002097,1610.07,NETBANKING,DIGITAL_SERVICES,13.1_MERCHANDISE_NOT_RECEIVED,1,0,434,0,0,0
pay_00002098,2498.59,DEBIT_CARD,DIGITAL_SERVICES,13.1_MERCHANDISE_NOT_RECEIVED,1,0,956,0,0,0
pay_00002099,856.2,CREDIT_CARD,ELECTRONICS,10.5_VISA_EASY_PAYMENT,1,0,961,1,0,0
pay_00002100,3799.25,UPI,ELECTRONICS,13.1_MERCHANDISE_NOT_RECEIVED,1,1,705,1,1,0
pay_00002101,1242.23,UPI,ELECTRONICS,13.3_NOT_AS_DESCRIBED,1,0,353,0,0,0
pay_00002102,357.88,WALLET,TRAVEL,10.5_VISA_EASY_PAYMENT,0,0,62,0,0,0
pay_00002103,1885.59,DEBIT_CARD,TRAVEL,13.1_MERCHANDISE_NOT_RECEIVED,0,0,310,2,0,1
pay_00002104,2464.45,UPI,TRAVEL,10.4_FRAUDULENT_TRANSACTION,1,2,245,0,0,0
pay_00002105,671.37,DEBIT_CARD,DIGITAL_SERVICES,10.4_FRAUDULENT_TRANSACTION,1,1,999,0,0,0
pay_00002106,3019.25,DEBIT_CARD,GAMING,10.4_FRAUDULENT_TRANSACTION,1,2,508,0,0,0
pay_00002107,3648.98,UPI,DIGITAL_SERVICES,10.4_FRAUDULENT_TRANSACTION,1,1,53,0,0,0
pay_00002108,586.32,UPI,TRAVEL,10.4_FRAUDULENT_TRANSACTION,1,0,521,0,0,0
pay_00002109,6258.55,UPI,RETAIL,13.1_MERCHANDISE_NOT_RECEIVED,1,0,641,0,0,0
pay_00002110,327.48,UPI,GAMING,10.4_FRAUDULENT_TRANSACTION,0,0,399,0,0,0
pay_00002111,438.5,DEBIT_CARD,ELECTRONICS,10.5_VISA_EASY_PAYMENT,0,0,857,0,0,1
pay_00002112,405.42,UPI,DIGITAL_SERVICES,10.4_FRAUDULENT_TRANSACTION,0,1,108,0,0,0
pay_00002113,3466.33,DEBIT_CARD,GAMING,13.3_NOT_AS_DESCRIBED,1,1,804,0,0,0
pay_00002114,1693.24,WALLET,RETAIL,10.4_FRAUDULENT_TRANSACTION,0,0,394,0,0,1
pay_00002115,347.5,UPI,GAMING,13.1_MERCHANDISE_NOT_RECEIVED,1,1,375,0,0,0
pay_00002116,970.59,UPI,DIGITAL_SERVICES,13.1_MERCHANDISE_NOT_RECEIVED,0,0,562,0,1,0
pay_00002117,1532.93,DEBIT_CARD,TRAVEL,13.3_NOT_AS_DESCRIBED,1,0,415,0,0,0
pay_00002118,230.73,DEBIT_CARD,ELECTRONICS,13.1_MERCHANDISE_NOT_RECEIVED,1,0,499,0,1,0
pay_00002119,3310.91,DEBIT_CARD,TRAVEL,10.4_FRAUDULENT_TRANSACTION,1,1,724,0,0,0
pay_00002120,2541.43,UPI,TRAVEL,10.4_FRAUDULENT_TRANSACTION,1,2,69,0,0,0
pay_00002121,1155.42,UPI,DIGITAL_SERVICES,10.4_FRAUDULENT_TRANSACTION,1,0,476,0,0,0
pay_00002122,5222.64,CREDIT_CARD,TRAVEL,10.4_FRAUDULENT_TRANSACTION,0,0,98,2,0,0
pay_00002123,911.31,WALLET,TRAVEL,13.1_MERCHANDISE_NOT_RECEIVED,1,1,615,0,0,0
pay_00002124,6313.13,UPI,DIGITAL_SERVICES,13.1_MERCHANDISE_NOT_RECEIVED,1,0,870,0,0,0
pay_00002125,1753.57,NETBANKING,DIGITAL_SERVICES,13.3_NOT_AS_DESCRIBED,1,0,16,1,0,0
pay_00002126,1610.44,UPI,RETAIL,10.5_VISA_EASY_PAYMENT,1,0,79,0,0,0
pay_00002127,372.2,WALLET,TRAVEL,10.4_FRAUDULENT_TRANSACTION,1,0,745,0,1,0
pay_00002128,3304.69,CREDIT_CARD,GAMING,10.4_FRAUDULENT_TRANSACTION,1,0,743,0,0,0
pay_00002129,936.59,UPI,ELECTRONICS,13.3_NOT_AS_DESCRIBED,1,1,298,0,1,0
pay_00002130,365.52,CREDIT_CARD,ELECTRONICS,10.4_FRAUDULENT_TRANSACTION,0,0,410,0,0,0
pay_00002131,119.03,UPI,DIGITAL_SERVICES,13.1_MERCHANDISE_NOT_RECEIVED,0,2,670,0,0,0
pay_00002132,1330.64,UPI,DIGITAL_SERVICES,13.1_MERCHANDISE_NOT_RECEIVED,1,1,258,0,0,0
pay_00002133,1224.26,UPI,RETAIL,13.1_MERCHANDISE_NOT_RECEIVED,0,3,963,0,0,0
pay_00002134,2005.99,UPI,TRAVEL,13.3_NOT_AS_DESCRIBED,1,0,211,0,0,0
pay_00002135,3414.44,UPI,DIGITAL_SERVICES,10.5_VISA_EASY_PAYMENT,1,0,184,0,0,0
pay_00002136,224.11,DEBIT_CARD,DIGITAL_SERVICES,10.5_VISA_EASY_PAYMENT,1,1,920,0,1,0
pay_00002137,2072.34,CREDIT_CARD,ELECTRONICS,13.3_NOT_AS_DESCRIBED,1,1,195,0,0,1
pay_00002138,411.3,UPI,TRAVEL,13.3_NOT_AS_DESCRIBED,1,1,40,1,0,0
pay_00002139,3029.76,NETBANKING,RETAIL,10.4_FRAUDULENT_TRANSACTION,0,0,703,2,0,1
pay_00002140,2664.41,CREDIT_CARD,DIGITAL_SERVICES,13.3_NOT_AS_DESCRIBED,1,1,453,1,1,1
pay_00002141,1267.38,WALLET,DIGITAL_SERVICES,10.4_FRAUDULENT_TRANSACTION,1,0,315,0,0,0
pay_00002142,1958.07,CREDIT_CARD,DIGITAL_SERVICES,13.1_MERCHANDISE_NOT_RECEIVED,0,0,992,0,0,1
pay_00002143,666.08,UPI,ELECTRONICS,10.4_FRAUDULENT_TRANSACTION,1,0,61,0,0,0
pay_00002144,1055.63,UPI,DIGITAL_SERVICES,10.4_FRAUDULENT_TRANSACTION,1,0,692,0,0,0
pay_00002145,2685.9,CREDIT_CARD,DIGITAL_SERVICES,10.4_FRAUDULENT_TRANSACTION,0,0,479,0,0,0
pay_00002146,1022.24,UPI,ELECTRONICS,10.4_FRAUDULENT_TRANSACTION,0,0,844,0,0,0
pay_00002147,764.28,UPI,DIGITAL_SERVICES,10.4_FRAUDULENT_TRANSACTION,0,1,747,0,0,0
pay_00002148,1122.46,UPI,TRAVEL,10.4_FRAUDULENT_TRANSACTION,1,0,36,0,0,0
pay_00002149,2742.57,UPI,TRAVEL,13.3_NOT_AS_DESCRIBED,1,1,228,0,0,0
pay_00002150,712.42,UPI,ELECTRONICS,13.3_NOT_AS_DESCRIBED,1,0,543,0,0,0
pay_00002151,386.31,UPI,TRAVEL,13.3_NOT_AS_DESCRIBED,1,0,737,0,0,0
pay_00002152,1967.27,UPI,RETAIL,13.3_NOT_AS_DESCRIBED,1,0,123,0,1,0
pay_00002153,2722.86,CREDIT_CARD,DIGITAL_SERVICES,13.3_NOT_AS_DESCRIBED,0,1,263,0,0,1
pay_00002154,259.1,CREDIT_CARD,RETAIL,10.5_VISA_EASY_PAYMENT,0,0,123,0,0,0
pay_00002155,511.41,UPI,TRAVEL,13.1_MERCHANDISE_NOT_RECEIVED,1,0,218,0,0,0
pay_00002156,329.68,UPI,ELECTRONICS,13.1_MERCHANDISE_NOT_RECEIVED,1,0,346,1,0,0
pay_00002157,741.43,UPI,ELECTRONICS,13.3_NOT_AS_DESCRIBED,1,0,276,0,0,0
pay_00002158,997.71,UPI,RETAIL,10.4_FRAUDULENT_TRANSACTION,1,1,98,0,0,0
pay_00002159,2172.42,UPI,TRAVEL,10.4_FRAUDULENT_TRANSACTION,1,1,929,0,0,0
pay_00002160,1679.66,UPI,DIGITAL_SERVICES,13.1_MERCHANDISE_NOT_RECEIVED,1,0,467,0,1,0
pay_00002161,1555.05,CREDIT_CARD,TRAVEL,10.4_FRAUDULENT_TRANSACTION,1,0,913,1,0,0
pay_00002162,751.67,CREDIT_CARD,TRAVEL,10.4_FRAUDULENT_TRANSACTION,1,2,485,0,0,0
pay_00002163,2862.5,UPI,ELECTRONICS,10.4_FRAUDULENT_TRANSACTION,1,0,6,0,0,0
pay_00002164,1055.96,UPI,GAMING,13.3_NOT_AS_DESCRIBED,1,1,123,0,0,0
pay_00002165,5902.36,CREDIT_CARD,DIGITAL_SERVICES,10.5_VISA_EASY_PAYMENT,1,0,86,1,0,0
pay_00002166,1608.27,NETBANKING,DIGITAL_SERVICES,10.4_FRAUDULENT_TRANSACTION,1,2,742,0,0,0
pay_00002167,302.47,DEBIT_CARD,ELECTRONICS,10.4_FRAUDULENT_TRANSACTION,1,1,503,0,0,0
pay_00002168,1791.34,CREDIT_CARD,TRAVEL,10.4_FRAUDULENT_TRANSACTION,1,0,81,0,0,1
pay_00002169,689.8,UPI,ELECTRONICS,13.1_MERCHANDISE_NOT_RECEIVED,1,0,916,0,0,0
pay_00002170,1839.11,UPI,TRAVEL,10.4_FRAUDULENT_TRANSACTION,1,1,362,0,1,0
pay_00002171,208.28,NETBANKING,GAMING,10.4_FRAUDULENT_TRANSACTION,1,1,426,0,0,0
pay_00002172,388.34,UPI,GAMING,10.4_FRAUDULENT_TRANSACTION,0,1,703,1,0,0
pay_00002173,3004.18,WALLET,RETAIL,10.4_FRAUDULENT_TRANSACTION,1,1,767,0,0,0
pay_00002174,486.56,CREDIT_CARD,TRAVEL,10.4_FRAUDULENT_TRANSACTION,1,1,41,0,0,0
pay_00002175,2821.39,CREDIT_CARD,ELECTRONICS,13.1_MERCHANDISE_NOT_RECEIVED,1,0,730,0,0,1
pay_00002176,591.25,UPI,ELECTRONICS,10.4_FRAUDULENT_TRANSACTION,1,1,348,0,0,0
pay_00002177,1644.53,CREDIT_CARD,ELECTRONICS,13.1_MERCHANDISE_NOT_RECEIVED,1,3,114,0,0,1
pay_00002178,1876.99,UPI,RETAIL,10.4_FRAUDULENT_TRANSACTION,0,0,877,1,0,0
pay_00002179,1178.17,UPI,DIGITAL_SERVICES,10.4_FRAUDULENT_TRANSACTION,1,0,200,0,0,0
pay_00002180,646.44,UPI,ELECTRONICS,10.4_FRAUDULENT_TRANSACTION,0,1,135,0,0,0
pay_00002181,458.61,NETBANKING,GAMING,13.1_MERCHANDISE_NOT_RECEIVED,1,0,199,0,0,0
pay_00002182,150.63,CREDIT_CARD,ELECTRONICS,13.1_MERCHANDISE_NOT_RECEIVED,1,1,157,0,0,0
pay_00002183,643.49,UPI,ELECTRONICS,13.3_NOT_AS_DESCRIBED,1,1,323,0,0,0
pay_00002184,1688.35,UPI,ELECTRONICS,10.4_FRAUDULENT_TRANSACTION,0,0,912,0,0,0
pay_00002185,4278.32,DEBIT_CARD,DIGITAL_SERVICES,10.4_FRAUDULENT_TRANSACTION,1,1,511,1,0,0
pay_00002186,3174.29,DEBIT_CARD,ELECTRONICS,10.4_FRAUDULENT_TRANSACTION,1,0,845,0,0,0
pay_00002187,2279.07,CREDIT_CARD,DIGITAL_SERVICES,10.4_FRAUDULENT_TRANSACTION,1,0,306,0,0,0
pay_00002188,2429.92,CREDIT_CARD,DIGITAL_SERVICES,10.4_FRAUDULENT_TRANSACTION,1,1,850,0,0,0
pay_00002189,1740.37,UPI,RETAIL,10.4_FRAUDULENT_TRANSACTION,1,0,44,0,0,0
pay_00002190,552.24,CREDIT_CARD,GAMING,10.4_FRAUDULENT_TRANSACTION,0,0,717,0,0,1
pay_00002191,3665.88,UPI,ELECTRONICS,13.1_MERCHANDISE_NOT_RECEIVED,1,1,799,0,0,0
pay_00002192,1766.33,NETBANKING,ELECTRONICS,13.3_NOT_AS_DESCRIBED,1,0,323,0,0,0
pay_00002193,1332.97,CREDIT_CARD,ELECTRONICS,10.4_FRAUDULENT_TRANSACTION,1,1,222,1,1,0
pay_00002194,276.47,UPI,DIGITAL_SERVICES,10.4_FRAUDULENT_TRANSACTION,1,0,259,0,0,0
pay_00002195,988.75,UPI,TRAVEL,13.3_NOT_AS_DESCRIBED,1,1,602,1,0,0
pay_00002196,1025.27,DEBIT_CARD,GAMING,10.4_FRAUDULENT_TRANSACTION,1,1,450,0,0,0
pay_00002197,3098.88,UPI,ELECTRONICS,13.3_NOT_AS_DESCRIBED,1,1,615,1,0,0
pay_00002198,1286.63,UPI,TRAVEL,10.5_VISA_EASY_PAYMENT,1,1,994,0,0,0
pay_00002199,818.02,CREDIT_CARD,TRAVEL,13.3_NOT_AS_DESCRIBED,1,0,358,2,0,0
pay_00002200,5745.43,UPI,TRAVEL,10.4_FRAUDULENT_TRANSACTION,0,0,717,1,0,1
pay_00002201,276.02,DEBIT_CARD,GAMING,13.1_MERCHANDISE_NOT_RECEIVED,0,0,843,0,1,1
pay_00002202,923.7,UPI,TRAVEL,13.1_MERCHANDISE_NOT_RECEIVED,1,0,869,1,0,0
pay_00002203,164.4,DEBIT_CARD,ELECTRONICS,10.4_FRAUDULENT_TRANSACTION,1,0,263,0,0,0
pay_00002204,2120.06,UPI,ELECTRONICS,13.3_NOT_AS_DESCRIBED,1,1,27,0,0,0
pay_00002205,3852.96,UPI,RETAIL,10.4_FRAUDULENT_TRANSACTION,1,0,7,0,0,0
pay_00002206,592.83,NETBANKING,DIGITAL_SERVICES,13.3_NOT_AS_DESCRIBED,1,0,264,0,0,0
pay_00002207,3031.51,CREDIT_CARD,TRAVEL,10.4_FRAUDULENT_TRANSACTION,1,0,356,0,0,1
pay_00002208,618.43,UPI,DIGITAL_SERVICES,10.4_FRAUDULENT_TRANSACTION,1,0,554,0,0,0
pay_00002209,3724.81,UPI,DIGITAL_SERVICES,13.1_MERCHANDISE_NOT_RECEIVED,0,1,221,0,0,1
pay_00002210,2203.4,CREDIT_CARD,DIGITAL_SERVICES,10.4_FRAUDULENT_TRANSACTION,1,0,853,0,0,0
pay_00002211,2551.42,CREDIT_CARD,DIGITAL_SERVICES,10.4_FRAUDULENT_TRANSACTION,1,1,154,0,0,0
pay_00002212,127.26,WALLET,DIGITAL_SERVICES,10.4_FRAUDULENT_TRANSACTION,0,0,573,0,0,0
pay_00002213,5037.59,WALLET,ELECTRONICS,10.4_FRAUDULENT_TRANSACTION,0,1,276,0,0,0
pay_00002214,2045.62,CREDIT_CARD,GAMING,13.1_MERCHANDISE_NOT_RECEIVED,1,1,221,0,0,0
pay_00002215,645.23,UPI,TRAVEL,10.4_FRAUDULENT_TRANSACTION,1,0,591,0,0,0
pay_00002216,2752.6,UPI,TRAVEL,10.4_FRAUDULENT_TRANSACTION,1,1,87,0,0,0
pay_00002217,595.93,CREDIT_CARD,ELECTRONICS,10.4_FRAUDULENT_TRANSACTION,1,0,591,0,0,0
pay_00002218,3192.45,UPI,ELECTRONICS,10.4_FRAUDULENT_TRANSACTION,1,0,51,2,0,0
pay_00002219,279.16,UPI,DIGITAL_SERVICES,13.1_MERCHANDISE_NOT_RECEIVED,1,1,842,0,0,0
pay_00002220,1924.5,UPI,GAMING,10.4_FRAUDULENT_TRANSACTION,0,2,898,0,0,0
pay_00002221,1267.07,UPI,TRAVEL,13.3_NOT_AS_DESCRIBED,1,0,240,0,0,0
pay_00002222,252.28,UPI,RETAIL,10.4_FRAUDULENT_TRANSACTION,1,0,372,0,0,0
pay_00002223,515.4,UPI,ELECTRONICS,10.4_FRAUDULENT_TRANSACTION,1,0,128,0,0,0
pay_00002224,118.72,DEBIT_CARD,RETAIL,13.1_MERCHANDISE_NOT_RECEIVED,1,1,798,0,0,0
pay_00002225,1048.83,UPI,TRAVEL,10.4_FRAUDULENT_TRANSACTION,1,0,229,0,1,0
pay_00002226,637.73,UPI,ELECTRONICS,10.4_FRAUDULENT_TRANSACTION,1,1,347,0,0,0
pay_00002227,1468.29,UPI,TRAVEL,10.4_FRAUDULENT_TRANSACTION,0,1,913,0,0,0
pay_00002228,629.11,CREDIT_CARD,ELECTRONICS,10.4_FRAUDULENT_TRANSACTION,0,0,195,0,0,1
pay_00002229,634.84,UPI,TRAVEL,13.1_MERCHANDISE_NOT_RECEIVED,1,1,968,0,0,0
pay_00002230,2139.15,CREDIT_CARD,RETAIL,13.1_MERCHANDISE_NOT_RECEIVED,0,1,939,0,0,1
pay_00002231,174.01,WALLET,GAMING,10.4_FRAUDULENT_TRANSACTION,1,0,101,0,0,0
pay_00002232,3597.94,UPI,ELECTRONICS,13.1_MERCHANDISE_NOT_RECEIVED,1,0,305,0,0,0
pay_00002233,2968.49,UPI,RETAIL,10.5_VISA_EASY_PAYMENT,1,1,4,0,0,0
pay_00002234,1753.05,UPI,TRAVEL,13.3_NOT_AS_DESCRIBED,1,2,984,0,0,0
pay_00002235,1449.23,WALLET,RETAIL,10.4_FRAUDULENT_TRANSACTION,0,1,797,0,0,1
pay_00002236,3442.64,DEBIT_CARD,ELECTRONICS,10.4_FRAUDULENT_TRANSACTION,1,0,712,0,0,0
pay_00002237,407.46,NETBANKING,RETAIL,10.4_FRAUDULENT_TRANSACTION,1,0,162,0,0,0
pay_00002238,223.39,UPI,TRAVEL,10.4_FRAUDULENT_TRANSACTION,1,0,240,0,0,0
pay_00002239,510.69,WALLET,DIGITAL_SERVICES,10.4_FRAUDULENT_TRANSACTION,1,1,393,0,0,0
pay_00002240,2474.04,UPI,GAMING,10.4_FRAUDULENT_TRANSACTION,1,1,186,0,0,0
pay_00002241,152.93,UPI,GAMING,10.4_FRAUDULENT_TRANSACTION,1,1,81,0,0,0
pay_00002242,1411.31,NETBANKING,DIGITAL_SERVICES,13.1_MERCHANDISE_NOT_RECEIVED,1,0,586,0,0,1
pay_00002243,8184.83,NETBANKING,ELECTRONICS,10.4_FRAUDULENT_TRANSACTION,0,1,920,0,0,1
pay_00002244,3003.75,UPI,RETAIL,10.4_FRAUDULENT_TRANSACTION,0,2,696,0,0,0
pay_00002245,1205.48,UPI,RETAIL,10.4_FRAUDULENT_TRANSACTION,1,0,749,0,0,0
pay_00002246,198.63,UPI,DIGITAL_SERVICES,13.1_MERCHANDISE_NOT_RECEIVED,1,0,726,0,0,0
pay_00002247,2770.1,UPI,DIGITAL_SERVICES,13.1_MERCHANDISE_NOT_RECEIVED,0,1,81,0,0,1
pay_00002248,1470.61,UPI,TRAVEL,10.5_VISA_EASY_PAYMENT,1,1,735,0,0,0
pay_00002249,283.14,WALLET,TRAVEL,10.5_VISA_EASY_PAYMENT,1,0,876,0,0,0
pay_00002250,247.84,CREDIT_CARD,GAMING,13.1_MERCHANDISE_NOT_RECEIVED,1,0,701,0,0,0
pay_00002251,3705.71,DEBIT_CARD,ELECTRONICS,13.3_NOT_AS_DESCRIBED,1,0,201,0,0,0
pay_00002252,1759.36,DEBIT_CARD,ELECTRONICS,10.4_FRAUDULENT_TRANSACTION,1,0,975,0,0,0
pay_00002253,2751.66,CREDIT_CARD,DIGITAL_SERVICES,13.1_MERCHANDISE_NOT_RECEIVED,0,0,703,1,0,0
pay_00002254,3267.69,DEBIT_CARD,GAMING,13.1_MERCHANDISE_NOT_RECEIVED,1,0,682,0,0,0
pay_00002255,1372.15,CREDIT_CARD,GAMING,13.1_MERCHANDISE_NOT_RECEIVED,1,2,883,0,0,0
pay_00002256,1192.99,UPI,TRAVEL,10.4_FRAUDULENT_TRANSACTION,1,0,222,0,0,0
pay_00002257,944.3,CREDIT_CARD,RETAIL,10.4_FRAUDULENT_TRANSACTION,1,0,17,0,0,0
pay_00002258,671.77,CREDIT_CARD,ELECTRONICS,10.4_FRAUDULENT_TRANSACTION,1,0,711,0,0,0
pay_00002259,955.32,DEBIT_CARD,GAMING,13.1_MERCHANDISE_NOT_RECEIVED,1,1,238,0,0,0
pay_00002260,2330.03,WALLET,TRAVEL,10.5_VISA_EASY_PAYMENT,1,0,749,0,0,0
pay_00002261,1481.67,UPI,TRAVEL,10.4_FRAUDULENT_TRANSACTION,1,1,346,0,0,0
pay_00002262,3445.72,DEBIT_CARD,TRAVEL,10.5_VISA_EASY_PAYMENT,1,0,245,0,0,0
pay_00002263,978.81,UPI,RETAIL,10.4_FRAUDULENT_TRANSACTION,0,0,450,0,1,1
pay_00002264,1501.26,DEBIT_CARD,GAMING,10.5_VISA_EASY_PAYMENT,1,0,304,1,0,0
pay_00002265,1596.69,UPI,DIGITAL_SERVICES,13.3_NOT_AS_DESCRIBED,1,1,733,0,0,0
pay_00002266,1443.62,UPI,DIGITAL_SERVICES,10.4_FRAUDULENT_TRANSACTION,1,1,113,0,0,0
pay_00002267,1919.19,UPI,TRAVEL,10.4_FRAUDULENT_TRANSACTION,1,0,454,0,0,0
pay_00002268,506.6,CREDIT_CARD,TRAVEL,10.4_FRAUDULENT_TRANSACTION,1,0,417,0,1,0
pay_00002269,1177.28,UPI,RETAIL,10.5_VISA_EASY_PAYMENT,1,1,806,2,0,1
pay_00002270,265.1,NETBANKING,TRAVEL,10.4_FRAUDULENT_TRANSACTION,1,1,257,0,0,0
pay_00002271,828.01,UPI,GAMING,13.1_MERCHANDISE_NOT_RECEIVED,0,0,55,0,0,0
pay_00002272,1103.17,NETBANKING,TRAVEL,10.4_FRAUDULENT_TRANSACTION,1,3,439,0,0,1
pay_00002273,1684.3,DEBIT_CARD,TRAVEL,10.5_VISA_EASY_PAYMENT,1,0,138,0,0,0
pay_00002274,4609.62,UPI,GAMING,10.4_FRAUDULENT_TRANSACTION,1,1,372,0,0,0
pay_00002275,1476.88,UPI,ELECTRONICS,10.4_FRAUDULENT_TRANSACTION,1,1,823,0,0,0
pay_00002276,2141.49,DEBIT_CARD,DIGITAL_SERVICES,10.4_FRAUDULENT_TRANSACTION,1,0,607,0,1,0
pay_00002277,1158.64,CREDIT_CARD,TRAVEL,10.4_FRAUDULENT_TRANSACTION,0,1,125,0,0,1
pay_00002278,1608.11,CREDIT_CARD,GAMING,10.4_FRAUDULENT_TRANSACTION,1,0,24,0,0,0
pay_00002279,210.36,UPI,DIGITAL_SERVICES,13.1_MERCHANDISE_NOT_RECEIVED,1,0,456,1,0,0
pay_00002280,540.33,UPI,RETAIL,10.4_FRAUDULENT_TRANSACTION,1,1,796,0,0,0
pay_00002281,773.78,WALLET,ELECTRONICS,13.1_MERCHANDISE_NOT_RECEIVED,1,1,92,0,0,0
pay_00002282,1059.39,UPI,TRAVEL,10.4_FRAUDULENT_TRANSACTION,1,0,496,3,0,0
pay_00002283,170.09,UPI,ELECTRONICS,10.4_FRAUDULENT_TRANSACTION,1,0,364,0,0,0
pay_00002284,326.28,UPI,TRAVEL,10.4_FRAUDULENT_TRANSACTION,1,1,563,0,0,0
pay_00002285,586.13,DEBIT_CARD,TRAVEL,13.1_MERCHANDISE_NOT_RECEIVED,1,0,894,0,0,0
pay_00002286,5438.5,DEBIT_CARD,TRAVEL,10.4_FRAUDULENT_TRANSACTION,1,2,942,0,0,1
pay_00002287,703.74,UPI,ELECTRONICS,10.4_FRAUDULENT_TRANSACTION,1,0,712,0,0,0
pay_00002288,1086.79,UPI,RETAIL,13.1_MERCHANDISE_NOT_RECEIVED,1,2,157,0,0,0
pay_00002289,427.42,UPI,GAMING,10.4_FRAUDULENT_TRANSACTION,1,1,659,0,0,0
pay_00002290,1515.42,UPI,GAMING,13.1_MERCHANDISE_NOT_RECEIVED,1,1,93,0,0,0
pay_00002291,594.18,UPI,RETAIL,10.4_FRAUDULENT_TRANSACTION,0,1,379,0,0,0
pay_00002292,447.88,WALLET,RETAIL,10.4_FRAUDULENT_TRANSACTION,1,0,719,0,0,0
pay_00002293,1190.28,UPI,TRAVEL,13.3_NOT_AS_DESCRIBED,1,2,479,0,0,0
pay_00002294,108.28,UPI,TRAVEL,10.4_FRAUDULENT_TRANSACTION,1,0,5,0,0,0
pay_00002295,111.54,NETBANKING,GAMING,10.4_FRAUDULENT_TRANSACTION,1,0,433,0,0,1
pay_00002296,470.9,UPI,TRAVEL,13.1_MERCHANDISE_NOT_RECEIVED,1,1,92,0,0,0
pay_00002297,156.12,CREDIT_CARD,TRAVEL,10.4_FRAUDULENT_TRANSACTION,1,1,311,0,1,1
pay_00002298,271.48,UPI,RETAIL,13.1_MERCHANDISE_NOT_RECEIVED,1,0,46,0,0,0
pay_00002299,720.69,UPI,ELECTRONICS,10.5_VISA_EASY_PAYMENT,1,0,143,0,1,1
pay_00002300,2533.68,NETBANKING,DIGITAL_SERVICES,13.1_MERCHANDISE_NOT_RECEIVED,1,0,762,0,0,0
pay_00002301,1373.12,CREDIT_CARD,DIGITAL_SERVICES,10.4_FRAUDULENT_TRANSACTION,1,0,456,0,0,0
pay_00002302,1178.21,UPI,TRAVEL,13.1_MERCHANDISE_NOT_RECEIVED,1,0,996,0,0,0
pay_00002303,621.12,CREDIT_CARD,TRAVEL,10.4_FRAUDULENT_TRANSACTION,1,0,224,0,0,0
pay_00002304,4126.95,NETBANKING,DIGITAL_SERVICES,10.4_FRAUDULENT_TRANSACTION,1,0,167,0,0,0
pay_00002305,858.79,UPI,RETAIL,13.3_NOT_AS_DESCRIBED,1,0,999,0,0,0
pay_00002306,236.68,CREDIT_CARD,DIGITAL_SERVICES,10.4_FRAUDULENT_TRANSACTION,1,0,406,0,0,0
pay_00002307,1539.84,WALLET,DIGITAL_SERVICES,10.4_FRAUDULENT_TRANSACTION,1,2,318,0,0,0
pay_00002308,281.28,UPI,DIGITAL_SERVICES,10.4_FRAUDULENT_TRANSACTION,1,0,197,0,0,0
pay_00002309,735.19,DEBIT_CARD,TRAVEL,10.5_VISA_EASY_PAYMENT,1,2,842,0,0,0
pay_00002310,1162.12,CREDIT_CARD,TRAVEL,10.4_FRAUDULENT_TRANSACTION,1,0,671,0,0,0
pay_00002311,3209.86,CREDIT_CARD,DIGITAL_SERVICES,10.4_FRAUDULENT_TRANSACTION,0,0,933,0,0,0
pay_00002312,1120.48,UPI,TRAVEL,13.1_MERCHANDISE_NOT_RECEIVED,0,1,663,0,0,0
pay_00002313,1917.3,UPI,DIGITAL_SERVICES,13.1_MERCHANDISE_NOT_RECEIVED,1,0,736,0,0,0
pay_00002314,7504.02,CREDIT_CARD,RETAIL,10.4_FRAUDULENT_TRANSACTION,0,0,728,0,0,1
pay_00002315,311.46,UPI,TRAVEL,10.5_VISA_EASY_PAYMENT,1,0,900,0,0,0
pay_00002316,581.82,UPI,ELECTRONICS,10.4_FRAUDULENT_TRANSACTION,1,0,299,1,0,0
pay_00002317,852.74,UPI,TRAVEL,10.4_FRAUDULENT_TRANSACTION,1,2,38,0,1,0
pay_00002318,921.83,UPI,RETAIL,10.4_FRAUDULENT_TRANSACTION,1,1,655,0,0,0
pay_00002319,894.05,WALLET,RETAIL,13.1_MERCHANDISE_NOT_RECEIVED,1,0,11,0,0,0
pay_00002320,3672.62,UPI,TRAVEL,10.4_FRAUDULENT_TRANSACTION,1,1,281,2,0,0
pay_00002321,1977.82,WALLET,GAMING,13.3_NOT_AS_DESCRIBED,1,0,410,0,0,0
pay_00002322,1504.38,UPI,DIGITAL_SERVICES,10.5_VISA_EASY_PAYMENT,1,0,502,1,0,0
pay_00002323,655.23,CREDIT_CARD,DIGITAL_SERVICES,10.4_FRAUDULENT_TRANSACTION,1,0,551,0,0,0
pay_00002324,2704.12,UPI,RETAIL,10.5_VISA_EASY_PAYMENT,1,2,56,0,0,0
pay_00002325,4753.66,DEBIT_CARD,TRAVEL,10.4_FRAUDULENT_TRANSACTION,1,0,947,0,1,0
pay_00002326,2682.22,DEBIT_CARD,GAMING,10.4_FRAUDULENT_TRANSACTION,1,1,869,0,0,0
pay_00002327,102.35,UPI,ELECTRONICS,13.3_NOT_AS_DESCRIBED,1,0,356,0,0,0
pay_00002328,1617.56,NETBANKING,DIGITAL_SERVICES,13.1_MERCHANDISE_NOT_RECEIVED,1,2,929,0,0,0
pay_00002329,178.73,UPI,GAMING,13.3_NOT_AS_DESCRIBED,0,0,112,0,0,0
pay_00002330,546.82,CREDIT_CARD,DIGITAL_SERVICES,10.4_FRAUDULENT_TRANSACTION,1,0,364,0,0,0
pay_00002331,192.05,WALLET,TRAVEL,10.5_VISA_EASY_PAYMENT,1,3,148,0,0,1
pay_00002332,1488.74,NETBANKING,DIGITAL_SERVICES,13.3_NOT_AS_DESCRIBED,1,1,498,0,0,0
pay_00002333,1840.36,WALLET,ELECTRONICS,10.4_FRAUDULENT_TRANSACTION,1,1,308,0,0,0
pay_00002334,282.38,UPI,TRAVEL,10.5_VISA_EASY_PAYMENT,1,1,546,0,0,0
pay_00002335,826.37,UPI,RETAIL,10.5_VISA_EASY_PAYMENT,1,1,301,0,0,0
pay_00002336,1013.86,UPI,GAMING,10.4_FRAUDULENT_TRANSACTION,1,0,332,0,0,0
pay_00002337,790.8,CREDIT_CARD,DIGITAL_SERVICES,13.1_MERCHANDISE_NOT_RECEIVED,1,0,612,0,0,0
pay_00002338,293.5,DEBIT_CARD,TRAVEL,13.3_NOT_AS_DESCRIBED,0,0,772,0,0,0
pay_00002339,914.37,UPI,TRAVEL,13.3_NOT_AS_DESCRIBED,1,0,781,0,0,0
pay_00002340,2186.53,CREDIT_CARD,DIGITAL_SERVICES,10.4_FRAUDULENT_TRANSACTION,1,0,59,0,0,0
pay_00002341,210.48,UPI,RETAIL,13.1_MERCHANDISE_NOT_RECEIVED,1,0,323,0,0,0
pay_00002342,225.37,UPI,DIGITAL_SERVICES,10.5_VISA_EASY_PAYMENT,1,0,437,0,0,0
pay_00002343,757.23,CREDIT_CARD,RETAIL,10.4_FRAUDULENT_TRANSACTION,1,0,505,0,0,0
pay_00002344,4363.89,UPI,DIGITAL_SERVICES,13.3_NOT_AS_DESCRIBED,1,1,401,0,0,0
pay_00002345,1756.52,DEBIT_CARD,TRAVEL,13.1_MERCHANDISE_NOT_RECEIVED,0,1,455,0,0,1
pay_00002346,1802.93,UPI,ELECTRONICS,10.4_FRAUDULENT_TRANSACTION,1,0,378,0,1,0
pay_00002347,773.94,DEBIT_CARD,ELECTRONICS,10.4_FRAUDULENT_TRANSACTION,0,0,557,0,0,0
pay_00002348,1450.85,UPI,TRAVEL,13.3_NOT_AS_DESCRIBED,0,1,303,0,0,0
pay_00002349,115.27,UPI,ELECTRONICS,10.4_FRAUDULENT_TRANSACTION,1,1,206,0,0,0
pay_00002350,1616.3,CREDIT_CARD,RETAIL,10.4_FRAUDULENT_TRANSACTION,0,2,864,0,0,0
pay_00002351,3767.73,NETBANKING,TRAVEL,10.4_FRAUDULENT_TRANSACTION,1,0,624,0,0,0
pay_00002352,1522.34,UPI,RETAIL,13.1_MERCHANDISE_NOT_RECEIVED,1,2,753,0,0,0
pay_00002353,3203.63,UPI,TRAVEL,10.4_FRAUDULENT_TRANSACTION,1,2,410,0,0,0
pay_00002354,2030.89,CREDIT_CARD,RETAIL,13.1_MERCHANDISE_NOT_RECEIVED,1,0,927,0,0,0
pay_00002355,292.7,UPI,RETAIL,13.1_MERCHANDISE_NOT_RECEIVED,1,0,880,1,0,0
pay_00002356,3591.14,DEBIT_CARD,ELECTRONICS,10.4_FRAUDULENT_TRANSACTION,1,0,124,0,0,0
pay_00002357,203.13,DEBIT_CARD,TRAVEL,13.1_MERCHANDISE_NOT_RECEIVED,1,0,671,0,0,0
pay_00002358,1245.25,UPI,DIGITAL_SERVICES,13.1_MERCHANDISE_NOT_RECEIVED,1,2,464,0,0,0
pay_00002359,329.97,UPI,ELECTRONICS,10.4_FRAUDULENT_TRANSACTION,1,0,316,0,1,0
pay_00002360,117.66,DEBIT_CARD,RETAIL,13.3_NOT_AS_DESCRIBED,1,2,513,0,0,0
pay_00002361,922.36,UPI,RETAIL,10.4_FRAUDULENT_TRANSACTION,1,0,174,0,0,0
pay_00002362,624.42,CREDIT_CARD,DIGITAL_SERVICES,10.4_FRAUDULENT_TRANSACTION,1,2,802,0,0,0
pay_00002363,1098.3,UPI,DIGITAL_SERVICES,10.4_FRAUDULENT_TRANSACTION,1,1,218,0,0,0
pay_00002364,1391.28,CREDIT_CARD,RETAIL,10.4_FRAUDULENT_TRANSACTION,0,2,694,0,1,0
pay_00002365,167.09,UPI,DIGITAL_SERVICES,10.4_FRAUDULENT_TRANSACTION,1,0,699,0,0,0
pay_00002366,296.88,DEBIT_CARD,GAMING,10.4_FRAUDULENT_TRANSACTION,0,0,606,0,0,0
pay_00002367,1326.85,UPI,ELECTRONICS,10.4_FRAUDULENT_TRANSACTION,1,0,41,0,0,0
pay_00002368,730.49,UPI,TRAVEL,13.1_MERCHANDISE_NOT_RECEIVED,1,0,51,2,0,0
pay_00002369,2059.42,DEBIT_CARD,DIGITAL_SERVICES,10.4_FRAUDULENT_TRANSACTION,1,2,517,0,0,0
pay_00002370,1684.59,UPI,DIGITAL_SERVICES,13.3_NOT_AS_DESCRIBED,0,4,344,0,0,0
pay_00002371,2902.36,UPI,GAMING,13.1_MERCHANDISE_NOT_RECEIVED,1,1,906,0,0,0
pay_00002372,1868.89,UPI,TRAVEL,13.3_NOT_AS_DESCRIBED,1,1,678,0,0,0
pay_00002373,943.0,UPI,GAMING,13.1_MERCHANDISE_NOT_RECEIVED,1,2,931,0,0,0
pay_00002374,1776.54,NETBANKING,TRAVEL,13.1_MERCHANDISE_NOT_RECEIVED,1,2,706,2,0,0
pay_00002375,583.16,DEBIT_CARD,ELECTRONICS,13.1_MERCHANDISE_NOT_RECEIVED,1,0,989,1,0,0
pay_00002376,648.6,UPI,DIGITAL_SERVICES,13.1_MERCHANDISE_NOT_RECEIVED,1,0,659,0,0,0
pay_00002377,2433.74,DEBIT_CARD,ELECTRONICS,10.4_FRAUDULENT_TRANSACTION,1,2,678,0,0,0
pay_00002378,987.02,CREDIT_CARD,TRAVEL,10.4_FRAUDULENT_TRANSACTION,1,0,437,0,0,0
pay_00002379,2502.06,NETBANKING,DIGITAL_SERVICES,13.3_NOT_AS_DESCRIBED,1,0,376,0,1,0
pay_00002380,2692.52,UPI,GAMING,13.1_MERCHANDISE_NOT_RECEIVED,1,0,234,0,1,0
pay_00002381,3023.28,CREDIT_CARD,RETAIL,10.4_FRAUDULENT_TRANSACTION,1,0,562,0,0,0
pay_00002382,3826.79,CREDIT_CARD,GAMING,10.4_FRAUDULENT_TRANSACTION,1,0,334,0,0,0
pay_00002383,945.77,UPI,RETAIL,10.4_FRAUDULENT_TRANSACTION,1,0,860,0,0,0
pay_00002384,676.0,UPI,GAMING,10.4_FRAUDULENT_TRANSACTION,0,0,674,0,0,0
pay_00002385,1409.12,UPI,TRAVEL,10.5_VISA_EASY_PAYMENT,0,1,900,0,0,1
pay_00002386,795.85,DEBIT_CARD,ELECTRONICS,10.4_FRAUDULENT_TRANSACTION,1,1,61,0,0,0
pay_00002387,1478.47,UPI,RETAIL,10.4_FRAUDULENT_TRANSACTION,1,1,879,1,0,0
pay_00002388,1934.15,WALLET,TRAVEL,10.4_FRAUDULENT_TRANSACTION,1,1,857,3,0,0
pay_00002389,1849.08,UPI,ELECTRONICS,10.4_FRAUDULENT_TRANSACTION,1,0,501,0,0,0
pay_00002390,803.93,CREDIT_CARD,ELECTRONICS,10.4_FRAUDULENT_TRANSACTION,1,0,759,0,0,0
pay_00002391,373.83,NETBANKING,DIGITAL_SERVICES,13.3_NOT_AS_DESCRIBED,1,0,247,0,0,0
pay_00002392,944.57,CREDIT_CARD,DIGITAL_SERVICES,13.3_NOT_AS_DESCRIBED,1,1,966,0,1,0
pay_00002393,330.77,NETBANKING,DIGITAL_SERVICES,10.5_VISA_EASY_PAYMENT,0,0,732,0,0,0
pay_00002394,3412.24,DEBIT_CARD,RETAIL,13.1_MERCHANDISE_NOT_RECEIVED,1,0,358,0,0,0
pay_00002395,736.69,UPI,RETAIL,13.1_MERCHANDISE_NOT_RECEIVED,1,1,393,0,0,0
pay_00002396,351.67,CREDIT_CARD,ELECTRONICS,10.5_VISA_EASY_PAYMENT,1,0,692,0,0,0
pay_00002397,138.67,UPI,RETAIL,10.5_VISA_EASY_PAYMENT,1,0,338,0,1,0
pay_00002398,1656.94,CREDIT_CARD,ELECTRONICS,13.3_NOT_AS_DESCRIBED,1,0,927,0,1,0
pay_00002399,1619.63,UPI,TRAVEL,13.3_NOT_AS_DESCRIBED,1,0,854,1,0,0
pay_00002400,724.65,DEBIT_CARD,GAMING,13.1_MERCHANDISE_NOT_RECEIVED,1,1,68,1,0,0
pay_00002401,211.62,CREDIT_CARD,ELECTRONICS,10.4_FRAUDULENT_TRANSACTION,1,2,161,0,0,0
pay_00002402,890.51,UPI,ELECTRONICS,10.4_FRAUDULENT_TRANSACTION,1,0,612,0,0,0
pay_00002403,659.24,UPI,TRAVEL,13.1_MERCHANDISE_NOT_RECEIVED,1,1,827,0,0,0
pay_00002404,1795.71,WALLET,DIGITAL_SERVICES,13.1_MERCHANDISE_NOT_RECEIVED,1,1,419,0,0,0
pay_00002405,1496.27,UPI,DIGITAL_SERVICES,13.3_NOT_AS_DESCRIBED,1,0,269,0,1,0
pay_00002406,780.24,UPI,DIGITAL_SERVICES,13.3_NOT_AS_DESCRIBED,1,0,591,0,0,0
pay_00002407,468.64,UPI,ELECTRONICS,13.1_MERCHANDISE_NOT_RECEIVED,1,2,189,0,0,0
pay_00002408,6738.78,WALLET,ELECTRONICS,10.4_FRAUDULENT_TRANSACTION,1,2,97,0,0,0
pay_00002409,1007.71,WALLET,RETAIL,10.4_FRAUDULENT_TRANSACTION,1,1,988,0,0,0
pay_00002410,1848.45,CREDIT_CARD,RETAIL,10.4_FRAUDULENT_TRANSACTION,1,0,304,0,0,0
pay_00002411,327.2,NETBANKING,GAMING,10.4_FRAUDULENT_TRANSACTION,1,0,866,0,0,0
pay_00002412,1097.1,UPI,GAMING,13.1_MERCHANDISE_NOT_RECEIVED,0,1,166,0,0,0
pay_00002413,141.88,WALLET,RETAIL,10.4_FRAUDULENT_TRANSACTION,1,0,961,0,0,0
pay_00002414,1156.18,UPI,ELECTRONICS,10.4_FRAUDULENT_TRANSACTION,1,0,566,3,0,0
pay_00002415,5087.08,UPI,TRAVEL,10.4_FRAUDULENT_TRANSACTION,1,0,159,1,0,1
pay_00002416,827.27,UPI,RETAIL,13.3_NOT_AS_DESCRIBED,1,1,49,0,0,0
pay_00002417,159.67,CREDIT_CARD,ELECTRONICS,10.4_FRAUDULENT_TRANSACTION,1,0,465,2,0,0
pay_00002418,147.17,DEBIT_CARD,RETAIL,13.3_NOT_AS_DESCRIBED,1,0,662,0,0,0
pay_00002419,836.5,UPI,DIGITAL_SERVICES,10.4_FRAUDULENT_TRANSACTION,1,0,224,0,0,0
pay_00002420,361.57,WALLET,RETAIL,10.4_FRAUDULENT_TRANSACTION,1,2,925,1,0,1
pay_00002421,135.44,UPI,DIGITAL_SERVICES,13.1_MERCHANDISE_NOT_RECEIVED,1,2,193,0,0,0
pay_00002422,2217.19,UPI,ELECTRONICS,10.5_VISA_EASY_PAYMENT,0,0,48,1,0,0
pay_00002423,1020.18,UPI,DIGITAL_SERVICES,13.1_MERCHANDISE_NOT_RECEIVED,1,2,604,2,0,0
pay_00002424,612.14,CREDIT_CARD,RETAIL,13.1_MERCHANDISE_NOT_RECEIVED,0,0,105,1,0,0
pay_00002425,3555.13,DEBIT_CARD,DIGITAL_SERVICES,13.3_NOT_AS_DESCRIBED,1,2,962,0,0,0
pay_00002426,285.18,UPI,TRAVEL,13.3_NOT_AS_DESCRIBED,1,1,281,0,0,1
pay_00002427,4782.58,CREDIT_CARD,DIGITAL_SERVICES,10.4_FRAUDULENT_TRANSACTION,1,0,21,0,0,0
pay_00002428,665.24,UPI,DIGITAL_SERVICES,13.1_MERCHANDISE_NOT_RECEIVED,1,0,485,0,0,0
pay_00002429,3389.3,CREDIT_CARD,GAMING,10.5_VISA_EASY_PAYMENT,0,0,794,0,0,0
pay_00002430,1485.51,WALLET,TRAVEL,13.1_MERCHANDISE_NOT_RECEIVED,1,0,872,1,0,0
pay_00002431,2729.16,UPI,ELECTRONICS,13.3_NOT_AS_DESCRIBED,1,0,641,0,0,0
pay_00002432,6303.98,NETBANKING,DIGITAL_SERVICES,10.4_FRAUDULENT_TRANSACTION,0,0,416,0,0,0
pay_00002433,610.37,CREDIT_CARD,TRAVEL,10.4_FRAUDULENT_TRANSACTION,1,0,585,0,1,0
pay_00002434,4971.51,UPI,ELECTRONICS,13.1_MERCHANDISE_NOT_RECEIVED,1,0,174,0,0,0
pay_00002435,840.17,WALLET,TRAVEL,10.4_FRAUDULENT_TRANSACTION,1,0,753,0,0,0
pay_00002436,830.45,UPI,GAMING,13.3_NOT_AS_DESCRIBED,1,2,261,0,0,0
pay_00002437,724.15,UPI,ELECTRONICS,10.5_VISA_EASY_PAYMENT,1,0,168,0,0,0
pay_00002438,1269.39,UPI,ELECTRONICS,13.3_NOT_AS_DESCRIBED,1,1,145,0,0,0
pay_00002439,351.11,UPI,DIGITAL_SERVICES,10.5_VISA_EASY_PAYMENT,1,0,565,0,1,1
pay_00002440,1310.18,DEBIT_CARD,RETAIL,10.4_FRAUDULENT_TRANSACTION,1,0,221,0,0,0
pay_00002441,1270.36,CREDIT_CARD,ELECTRONICS,13.3_NOT_AS_DESCRIBED,1,1,620,0,0,0
pay_00002442,2252.61,NETBANKING,ELECTRONICS,10.4_FRAUDULENT_TRANSACTION,1,0,339,0,1,1
pay_00002443,2790.49,UPI,GAMING,10.4_FRAUDULENT_TRANSACTION,0,1,872,0,0,0
pay_00002444,970.91,UPI,GAMING,13.1_MERCHANDISE_NOT_RECEIVED,1,0,797,1,0,0
pay_00002445,640.02,UPI,GAMING,10.4_FRAUDULENT_TRANSACTION,1,2,883,0,0,0
pay_00002446,550.31,CREDIT_CARD,DIGITAL_SERVICES,10.5_VISA_EASY_PAYMENT,1,0,588,0,0,0
pay_00002447,424.67,WALLET,ELECTRONICS,10.4_FRAUDULENT_TRANSACTION,1,0,648,0,0,0
pay_00002448,189.06,CREDIT_CARD,GAMING,10.5_VISA_EASY_PAYMENT,1,1,107,0,0,0
pay_00002449,728.85,UPI,GAMING,10.4_FRAUDULENT_TRANSACTION,0,0,555,1,1,0
pay_00002450,572.58,NETBANKING,TRAVEL,13.3_NOT_AS_DESCRIBED,1,0,735,0,0,0
pay_00002451,5190.62,DEBIT_CARD,TRAVEL,13.3_NOT_AS_DESCRIBED,1,0,143,0,0,0
pay_00002452,1323.68,UPI,GAMING,13.1_MERCHANDISE_NOT_RECEIVED,1,0,162,0,0,0
pay_00002453,739.9,DEBIT_CARD,DIGITAL_SERVICES,10.4_FRAUDULENT_TRANSACTION,1,2,602,0,0,0
pay_00002454,1402.92,UPI,RETAIL,13.3_NOT_AS_DESCRIBED,1,2,894,1,0,0
pay_00002455,324.83,UPI,TRAVEL,10.4_FRAUDULENT_TRANSACTION,0,0,931,0,0,1
pay_00002456,980.6,UPI,TRAVEL,13.1_MERCHANDISE_NOT_RECEIVED,1,1,989,0,1,0
pay_00002457,1576.19,UPI,ELECTRONICS,13.1_MERCHANDISE_NOT_RECEIVED,1,1,929,0,0,0
pay_00002458,1106.78,UPI,ELECTRONICS,10.4_FRAUDULENT_TRANSACTION,1,0,353,0,1,1
pay_00002459,870.69,UPI,GAMING,10.4_FRAUDULENT_TRANSACTION,1,0,228,1,0,0
pay_00002460,7736.56,UPI,ELECTRONICS,10.4_FRAUDULENT_TRANSACTION,1,0,277,0,0,0
pay_00002461,3284.34,DEBIT_CARD,ELECTRONICS,10.5_VISA_EASY_PAYMENT,1,1,990,0,0,0
pay_00002462,1564.88,WALLET,RETAIL,13.1_MERCHANDISE_NOT_RECEIVED,1,1,659,0,0,0
pay_00002463,1363.78,DEBIT_CARD,DIGITAL_SERVICES,13.3_NOT_AS_DESCRIBED,0,3,96,0,1,1
pay_00002464,1553.99,UPI,GAMING,13.1_MERCHANDISE_NOT_RECEIVED,1,1,498,0,0,0
pay_00002465,437.18,UPI,RETAIL,10.5_VISA_EASY_PAYMENT,1,0,1,0,0,0
pay_00002466,854.13,UPI,GAMING,10.4_FRAUDULENT_TRANSACTION,1,1,179,0,0,0
pay_00002467,160.39,UPI,DIGITAL_SERVICES,10.4_FRAUDULENT_TRANSACTION,1,0,161,0,0,0
pay_00002468,1068.1,CREDIT_CARD,GAMING,13.3_NOT_AS_DESCRIBED,1,1,538,0,1,0
pay_00002469,1274.69,CREDIT_CARD,ELECTRONICS,13.1_MERCHANDISE_NOT_RECEIVED,0,0,938,0,0,1
pay_00002470,487.67,DEBIT_CARD,DIGITAL_SERVICES,13.1_MERCHANDISE_NOT_RECEIVED,0,0,310,1,0,0
pay_00002471,5087.56,CREDIT_CARD,RETAIL,10.4_FRAUDULENT_TRANSACTION,1,0,45,0,0,0
pay_00002472,3702.86,UPI,RETAIL,10.4_FRAUDULENT_TRANSACTION,1,0,667,0,0,0
pay_00002473,2020.97,UPI,TRAVEL,10.4_FRAUDULENT_TRANSACTION,1,0,819,1,0,0
pay_00002474,1243.38,CREDIT_CARD,RETAIL,13.1_MERCHANDISE_NOT_RECEIVED,1,0,28,1,0,0
pay_00002475,3159.98,UPI,TRAVEL,13.1_MERCHANDISE_NOT_RECEIVED,1,1,212,0,1,0
pay_00002476,310.02,UPI,ELECTRONICS,10.4_FRAUDULENT_TRANSACTION,0,0,520,0,0,1
pay_00002477,2444.62,UPI,RETAIL,13.1_MERCHANDISE_NOT_RECEIVED,1,0,858,0,0,0
pay_00002478,299.99,UPI,DIGITAL_SERVICES,10.4_FRAUDULENT_TRANSACTION,1,2,927,0,0,0
pay_00002479,2471.35,UPI,TRAVEL,13.1_MERCHANDISE_NOT_RECEIVED,1,0,5,3,1,0
pay_00002480,583.96,DEBIT_CARD,RETAIL,13.1_MERCHANDISE_NOT_RECEIVED,1,0,523,0,0,0
pay_00002481,3244.46,NETBANKING,ELECTRONICS,10.4_FRAUDULENT_TRANSACTION,1,0,341,0,0,0
pay_00002482,4424.73,UPI,DIGITAL_SERVICES,10.4_FRAUDULENT_TRANSACTION,1,0,200,0,0,0
pay_00002483,341.66,UPI,DIGITAL_SERVICES,10.4_FRAUDULENT_TRANSACTION,1,0,666,0,0,0
pay_00002484,1031.73,DEBIT_CARD,ELECTRONICS,10.5_VISA_EASY_PAYMENT,1,0,634,0,0,0
pay_00002485,6043.98,UPI,RETAIL,13.1_MERCHANDISE_NOT_RECEIVED,0,0,188,0,0,1
pay_00002486,1090.75,UPI,GAMING,10.4_FRAUDULENT_TRANSACTION,1,2,302,0,0,0
pay_00002487,3087.67,UPI,RETAIL,10.4_FRAUDULENT_TRANSACTION,1,0,140,0,0,0
pay_00002488,1432.76,UPI,TRAVEL,10.5_VISA_EASY_PAYMENT,0,1,747,0,0,1
pay_00002489,805.8,DEBIT_CARD,TRAVEL,13.1_MERCHANDISE_NOT_RECEIVED,1,1,13,0,1,0
pay_00002490,604.85,DEBIT_CARD,RETAIL,10.4_FRAUDULENT_TRANSACTION,1,0,714,0,1,0
pay_00002491,440.77,UPI,TRAVEL,10.4_FRAUDULENT_TRANSACTION,0,0,372,0,0,0
pay_00002492,2251.96,UPI,GAMING,13.3_NOT_AS_DESCRIBED,1,2,349,0,0,0
pay_00002493,832.96,UPI,GAMING,10.4_FRAUDULENT_TRANSACTION,1,1,264,0,0,0
pay_00002494,1173.93,UPI,DIGITAL_SERVICES,10.4_FRAUDULENT_TRANSACTION,1,0,426,1,0,0
pay_00002495,1116.87,WALLET,TRAVEL,10.5_VISA_EASY_PAYMENT,1,1,102,2,0,0
pay_00002496,1391.56,CREDIT_CARD,RETAIL,10.5_VISA_EASY_PAYMENT,1,2,705,0,0,0
pay_00002497,3110.15,CREDIT_CARD,DIGITAL_SERVICES,10.5_VISA_EASY_PAYMENT,1,1,393,0,0,0
pay_00002498,6024.54,DEBIT_CARD,GAMING,10.4_FRAUDULENT_TRANSACTION,1,0,644,0,1,0
pay_00002499,885.32,DEBIT_CARD,DIGITAL_SERVICES,10.4_FRAUDULENT_TRANSACTION,1,0,353,0,0,0
pay_00002500,2736.2,DEBIT_CARD,ELECTRONICS,10.4_FRAUDULENT_TRANSACTION,1,1,311,0,0,0
pay_00002501,2269.24,UPI,TRAVEL,13.3_NOT_AS_DESCRIBED,1,2,874,0,0,0
pay_00002502,1378.32,UPI,RETAIL,13.1_MERCHANDISE_NOT_RECEIVED,0,0,500,0,0,1
pay_00002503,4786.96,CREDIT_CARD,GAMING,13.3_NOT_AS_DESCRIBED,1,1,213,1,0,1
pay_00002504,435.61,UPI,DIGITAL_SERVICES,10.5_VISA_EASY_PAYMENT,1,0,379,0,0,0
pay_00002505,273.56,WALLET,RETAIL,13.3_NOT_AS_DESCRIBED,1,0,839,0,0,0
pay_00002506,2985.83,CREDIT_CARD,TRAVEL,10.4_FRAUDULENT_TRANSACTION,1,1,55,0,0,0
pay_00002507,967.45,WALLET,RETAIL,10.4_FRAUDULENT_TRANSACTION,0,0,96,0,0,0
pay_00002508,2915.67,UPI,TRAVEL,10.4_FRAUDULENT_TRANSACTION,1,1,313,0,0,0
pay_00002509,3453.65,NETBANKING,TRAVEL,10.4_FRAUDULENT_TRANSACTION,1,0,185,0,0,0
pay_00002510,196.74,UPI,TRAVEL,10.4_FRAUDULENT_TRANSACTION,1,1,423,0,0,0
pay_00002511,3324.34,WALLET,DIGITAL_SERVICES,13.3_NOT_AS_DESCRIBED,1,1,668,0,0,0
pay_00002512,992.18,UPI,TRAVEL,10.4_FRAUDULENT_TRANSACTION,1,1,666,0,1,1
pay_00002513,1171.35,CREDIT_CARD,RETAIL,13.1_MERCHANDISE_NOT_RECEIVED,1,1,505,1,0,0
pay_00002514,1577.63,DEBIT_CARD,ELECTRONICS,13.3_NOT_AS_DESCRIBED,1,1,613,0,1,0
pay_00002515,4013.31,UPI,RETAIL,10.4_FRAUDULENT_TRANSACTION,1,1,354,0,0,0
pay_00002516,128.95,UPI,DIGITAL_SERVICES,10.4_FRAUDULENT_TRANSACTION,1,0,73,1,0,0
pay_00002517,1071.81,WALLET,TRAVEL,10.4_FRAUDULENT_TRANSACTION,1,0,838,1,1,1
pay_00002518,1845.79,UPI,ELECTRONICS,10.4_FRAUDULENT_TRANSACTION,1,0,22,0,0,0
pay_00002519,2024.02,CREDIT_CARD,DIGITAL_SERVICES,13.1_MERCHANDISE_NOT_RECEIVED,1,0,201,0,0,0
pay_00002520,1869.08,UPI,GAMING,13.1_MERCHANDISE_NOT_RECEIVED,0,1,173,0,0,0
pay_00002521,316.56,DEBIT_CARD,GAMING,13.1_MERCHANDISE_NOT_RECEIVED,1,0,655,1,0,0
pay_00002522,633.72,CREDIT_CARD,GAMING,10.4_FRAUDULENT_TRANSACTION,1,0,449,0,0,0
pay_00002523,766.42,UPI,ELECTRONICS,10.4_FRAUDULENT_TRANSACTION,1,0,352,0,0,0
pay_00002524,2547.81,UPI,RETAIL,13.1_MERCHANDISE_NOT_RECEIVED,1,1,495,0,0,0
pay_00002525,590.17,CREDIT_CARD,ELECTRONICS,10.4_FRAUDULENT_TRANSACTION,1,0,146,0,0,0
pay_00002526,454.92,UPI,ELECTRONICS,10.4_FRAUDULENT_TRANSACTION,1,0,267,0,0,0
pay_00002527,4835.54,UPI,ELECTRONICS,13.3_NOT_AS_DESCRIBED,0,0,995,0,0,1
pay_00002528,113.35,CREDIT_CARD,GAMING,10.4_FRAUDULENT_TRANSACTION,1,0,865,0,0,0
pay_00002529,9293.23,UPI,RETAIL,13.3_NOT_AS_DESCRIBED,1,0,388,0,0,0
pay_00002530,1794.32,UPI,ELECTRONICS,10.4_FRAUDULENT_TRANSACTION,1,2,34,0,0,0
pay_00002531,2744.49,CREDIT_CARD,RETAIL,10.4_FRAUDULENT_TRANSACTION,1,0,304,2,0,1
pay_00002532,623.53,UPI,TRAVEL,13.1_MERCHANDISE_NOT_RECEIVED,1,0,83,1,0,0
pay_00002533,121.63,UPI,ELECTRONICS,13.3_NOT_AS_DESCRIBED,1,0,560,1,0,1
pay_00002534,2108.37,UPI,ELECTRONICS,13.3_NOT_AS_DESCRIBED,1,0,844,1,0,0
pay_00002535,2794.96,CREDIT_CARD,ELECTRONICS,10.4_FRAUDULENT_TRANSACTION,1,0,296,0,0,0
pay_00002536,2123.36,CREDIT_CARD,TRAVEL,10.5_VISA_EASY_PAYMENT,0,0,699,1,0,0
pay_00002537,331.21,DEBIT_CARD,TRAVEL,10.4_FRAUDULENT_TRANSACTION,1,1,484,0,0,0
pay_00002538,2200.15,UPI,GAMING,10.4_FRAUDULENT_TRANSACTION,0,0,944,0,0,0
pay_00002539,2297.51,UPI,DIGITAL_SERVICES,10.4_FRAUDULENT_TRANSACTION,1,0,297,0,0,0
pay_00002540,1711.79,UPI,RETAIL,10.4_FRAUDULENT_TRANSACTION,1,0,406,0,0,0
pay_00002541,2279.39,UPI,DIGITAL_SERVICES,13.1_MERCHANDISE_NOT_RECEIVED,1,1,367,0,0,0
pay_00002542,2905.44,NETBANKING,ELECTRONICS,10.4_FRAUDULENT_TRANSACTION,1,1,320,0,0,0
pay_00002543,1526.34,UPI,ELECTRONICS,10.5_VISA_EASY_PAYMENT,0,0,204,0,0,0
pay_00002544,239.17,UPI,GAMING,13.1_MERCHANDISE_NOT_RECEIVED,1,0,49,0,0,0
pay_00002545,1103.06,UPI,DIGITAL_SERVICES,13.3_NOT_AS_DESCRIBED,1,0,630,0,0,0
pay_00002546,221.24,CREDIT_CARD,ELECTRONICS,13.1_MERCHANDISE_NOT_RECEIVED,1,2,695,0,0,0
pay_00002547,885.22,CREDIT_CARD,DIGITAL_SERVICES,13.1_MERCHANDISE_NOT_RECEIVED,1,1,604,0,1,1
pay_00002548,884.11,CREDIT_CARD,GAMING,10.4_FRAUDULENT_TRANSACTION,1,2,271,0,0,0
pay_00002549,202.43,NETBANKING,DIGITAL_SERVICES,13.1_MERCHANDISE_NOT_RECEIVED,1,3,644,0,0,0
pay_00002550,743.45,UPI,RETAIL,10.5_VISA_EASY_PAYMENT,1,0,648,0,1,0
pay_00002551,276.48,UPI,GAMING,13.1_MERCHANDISE_NOT_RECEIVED,1,1,479,1,1,1
pay_00002552,2577.23,UPI,DIGITAL_SERVICES,10.4_FRAUDULENT_TRANSACTION,0,0,895,0,0,0
pay_00002553,4525.79,CREDIT_CARD,ELECTRONICS,10.4_FRAUDULENT_TRANSACTION,1,1,828,0,0,0
pay_00002554,212.6,CREDIT_CARD,TRAVEL,10.5_VISA_EASY_PAYMENT,1,2,639,0,0,0
pay_00002555,4755.48,CREDIT_CARD,TRAVEL,10.4_FRAUDULENT_TRANSACTION,1,1,346,0,0,0
pay_00002556,1209.03,CREDIT_CARD,GAMING,13.3_NOT_AS_DESCRIBED,1,0,899,0,0,0
pay_00002557,634.08,CREDIT_CARD,TRAVEL,10.4_FRAUDULENT_TRANSACTION,1,0,743,0,0,1
pay_00002558,219.96,NETBANKING,RETAIL,10.4_FRAUDULENT_TRANSACTION,1,1,903,0,0,0
pay_00002559,1141.59,CREDIT_CARD,GAMING,13.1_MERCHANDISE_NOT_RECEIVED,1,2,847,0,0,1
pay_00002560,2473.58,DEBIT_CARD,ELECTRONICS,10.4_FRAUDULENT_TRANSACTION,1,0,212,0,0,0
pay_00002561,1941.82,UPI,ELECTRONICS,10.4_FRAUDULENT_TRANSACTION,1,0,913,0,0,0
pay_00002562,177.3,CREDIT_CARD,GAMING,10.4_FRAUDULENT_TRANSACTION,0,0,892,0,0,0
pay_00002563,213.54,NETBANKING,TRAVEL,13.1_MERCHANDISE_NOT_RECEIVED,1,0,224,0,0,0
pay_00002564,873.44,UPI,TRAVEL,10.4_FRAUDULENT_TRANSACTION,0,0,522,0,0,0
pay_00002565,624.95,DEBIT_CARD,ELECTRONICS,10.4_FRAUDULENT_TRANSACTION,0,2,80,0,0,1
pay_00002566,496.7,DEBIT_CARD,RETAIL,13.3_NOT_AS_DESCRIBED,1,1,112,0,1,1
pay_00002567,594.85,UPI,TRAVEL,10.4_FRAUDULENT_TRANSACTION,0,1,794,0,0,0
pay_00002568,2540.51,CREDIT_CARD,RETAIL,10.4_FRAUDULENT_TRANSACTION,1,0,278,2,0,0
pay_00002569,4072.44,UPI,TRAVEL,13.1_MERCHANDISE_NOT_RECEIVED,1,0,399,0,0,0
pay_00002570,879.05,WALLET,GAMING,13.1_MERCHANDISE_NOT_RECEIVED,1,0,512,0,0,0
pay_00002571,3648.46,DEBIT_CARD,DIGITAL_SERVICES,10.4_FRAUDULENT_TRANSACTION,1,0,570,0,0,0
pay_00002572,681.8,UPI,ELECTRONICS,10.5_VISA_EASY_PAYMENT,1,0,764,0,0,0
pay_00002573,1070.65,UPI,GAMING,13.1_MERCHANDISE_NOT_RECEIVED,1,0,828,0,0,0
pay_00002574,484.33,CREDIT_CARD,TRAVEL,10.4_FRAUDULENT_TRANSACTION,1,0,332,0,0,0
pay_00002575,1634.46,UPI,ELECTRONICS,13.1_MERCHANDISE_NOT_RECEIVED,1,0,167,0,0,0
pay_00002576,5893.5,UPI,DIGITAL_SERVICES,10.4_FRAUDULENT_TRANSACTION,1,0,899,0,0,0
pay_00002577,1487.59,CREDIT_CARD,DIGITAL_SERVICES,10.4_FRAUDULENT_TRANSACTION,1,1,444,0,0,0
pay_00002578,764.32,UPI,TRAVEL,10.5_VISA_EASY_PAYMENT,1,0,693,0,0,0
pay_00002579,1665.41,UPI,ELECTRONICS,10.4_FRAUDULENT_TRANSACTION,1,0,408,0,1,0
pay_00002580,296.74,DEBIT_CARD,TRAVEL,13.3_NOT_AS_DESCRIBED,1,0,439,0,1,0
pay_00002581,3392.74,NETBANKING,DIGITAL_SERVICES,10.4_FRAUDULENT_TRANSACTION,0,0,514,0,0,0
pay_00002582,1149.0,DEBIT_CARD,GAMING,10.4_FRAUDULENT_TRANSACTION,1,0,708,0,0,0
pay_00002583,994.98,DEBIT_CARD,GAMING,10.4_FRAUDULENT_TRANSACTION,1,0,407,1,0,0
pay_00002584,1422.34,UPI,RETAIL,10.4_FRAUDULENT_TRANSACTION,1,1,382,0,0,0
pay_00002585,1570.38,UPI,DIGITAL_SERVICES,13.1_MERCHANDISE_NOT_RECEIVED,1,0,59,0,0,0
pay_00002586,211.72,UPI,DIGITAL_SERVICES,13.1_MERCHANDISE_NOT_RECEIVED,1,0,569,0,0,0
pay_00002587,1821.47,DEBIT_CARD,TRAVEL,13.1_MERCHANDISE_NOT_RECEIVED,1,0,983,0,0,0
pay_00002588,515.47,NETBANKING,RETAIL,13.1_MERCHANDISE_NOT_RECEIVED,1,0,712,0,0,0
pay_00002589,1977.4,DEBIT_CARD,RETAIL,13.1_MERCHANDISE_NOT_RECEIVED,1,0,426,0,0,0
pay_00002590,2693.47,NETBANKING,ELECTRONICS,13.3_NOT_AS_DESCRIBED,1,1,620,0,0,0
pay_00002591,2544.14,CREDIT_CARD,TRAVEL,10.4_FRAUDULENT_TRANSACTION,1,0,140,0,0,0
pay_00002592,1306.12,UPI,GAMING,13.3_NOT_AS_DESCRIBED,1,2,201,0,0,0
pay_00002593,1201.48,UPI,ELECTRONICS,10.4_FRAUDULENT_TRANSACTION,1,0,587,0,1,1
pay_00002594,331.26,UPI,RETAIL,13.1_MERCHANDISE_NOT_RECEIVED,1,1,237,0,0,0
pay_00002595,2339.79,UPI,GAMING,13.3_NOT_AS_DESCRIBED,1,0,479,2,0,0
pay_00002596,574.96,CREDIT_CARD,DIGITAL_SERVICES,10.4_FRAUDULENT_TRANSACTION,0,2,513,0,0,0
pay_00002597,1129.84,UPI,TRAVEL,13.1_MERCHANDISE_NOT_RECEIVED,0,0,867,0,0,1
pay_00002598,601.69,CREDIT_CARD,RETAIL,10.5_VISA_EASY_PAYMENT,1,0,566,0,0,0
pay_00002599,315.51,CREDIT_CARD,DIGITAL_SERVICES,10.4_FRAUDULENT_TRANSACTION,1,0,760,0,0,1
pay_00002600,1589.59,UPI,RETAIL,13.3_NOT_AS_DESCRIBED,1,0,811,0,0,0
pay_00002601,183.8,UPI,GAMING,10.4_FRAUDULENT_TRANSACTION,1,2,958,0,0,0
pay_00002602,2171.33,UPI,ELECTRONICS,13.1_MERCHANDISE_NOT_RECEIVED,1,0,911,0,0,0
pay_00002603,673.18,UPI,GAMING,13.3_NOT_AS_DESCRIBED,1,0,519,1,0,1
pay_00002604,100.2,DEBIT_CARD,TRAVEL,10.4_FRAUDULENT_TRANSACTION,1,1,412,0,1,0
pay_00002605,1173.49,UPI,TRAVEL,10.4_FRAUDULENT_TRANSACTION,1,0,752,0,0,0
pay_00002606,171.98,CREDIT_CARD,RETAIL,10.4_FRAUDULENT_TRANSACTION,0,1,774,0,0,0
pay_00002607,584.8,NETBANKING,GAMING,10.4_FRAUDULENT_TRANSACTION,1,1,788,0,0,0
pay_00002608,1941.25,NETBANKING,ELECTRONICS,10.4_FRAUDULENT_TRANSACTION,0,1,856,0,0,0
pay_00002609,197.11,NETBANKING,TRAVEL,13.3_NOT_AS_DESCRIBED,0,0,938,0,0,1
pay_00002610,2842.68,UPI,ELECTRONICS,10.5_VISA_EASY_PAYMENT,1,0,996,0,0,0
pay_00002611,105.74,UPI,DIGITAL_SERVICES,13.1_MERCHANDISE_NOT_RECEIVED,1,1,550,0,0,0
pay_00002612,525.18,UPI,RETAIL,13.3_NOT_AS_DESCRIBED,1,0,702,0,0,0
pay_00002613,2125.84,UPI,ELECTRONICS,13.1_MERCHANDISE_NOT_RECEIVED,1,0,844,0,0,0
pay_00002614,670.29,NETBANKING,RETAIL,13.1_MERCHANDISE_NOT_RECEIVED,1,0,771,0,0,0
pay_00002615,261.2,CREDIT_CARD,DIGITAL_SERVICES,13.3_NOT_AS_DESCRIBED,1,0,156,1,1,0
pay_00002616,769.98,UPI,ELECTRONICS,13.1_MERCHANDISE_NOT_RECEIVED,0,0,12,0,0,0
pay_00002617,572.87,UPI,ELECTRONICS,10.4_FRAUDULENT_TRANSACTION,0,2,759,0,0,1
pay_00002618,2874.51,UPI,DIGITAL_SERVICES,10.4_FRAUDULENT_TRANSACTION,1,1,848,2,0,0
pay_00002619,663.89,CREDIT_CARD,GAMING,13.3_NOT_AS_DESCRIBED,1,1,172,0,0,0
pay_00002620,2433.37,DEBIT_CARD,ELECTRONICS,10.4_FRAUDULENT_TRANSACTION,1,1,527,0,0,0
pay_00002621,3436.66,NETBANKING,ELECTRONICS,10.4_FRAUDULENT_TRANSACTION,1,0,374,0,0,0
pay_00002622,953.26,NETBANKING,TRAVEL,13.1_MERCHANDISE_NOT_RECEIVED,1,0,311,0,0,0
pay_00002623,3710.97,UPI,GAMING,10.5_VISA_EASY_PAYMENT,1,0,95,0,0,0
pay_00002624,810.58,UPI,ELECTRONICS,13.3_NOT_AS_DESCRIBED,1,0,245,0,1,0
pay_00002625,5089.63,UPI,DIGITAL_SERVICES,10.4_FRAUDULENT_TRANSACTION,1,0,981,0,0,0
pay_00002626,240.3,UPI,RETAIL,13.1_MERCHANDISE_NOT_RECEIVED,1,2,338,1,0,0
pay_00002627,1842.42,NETBANKING,DIGITAL_SERVICES,10.5_VISA_EASY_PAYMENT,1,0,944,0,0,0
pay_00002628,1121.28,CREDIT_CARD,GAMING,13.1_MERCHANDISE_NOT_RECEIVED,0,0,774,0,0,0
pay_00002629,835.67,DEBIT_CARD,TRAVEL,10.4_FRAUDULENT_TRANSACTION,1,2,64,0,0,0
pay_00002630,1602.41,UPI,TRAVEL,13.1_MERCHANDISE_NOT_RECEIVED,1,0,721,0,0,0
pay_00002631,1925.37,UPI,TRAVEL,10.4_FRAUDULENT_TRANSACTION,1,1,727,0,0,0
pay_00002632,106.56,UPI,DIGITAL_SERVICES,10.5_VISA_EASY_PAYMENT,0,0,547,0,0,0
pay_00002633,374.0,CREDIT_CARD,RETAIL,13.3_NOT_AS_DESCRIBED,1,0,466,0,0,0
pay_00002634,1972.65,DEBIT_CARD,RETAIL,13.1_MERCHANDISE_NOT_RECEIVED,0,0,11,0,0,0
pay_00002635,1746.65,UPI,ELECTRONICS,13.1_MERCHANDISE_NOT_RECEIVED,1,1,791,0,0,0
pay_00002636,5174.19,DEBIT_CARD,RETAIL,10.5_VISA_EASY_PAYMENT,1,1,313,0,0,0
pay_00002637,2247.17,DEBIT_CARD,RETAIL,10.4_FRAUDULENT_TRANSACTION,1,0,81,0,0,0
pay_00002638,4616.96,UPI,ELECTRONICS,10.4_FRAUDULENT_TRANSACTION,1,0,582,0,0,0
pay_00002639,1918.72,DEBIT_CARD,DIGITAL_SERVICES,10.4_FRAUDULENT_TRANSACTION,1,3,984,1,0,1
pay_00002640,630.84,UPI,DIGITAL_SERVICES,13.1_MERCHANDISE_NOT_RECEIVED,1,1,370,0,0,0
pay_00002641,267.01,CREDIT_CARD,GAMING,13.3_NOT_AS_DESCRIBED,1,0,165,0,0,0
pay_00002642,2383.68,DEBIT_CARD,DIGITAL_SERVICES,13.1_MERCHANDISE_NOT_RECEIVED,1,0,63,0,0,0
pay_00002643,1649.87,WALLET,TRAVEL,13.1_MERCHANDISE_NOT_RECEIVED,0,0,80,0,0,0
pay_00002644,174.08,UPI,TRAVEL,10.4_FRAUDULENT_TRANSACTION,1,0,989,0,0,0
pay_00002645,769.55,UPI,GAMING,10.4_FRAUDULENT_TRANSACTION,0,0,29,1,0,1
pay_00002646,4812.87,UPI,RETAIL,10.4_FRAUDULENT_TRANSACTION,1,0,500,0,0,0
pay_00002647,1140.92,UPI,GAMING,13.1_MERCHANDISE_NOT_RECEIVED,1,2,682,0,0,0
pay_00002648,950.38,CREDIT_CARD,ELECTRONICS,13.3_NOT_AS_DESCRIBED,0,1,668,3,0,1
pay_00002649,1017.9,NETBANKING,GAMING,13.3_NOT_AS_DESCRIBED,1,0,912,0,1,0
pay_00002650,451.46,UPI,GAMING,10.4_FRAUDULENT_TRANSACTION,0,0,451,0,0,0
pay_00002651,789.98,UPI,TRAVEL,10.4_FRAUDULENT_TRANSACTION,1,0,618,0,0,0
pay_00002652,792.61,UPI,ELECTRONICS,13.3_NOT_AS_DESCRIBED,1,0,984,0,1,0
pay_00002653,180.66,UPI,ELECTRONICS,10.4_FRAUDULENT_TRANSACTION,1,1,274,0,0,0
pay_00002654,2288.73,UPI,GAMING,10.4_FRAUDULENT_TRANSACTION,0,1,944,0,0,1
pay_00002655,908.08,UPI,ELECTRONICS,10.4_FRAUDULENT_TRANSACTION,0,1,401,1,0,1
pay_00002656,2690.47,DEBIT_CARD,ELECTRONICS,13.1_MERCHANDISE_NOT_RECEIVED,1,0,241,0,0,0
pay_00002657,2949.16,UPI,DIGITAL_SERVICES,10.4_FRAUDULENT_TRANSACTION,1,0,330,0,0,0
pay_00002658,457.37,CREDIT_CARD,ELECTRONICS,10.4_FRAUDULENT_TRANSACTION,1,0,229,3,1,0
pay_00002659,1706.58,DEBIT_CARD,RETAIL,13.1_MERCHANDISE_NOT_RECEIVED,1,0,665,0,0,1
pay_00002660,1058.79,UPI,ELECTRONICS,10.4_FRAUDULENT_TRANSACTION,1,0,356,0,0,0
pay_00002661,3282.36,CREDIT_CARD,TRAVEL,10.4_FRAUDULENT_TRANSACTION,1,0,495,0,0,0
pay_00002662,464.52,CREDIT_CARD,DIGITAL_SERVICES,13.1_MERCHANDISE_NOT_RECEIVED,1,0,304,1,0,0
pay_00002663,1798.94,CREDIT_CARD,TRAVEL,13.3_NOT_AS_DESCRIBED,1,0,343,1,0,1
pay_00002664,1503.79,UPI,TRAVEL,10.4_FRAUDULENT_TRANSACTION,1,2,178,0,0,0
pay_00002665,624.98,UPI,RETAIL,10.4_FRAUDULENT_TRANSACTION,1,1,19,0,0,0
pay_00002666,320.32,DEBIT_CARD,DIGITAL_SERVICES,10.4_FRAUDULENT_TRANSACTION,1,1,970,0,0,0
pay_00002667,1681.78,DEBIT_CARD,GAMING,13.1_MERCHANDISE_NOT_RECEIVED,1,0,331,0,1,0
pay_00002668,2112.54,UPI,ELECTRONICS,13.3_NOT_AS_DESCRIBED,1,2,41,0,0,0
pay_00002669,668.88,UPI,RETAIL,10.4_FRAUDULENT_TRANSACTION,1,0,261,0,0,0
pay_00002670,1652.75,UPI,RETAIL,10.4_FRAUDULENT_TRANSACTION,1,0,262,0,0,0
pay_00002671,854.11,UPI,GAMING,10.4_FRAUDULENT_TRANSACTION,1,0,387,0,0,0
pay_00002672,1973.49,CREDIT_CARD,RETAIL,10.4_FRAUDULENT_TRANSACTION,1,1,301,0,0,0
pay_00002673,433.24,UPI,GAMING,10.4_FRAUDULENT_TRANSACTION,1,2,230,0,0,0
pay_00002674,3413.85,UPI,GAMING,10.5_VISA_EASY_PAYMENT,0,1,587,0,0,0
pay_00002675,608.27,DEBIT_CARD,GAMING,13.1_MERCHANDISE_NOT_RECEIVED,1,0,701,0,0,0
pay_00002676,787.79,UPI,RETAIL,10.4_FRAUDULENT_TRANSACTION,1,1,112,0,0,0
pay_00002677,189.77,DEBIT_CARD,GAMING,13.3_NOT_AS_DESCRIBED,1,0,363,0,0,0
pay_00002678,277.35,DEBIT_CARD,RETAIL,10.4_FRAUDULENT_TRANSACTION,1,0,746,0,0,0
pay_00002679,1188.08,UPI,DIGITAL_SERVICES,10.4_FRAUDULENT_TRANSACTION,1,1,176,0,0,0
pay_00002680,567.13,DEBIT_CARD,GAMING,10.5_VISA_EASY_PAYMENT,1,0,408,0,0,0
pay_00002681,2807.09,DEBIT_CARD,RETAIL,10.4_FRAUDULENT_TRANSACTION,1,0,366,1,0,0
pay_00002682,122.2,UPI,RETAIL,10.5_VISA_EASY_PAYMENT,1,1,560,0,0,0
pay_00002683,814.86,UPI,RETAIL,13.1_MERCHANDISE_NOT_RECEIVED,0,0,410,0,0,0
pay_00002684,717.25,CREDIT_CARD,ELECTRONICS,10.5_VISA_EASY_PAYMENT,1,0,177,0,0,0
pay_00002685,129.28,NETBANKING,ELECTRONICS,13.3_NOT_AS_DESCRIBED,0,0,474,0,0,0
pay_00002686,299.21,CREDIT_CARD,GAMING,10.4_FRAUDULENT_TRANSACTION,1,0,728,0,0,0
pay_00002687,900.74,UPI,DIGITAL_SERVICES,13.3_NOT_AS_DESCRIBED,1,0,744,1,0,0
pay_00002688,1118.47,CREDIT_CARD,GAMING,10.4_FRAUDULENT_TRANSACTION,1,0,439,0,1,0
pay_00002689,877.0,UPI,TRAVEL,13.1_MERCHANDISE_NOT_RECEIVED,1,0,900,0,0,0
pay_00002690,1235.53,CREDIT_CARD,TRAVEL,13.1_MERCHANDISE_NOT_RECEIVED,1,2,49,0,1,0
pay_00002691,1456.29,DEBIT_CARD,DIGITAL_SERVICES,13.1_MERCHANDISE_NOT_RECEIVED,1,0,970,0,0,0
pay_00002692,114.96,CREDIT_CARD,DIGITAL_SERVICES,13.3_NOT_AS_DESCRIBED,1,2,610,0,0,0
pay_00002693,1035.7,DEBIT_CARD,DIGITAL_SERVICES,13.3_NOT_AS_DESCRIBED,1,2,812,0,1,0
pay_00002694,5065.63,DEBIT_CARD,ELECTRONICS,13.3_NOT_AS_DESCRIBED,1,0,797,0,0,1
pay_00002695,1197.93,CREDIT_CARD,ELECTRONICS,13.3_NOT_AS_DESCRIBED,1,1,282,0,0,0
pay_00002696,1797.67,UPI,TRAVEL,10.4_FRAUDULENT_TRANSACTION,0,0,467,0,0,1
pay_00002697,660.65,DEBIT_CARD,DIGITAL_SERVICES,13.3_NOT_AS_DESCRIBED,0,0,469,0,0,0
pay_00002698,2330.77,NETBANKING,RETAIL,13.1_MERCHANDISE_NOT_RECEIVED,1,0,211,0,0,0
pay_00002699,2323.69,UPI,TRAVEL,13.3_NOT_AS_DESCRIBED,1,0,127,0,0,0
pay_00002700,1205.01,UPI,DIGITAL_SERVICES,10.5_VISA_EASY_PAYMENT,1,2,317,0,0,0
pay_00002701,5695.42,UPI,RETAIL,10.4_FRAUDULENT_TRANSACTION,1,0,296,0,0,0
pay_00002702,301.24,DEBIT_CARD,DIGITAL_SERVICES,10.4_FRAUDULENT_TRANSACTION,1,0,614,0,1,1
pay_00002703,125.64,DEBIT_CARD,GAMING,13.3_NOT_AS_DESCRIBED,0,0,19,0,0,0
pay_00002704,2305.55,UPI,RETAIL,10.4_FRAUDULENT_TRANSACTION,0,0,722,1,0,0
pay_00002705,2568.81,NETBANKING,GAMING,13.1_MERCHANDISE_NOT_RECEIVED,1,1,654,0,0,0
pay_00002706,292.1,UPI,ELECTRONICS,13.3_NOT_AS_DESCRIBED,1,0,291,0,1,0
pay_00002707,563.02,DEBIT_CARD,TRAVEL,10.4_FRAUDULENT_TRANSACTION,1,0,850,0,0,0
pay_00002708,126.56,UPI,DIGITAL_SERVICES,10.5_VISA_EASY_PAYMENT,1,0,860,0,0,0
pay_00002709,620.74,UPI,TRAVEL,10.5_VISA_EASY_PAYMENT,1,0,147,0,1,0
pay_00002710,2325.15,UPI,DIGITAL_SERVICES,10.4_FRAUDULENT_TRANSACTION,1,0,89,0,0,0
pay_00002711,1194.59,UPI,GAMING,13.3_NOT_AS_DESCRIBED,1,0,847,0,0,0
pay_00002712,741.79,CREDIT_CARD,RETAIL,10.4_FRAUDULENT_TRANSACTION,1,1,240,0,0,0
pay_00002713,797.2,CREDIT_CARD,RETAIL,13.3_NOT_AS_DESCRIBED,1,2,881,0,0,1
pay_00002714,102.03,UPI,DIGITAL_SERVICES,10.4_FRAUDULENT_TRANSACTION,1,1,899,0,0,0
pay_00002715,634.59,UPI,GAMING,13.3_NOT_AS_DESCRIBED,1,0,855,0,0,0
pay_00002716,1659.63,UPI,DIGITAL_SERVICES,10.4_FRAUDULENT_TRANSACTION,1,2,434,2,0,0
pay_00002717,5585.75,DEBIT_CARD,DIGITAL_SERVICES,13.1_MERCHANDISE_NOT_RECEIVED,1,1,749,0,0,0
pay_00002718,2916.57,DEBIT_CARD,DIGITAL_SERVICES,13.3_NOT_AS_DESCRIBED,1,1,652,0,0,0
pay_00002719,135.82,UPI,RETAIL,10.4_FRAUDULENT_TRANSACTION,1,0,96,0,0,0
pay_00002720,3532.44,CREDIT_CARD,DIGITAL_SERVICES,13.3_NOT_AS_DESCRIBED,1,0,182,0,0,0
pay_00002721,2393.16,UPI,RETAIL,10.5_VISA_EASY_PAYMENT,1,1,860,0,0,0
pay_00002722,2373.76,NETBANKING,ELECTRONICS,13.1_MERCHANDISE_NOT_RECEIVED,1,0,738,0,0,0
pay_00002723,1018.72,NETBANKING,GAMING,13.3_NOT_AS_DESCRIBED,1,0,193,0,0,0
pay_00002724,861.26,CREDIT_CARD,ELECTRONICS,13.1_MERCHANDISE_NOT_RECEIVED,1,1,138,0,0,0
pay_00002725,641.27,NETBANKING,DIGITAL_SERVICES,13.1_MERCHANDISE_NOT_RECEIVED,1,1,370,1,0,1
pay_00002726,201.93,DEBIT_CARD,RETAIL,10.4_FRAUDULENT_TRANSACTION,1,0,795,2,0,1
pay_00002727,488.61,DEBIT_CARD,GAMING,13.1_MERCHANDISE_NOT_RECEIVED,1,3,588,1,0,1
pay_00002728,524.75,CREDIT_CARD,TRAVEL,13.1_MERCHANDISE_NOT_RECEIVED,1,0,493,0,0,0
pay_00002729,1092.7,UPI,GAMING,13.1_MERCHANDISE_NOT_RECEIVED,1,0,868,0,1,0
pay_00002730,2164.19,UPI,GAMING,10.4_FRAUDULENT_TRANSACTION,1,0,245,0,0,0
pay_00002731,1063.14,UPI,DIGITAL_SERVICES,10.4_FRAUDULENT_TRANSACTION,0,1,865,0,0,0
pay_00002732,189.38,CREDIT_CARD,ELECTRONICS,13.3_NOT_AS_DESCRIBED,1,0,836,0,0,0
pay_00002733,4847.64,UPI,ELECTRONICS,10.4_FRAUDULENT_TRANSACTION,1,0,405,0,0,0
pay_00002734,4389.82,UPI,TRAVEL,10.4_FRAUDULENT_TRANSACTION,1,1,148,1,0,0
pay_00002735,2407.0,UPI,DIGITAL_SERVICES,10.4_FRAUDULENT_TRANSACTION,0,0,370,0,0,0
pay_00002736,7221.47,UPI,GAMING,13.1_MERCHANDISE_NOT_RECEIVED,1,0,657,1,0,1
pay_00002737,1279.48,CREDIT_CARD,ELECTRONICS,10.5_VISA_EASY_PAYMENT,1,1,116,0,0,0
pay_00002738,5035.89,NETBANKING,ELECTRONICS,13.3_NOT_AS_DESCRIBED,1,2,302,0,0,0
pay_00002739,217.92,DEBIT_CARD,RETAIL,10.4_FRAUDULENT_TRANSACTION,1,0,930,0,0,0
pay_00002740,782.8,CREDIT_CARD,GAMING,10.4_FRAUDULENT_TRANSACTION,0,0,846,0,0,1
pay_00002741,483.08,CREDIT_CARD,DIGITAL_SERVICES,10.5_VISA_EASY_PAYMENT,1,1,522,0,0,0
pay_00002742,426.92,UPI,ELECTRONICS,13.3_NOT_AS_DESCRIBED,1,1,121,0,0,0
pay_00002743,327.64,UPI,DIGITAL_SERVICES,10.4_FRAUDULENT_TRANSACTION,1,1,660,0,0,0
pay_00002744,1560.93,NETBANKING,GAMING,13.3_NOT_AS_DESCRIBED,1,0,960,0,0,1
pay_00002745,2380.23,UPI,GAMING,10.4_FRAUDULENT_TRANSACTION,1,0,958,0,0,0
pay_00002746,1395.19,UPI,ELECTRONICS,13.1_MERCHANDISE_NOT_RECEIVED,0,1,227,1,0,1
pay_00002747,338.43,DEBIT_CARD,TRAVEL,10.4_FRAUDULENT_TRANSACTION,1,0,975,1,0,0
pay_00002748,2600.0,UPI,DIGITAL_SERVICES,10.5_VISA_EASY_PAYMENT,1,0,935,0,0,0
pay_00002749,1615.72,UPI,DIGITAL_SERVICES,13.3_NOT_AS_DESCRIBED,1,1,731,1,0,0
pay_00002750,836.94,UPI,RETAIL,10.4_FRAUDULENT_TRANSACTION,1,2,830,0,0,0
pay_00002751,1781.89,UPI,GAMING,13.1_MERCHANDISE_NOT_RECEIVED,1,0,79,0,0,0
pay_00002752,551.47,UPI,GAMING,10.4_FRAUDULENT_TRANSACTION,1,0,979,0,0,0
pay_00002753,735.12,UPI,ELECTRONICS,10.4_FRAUDULENT_TRANSACTION,1,0,346,0,0,0
pay_00002754,3842.18,CREDIT_CARD,ELECTRONICS,10.4_FRAUDULENT_TRANSACTION,1,0,140,0,0,0
pay_00002755,614.8,DEBIT_CARD,ELECTRONICS,13.1_MERCHANDISE_NOT_RECEIVED,1,0,536,0,0,0
pay_00002756,1052.28,UPI,RETAIL,10.4_FRAUDULENT_TRANSACTION,1,0,821,0,0,0
pay_00002757,3412.84,NETBANKING,TRAVEL,13.1_MERCHANDISE_NOT_RECEIVED,1,1,740,0,0,0
pay_00002758,1945.07,UPI,ELECTRONICS,13.1_MERCHANDISE_NOT_RECEIVED,0,0,289,0,0,1
pay_00002759,196.33,UPI,ELECTRONICS,13.1_MERCHANDISE_NOT_RECEIVED,1,0,837,0,0,0
pay_00002760,339.03,UPI,ELECTRONICS,10.4_FRAUDULENT_TRANSACTION,1,1,329,3,0,0
pay_00002761,111.81,CREDIT_CARD,RETAIL,10.4_FRAUDULENT_TRANSACTION,1,0,872,0,0,0
pay_00002762,1595.12,UPI,DIGITAL_SERVICES,10.4_FRAUDULENT_TRANSACTION,1,1,974,0,1,0
pay_00002763,990.42,CREDIT_CARD,TRAVEL,10.4_FRAUDULENT_TRANSACTION,1,2,430,0,0,0
pay_00002764,316.28,DEBIT_CARD,DIGITAL_SERVICES,13.1_MERCHANDISE_NOT_RECEIVED,1,0,100,0,0,0
pay_00002765,4852.78,CREDIT_CARD,GAMING,10.5_VISA_EASY_PAYMENT,1,0,601,0,1,0
pay_00002766,1231.45,CREDIT_CARD,GAMING,10.4_FRAUDULENT_TRANSACTION,1,2,7,0,0,0
pay_00002767,515.4,NETBANKING,ELECTRONICS,13.1_MERCHANDISE_NOT_RECEIVED,1,0,866,0,0,0
pay_00002768,1141.53,UPI,DIGITAL_SERVICES,10.4_FRAUDULENT_TRANSACTION,1,1,171,0,0,0
pay_00002769,1807.37,UPI,RETAIL,10.4_FRAUDULENT_TRANSACTION,0,0,263,0,0,0
pay_00002770,218.95,DEBIT_CARD,TRAVEL,13.1_MERCHANDISE_NOT_RECEIVED,1,0,863,0,0,0
pay_00002771,581.76,CREDIT_CARD,DIGITAL_SERVICES,13.1_MERCHANDISE_NOT_RECEIVED,1,1,372,0,0,0
pay_00002772,2567.33,UPI,DIGITAL_SERVICES,13.3_NOT_AS_DESCRIBED,1,0,829,1,1,0
pay_00002773,1023.35,UPI,TRAVEL,13.1_MERCHANDISE_NOT_RECEIVED,1,0,544,0,0,0
pay_00002774,1286.4,UPI,DIGITAL_SERVICES,10.4_FRAUDULENT_TRANSACTION,1,0,725,0,0,0
pay_00002775,950.61,UPI,DIGITAL_SERVICES,13.1_MERCHANDISE_NOT_RECEIVED,1,1,497,0,0,0
pay_00002776,167.34,UPI,TRAVEL,13.3_NOT_AS_DESCRIBED,1,0,59,0,0,0
pay_00002777,371.83,NETBANKING,RETAIL,13.1_MERCHANDISE_NOT_RECEIVED,1,1,335,0,0,0
pay_00002778,984.65,DEBIT_CARD,TRAVEL,10.5_VISA_EASY_PAYMENT,1,0,30,0,0,0
pay_00002779,452.04,UPI,ELECTRONICS,10.4_FRAUDULENT_TRANSACTION,1,0,260,0,0,0
pay_00002780,176.91,CREDIT_CARD,ELECTRONICS,13.3_NOT_AS_DESCRIBED,1,0,546,0,0,0
pay_00002781,2883.48,NETBANKING,ELECTRONICS,10.4_FRAUDULENT_TRANSACTION,1,0,137,2,0,0
pay_00002782,6060.25,UPI,ELECTRONICS,13.1_MERCHANDISE_NOT_RECEIVED,1,0,316,0,0,0
pay_00002783,2463.59,UPI,GAMING,13.1_MERCHANDISE_NOT_RECEIVED,0,0,460,1,0,0
pay_00002784,2984.01,CREDIT_CARD,RETAIL,10.4_FRAUDULENT_TRANSACTION,1,0,734,0,0,0
pay_00002785,515.56,DEBIT_CARD,GAMING,10.5_VISA_EASY_PAYMENT,1,0,408,0,0,0
pay_00002786,4952.01,UPI,DIGITAL_SERVICES,10.4_FRAUDULENT_TRANSACTION,1,0,627,0,0,0
pay_00002787,428.96,WALLET,DIGITAL_SERVICES,10.4_FRAUDULENT_TRANSACTION,1,0,183,0,0,0
pay_00002788,4637.12,UPI,TRAVEL,13.3_NOT_AS_DESCRIBED,1,0,247,0,0,0
pay_00002789,7994.22,UPI,ELECTRONICS,10.4_FRAUDULENT_TRANSACTION,1,0,29,0,0,0
pay_00002790,1965.75,UPI,TRAVEL,10.4_FRAUDULENT_TRANSACTION,1,0,310,0,0,0
pay_00002791,6056.36,UPI,DIGITAL_SERVICES,13.1_MERCHANDISE_NOT_RECEIVED,1,1,179,0,0,0
pay_00002792,1364.35,DEBIT_CARD,ELECTRONICS,13.3_NOT_AS_DESCRIBED,0,0,505,0,0,0
pay_00002793,550.73,WALLET,RETAIL,10.5_VISA_EASY_PAYMENT,0,1,377,0,0,0
pay_00002794,961.7,UPI,DIGITAL_SERVICES,13.3_NOT_AS_DESCRIBED,1,0,278,0,0,0
pay_00002795,1450.48,WALLET,TRAVEL,13.3_NOT_AS_DESCRIBED,1,0,483,0,0,0
pay_00002796,213.83,DEBIT_CARD,TRAVEL,10.5_VISA_EASY_PAYMENT,1,1,276,2,1,0
pay_00002797,1560.65,UPI,DIGITAL_SERVICES,13.1_MERCHANDISE_NOT_RECEIVED,1,2,293,0,0,0
pay_00002798,6059.08,CREDIT_CARD,GAMING,10.4_FRAUDULENT_TRANSACTION,0,0,128,0,0,0
pay_00002799,416.28,UPI,RETAIL,13.3_NOT_AS_DESCRIBED,1,0,745,0,0,0
pay_00002800,2459.62,CREDIT_CARD,DIGITAL_SERVICES,10.4_FRAUDULENT_TRANSACTION,0,0,307,0,0,1
pay_00002801,3677.3,UPI,DIGITAL_SERVICES,10.4_FRAUDULENT_TRANSACTION,0,0,73,1,0,1
pay_00002802,4415.63,CREDIT_CARD,TRAVEL,13.3_NOT_AS_DESCRIBED,0,0,373,0,0,1
pay_00002803,4933.41,UPI,ELECTRONICS,10.5_VISA_EASY_PAYMENT,1,1,726,2,0,0
pay_00002804,1205.52,DEBIT_CARD,ELECTRONICS,10.4_FRAUDULENT_TRANSACTION,1,1,434,0,0,0
pay_00002805,5778.61,DEBIT_CARD,ELECTRONICS,10.4_FRAUDULENT_TRANSACTION,1,0,720,0,0,0
pay_00002806,2223.96,UPI,TRAVEL,10.4_FRAUDULENT_TRANSACTION,1,0,834,0,0,0
pay_00002807,364.52,UPI,ELECTRONICS,10.4_FRAUDULENT_TRANSACTION,1,1,62,0,1,0
pay_00002808,1071.97,UPI,DIGITAL_SERVICES,10.4_FRAUDULENT_TRANSACTION,0,0,764,0,0,0
pay_00002809,2000.53,CREDIT_CARD,GAMING,13.1_MERCHANDISE_NOT_RECEIVED,1,0,44,0,0,0
pay_00002810,526.21,UPI,GAMING,10.4_FRAUDULENT_TRANSACTION,1,4,370,0,0,1
pay_00002811,1635.04,CREDIT_CARD,GAMING,10.4_FRAUDULENT_TRANSACTION,1,1,791,0,1,0
pay_00002812,1747.62,UPI,ELECTRONICS,13.3_NOT_AS_DESCRIBED,1,0,861,0,0,0
pay_00002813,366.36,UPI,GAMING,13.1_MERCHANDISE_NOT_RECEIVED,1,0,523,0,0,0
pay_00002814,1348.91,UPI,ELECTRONICS,10.4_FRAUDULENT_TRANSACTION,0,0,694,0,0,0
pay_00002815,2315.16,UPI,DIGITAL_SERVICES,13.1_MERCHANDISE_NOT_RECEIVED,1,1,695,0,0,0
pay_00002816,1136.41,DEBIT_CARD,DIGITAL_SERVICES,10.4_FRAUDULENT_TRANSACTION,1,2,61,0,0,0
pay_00002817,118.27,WALLET,TRAVEL,10.5_VISA_EASY_PAYMENT,1,0,483,1,0,0
pay_00002818,113.62,UPI,TRAVEL,10.4_FRAUDULENT_TRANSACTION,1,0,180,0,0,0
pay_00002819,762.48,CREDIT_CARD,RETAIL,10.5_VISA_EASY_PAYMENT,1,0,635,0,0,1
pay_00002820,4009.47,UPI,DIGITAL_SERVICES,13.3_NOT_AS_DESCRIBED,1,0,22,0,0,0
pay_00002821,489.47,CREDIT_CARD,ELECTRONICS,13.1_MERCHANDISE_NOT_RECEIVED,1,1,515,0,0,0
pay_00002822,1609.17,UPI,RETAIL,10.4_FRAUDULENT_TRANSACTION,1,0,751,0,0,0
pay_00002823,476.69,CREDIT_CARD,DIGITAL_SERVICES,13.3_NOT_AS_DESCRIBED,1,0,716,0,0,0
pay_00002824,682.18,NETBANKING,ELECTRONICS,10.4_FRAUDULENT_TRANSACTION,1,1,833,0,0,0
pay_00002825,2926.23,UPI,DIGITAL_SERVICES,10.4_FRAUDULENT_TRANSACTION,1,1,758,0,0,0
pay_00002826,2057.69,DEBIT_CARD,DIGITAL_SERVICES,10.4_FRAUDULENT_TRANSACTION,1,0,698,0,0,0
pay_00002827,250.39,UPI,ELECTRONICS,13.1_MERCHANDISE_NOT_RECEIVED,1,1,683,0,0,0
pay_00002828,939.77,UPI,DIGITAL_SERVICES,10.4_FRAUDULENT_TRANSACTION,1,0,858,0,0,0
pay_00002829,144.41,UPI,DIGITAL_SERVICES,10.5_VISA_EASY_PAYMENT,1,2,994,0,0,0
pay_00002830,1083.46,UPI,DIGITAL_SERVICES,10.4_FRAUDULENT_TRANSACTION,1,0,573,0,0,0
pay_00002831,1728.99,UPI,TRAVEL,13.3_NOT_AS_DESCRIBED,1,2,349,0,0,0
pay_00002832,289.2,UPI,GAMING,10.4_FRAUDULENT_TRANSACTION,1,0,565,0,0,0
pay_00002833,611.38,UPI,DIGITAL_SERVICES,10.4_FRAUDULENT_TRANSACTION,1,0,673,1,0,0
pay_00002834,860.84,UPI,ELECTRONICS,10.4_FRAUDULENT_TRANSACTION,1,1,224,0,0,0
pay_00002835,3879.83,CREDIT_CARD,DIGITAL_SERVICES,10.5_VISA_EASY_PAYMENT,0,1,537,0,0,0
pay_00002836,7598.43,NETBANKING,TRAVEL,10.4_FRAUDULENT_TRANSACTION,1,0,306,0,0,0
pay_00002837,168.93,UPI,TRAVEL,13.1_MERCHANDISE_NOT_RECEIVED,1,0,303,0,0,0
pay_00002838,2246.99,UPI,DIGITAL_SERVICES,10.4_FRAUDULENT_TRANSACTION,1,3,634,0,0,0
pay_00002839,797.16,UPI,RETAIL,13.3_NOT_AS_DESCRIBED,1,1,698,0,0,1
pay_00002840,847.5,NETBANKING,GAMING,10.4_FRAUDULENT_TRANSACTION,1,0,356,0,0,0
pay_00002841,2205.25,CREDIT_CARD,ELECTRONICS,10.4_FRAUDULENT_TRANSACTION,0,1,578,0,0,1
pay_00002842,3859.37,UPI,ELECTRONICS,13.1_MERCHANDISE_NOT_RECEIVED,1,1,719,0,0,0
pay_00002843,4621.72,UPI,ELECTRONICS,10.4_FRAUDULENT_TRANSACTION,1,0,269,2,0,0
pay_00002844,1391.01,UPI,ELECTRONICS,10.4_FRAUDULENT_TRANSACTION,1,1,938,0,0,0
pay_00002845,762.7,UPI,TRAVEL,10.4_FRAUDULENT_TRANSACTION,0,0,15,0,0,0
pay_00002846,2423.57,NETBANKING,GAMING,13.1_MERCHANDISE_NOT_RECEIVED,1,0,518,0,0,0
pay_00002847,533.53,NETBANKING,DIGITAL_SERVICES,10.4_FRAUDULENT_TRANSACTION,0,0,253,1,0,0
pay_00002848,1345.42,UPI,DIGITAL_SERVICES,10.4_FRAUDULENT_TRANSACTION,1,2,85,0,0,0
pay_00002849,766.1,CREDIT_CARD,RETAIL,13.1_MERCHANDISE_NOT_RECEIVED,1,1,554,1,0,0
pay_00002850,1703.42,UPI,DIGITAL_SERVICES,10.4_FRAUDULENT_TRANSACTION,1,1,730,0,0,0
pay_00002851,512.44,UPI,GAMING,13.1_MERCHANDISE_NOT_RECEIVED,1,1,163,1,0,1
pay_00002852,419.03,NETBANKING,DIGITAL_SERVICES,13.1_MERCHANDISE_NOT_RECEIVED,1,2,237,0,0,0
pay_00002853,3855.93,CREDIT_CARD,TRAVEL,10.5_VISA_EASY_PAYMENT,1,0,82,0,1,0
pay_00002854,261.05,UPI,DIGITAL_SERVICES,10.4_FRAUDULENT_TRANSACTION,1,2,774,0,0,0
pay_00002855,1157.7,UPI,ELECTRONICS,13.1_MERCHANDISE_NOT_RECEIVED,1,0,590,0,0,0
pay_00002856,474.33,DEBIT_CARD,ELECTRONICS,10.4_FRAUDULENT_TRANSACTION,0,1,402,0,0,0
pay_00002857,159.56,CREDIT_CARD,ELECTRONICS,10.4_FRAUDULENT_TRANSACTION,1,0,811,0,0,0
pay_00002858,155.03,UPI,ELECTRONICS,13.1_MERCHANDISE_NOT_RECEIVED,1,0,148,0,0,0
pay_00002859,388.96,UPI,TRAVEL,10.4_FRAUDULENT_TRANSACTION,1,0,975,3,0,0
pay_00002860,3123.52,UPI,TRAVEL,10.4_FRAUDULENT_TRANSACTION,1,0,437,0,0,0
pay_00002861,597.93,WALLET,TRAVEL,13.1_MERCHANDISE_NOT_RECEIVED,0,0,621,0,1,0
pay_00002862,4607.44,CREDIT_CARD,DIGITAL_SERVICES,10.4_FRAUDULENT_TRANSACTION,1,0,560,0,1,0
pay_00002863,1407.06,UPI,ELECTRONICS,10.4_FRAUDULENT_TRANSACTION,1,0,155,0,0,0
pay_00002864,960.69,CREDIT_CARD,RETAIL,10.4_FRAUDULENT_TRANSACTION,1,0,984,0,1,0
pay_00002865,1401.57,DEBIT_CARD,RETAIL,10.4_FRAUDULENT_TRANSACTION,1,0,588,0,0,0
pay_00002866,1190.67,UPI,ELECTRONICS,10.4_FRAUDULENT_TRANSACTION,1,0,129,0,0,0
pay_00002867,2233.05,UPI,GAMING,10.4_FRAUDULENT_TRANSACTION,1,2,119,2,0,1
pay_00002868,597.97,CREDIT_CARD,DIGITAL_SERVICES,10.4_FRAUDULENT_TRANSACTION,1,0,270,0,0,1
pay_00002869,753.23,CREDIT_CARD,RETAIL,13.1_MERCHANDISE_NOT_RECEIVED,0,3,416,1,0,1
pay_00002870,3467.81,DEBIT_CARD,TRAVEL,10.4_FRAUDULENT_TRANSACTION,1,1,835,0,0,0
pay_00002871,4490.89,NETBANKING,GAMING,13.3_NOT_AS_DESCRIBED,0,1,10,0,1,1
pay_00002872,3446.21,UPI,TRAVEL,10.5_VISA_EASY_PAYMENT,1,1,410,0,0,0
pay_00002873,915.66,UPI,GAMING,10.4_FRAUDULENT_TRANSACTION,1,0,223,0,0,0
pay_00002874,2373.69,WALLET,GAMING,10.4_FRAUDULENT_TRANSACTION,1,0,842,0,0,0
pay_00002875,1070.36,UPI,DIGITAL_SERVICES,13.1_MERCHANDISE_NOT_RECEIVED,1,0,577,0,0,0
pay_00002876,1132.36,CREDIT_CARD,TRAVEL,10.4_FRAUDULENT_TRANSACTION,1,0,178,0,0,0
pay_00002877,443.52,CREDIT_CARD,TRAVEL,13.3_NOT_AS_DESCRIBED,1,0,177,0,1,0
pay_00002878,1441.54,CREDIT_CARD,RETAIL,10.4_FRAUDULENT_TRANSACTION,1,0,544,0,0,0
pay_00002879,408.94,UPI,ELECTRONICS,10.4_FRAUDULENT_TRANSACTION,1,1,851,0,0,0
pay_00002880,704.22,DEBIT_CARD,ELECTRONICS,10.4_FRAUDULENT_TRANSACTION,1,0,577,0,0,0
pay_00002881,2996.84,DEBIT_CARD,RETAIL,10.4_FRAUDULENT_TRANSACTION,1,0,26,0,0,0
pay_00002882,448.04,CREDIT_CARD,GAMING,10.4_FRAUDULENT_TRANSACTION,0,1,197,0,0,0
pay_00002883,210.73,UPI,RETAIL,10.4_FRAUDULENT_TRANSACTION,1,0,410,0,0,0
pay_00002884,207.26,UPI,RETAIL,10.4_FRAUDULENT_TRANSACTION,1,0,742,1,0,0
pay_00002885,4339.86,UPI,TRAVEL,13.1_MERCHANDISE_NOT_RECEIVED,1,0,65,0,0,0
pay_00002886,1160.63,UPI,RETAIL,10.4_FRAUDULENT_TRANSACTION,1,2,478,0,0,0
pay_00002887,889.96,UPI,GAMING,13.3_NOT_AS_DESCRIBED,1,0,753,1,0,0
pay_00002888,2598.05,WALLET,ELECTRONICS,10.4_FRAUDULENT_TRANSACTION,1,1,396,0,0,0
pay_00002889,2810.24,DEBIT_CARD,DIGITAL_SERVICES,10.4_FRAUDULENT_TRANSACTION,1,0,484,0,1,0
pay_00002890,705.63,CREDIT_CARD,RETAIL,10.4_FRAUDULENT_TRANSACTION,1,0,804,0,0,0
pay_00002891,1874.38,CREDIT_CARD,RETAIL,13.1_MERCHANDISE_NOT_RECEIVED,0,0,664,1,0,0
pay_00002892,2311.85,UPI,TRAVEL,13.1_MERCHANDISE_NOT_RECEIVED,0,1,938,0,1,0
pay_00002893,1694.8,WALLET,TRAVEL,10.4_FRAUDULENT_TRANSACTION,0,1,823,1,0,0
pay_00002894,346.6,UPI,RETAIL,10.4_FRAUDULENT_TRANSACTION,1,0,183,0,0,0
pay_00002895,3229.8,UPI,RETAIL,10.5_VISA_EASY_PAYMENT,1,1,601,1,0,0
pay_00002896,1261.84,UPI,GAMING,13.3_NOT_AS_DESCRIBED,1,0,264,0,0,0
pay_00002897,597.92,NETBANKING,ELECTRONICS,10.4_FRAUDULENT_TRANSACTION,1,0,972,0,0,0
pay_00002898,930.67,NETBANKING,ELECTRONICS,13.1_MERCHANDISE_NOT_RECEIVED,1,1,701,0,1,0
pay_00002899,157.44,UPI,DIGITAL_SERVICES,10.4_FRAUDULENT_TRANSACTION,1,2,27,0,0,0
pay_00002900,305.22,NETBANKING,ELECTRONICS,10.4_FRAUDULENT_TRANSACTION,0,2,251,0,0,0
pay_00002901,2275.75,UPI,DIGITAL_SERVICES,13.3_NOT_AS_DESCRIBED,1,0,508,2,1,1
pay_00002902,100.02,UPI,TRAVEL,13.1_MERCHANDISE_NOT_RECEIVED,1,0,972,0,0,0
pay_00002903,908.24,DEBIT_CARD,DIGITAL_SERVICES,10.4_FRAUDULENT_TRANSACTION,1,0,703,0,0,0
pay_00002904,1208.82,NETBANKING,DIGITAL_SERVICES,13.3_NOT_AS_DESCRIBED,0,0,128,0,0,0
pay_00002905,184.28,CREDIT_CARD,ELECTRONICS,13.1_MERCHANDISE_NOT_RECEIVED,1,0,416,0,0,0
pay_00002906,5522.23,CREDIT_CARD,RETAIL,10.4_FRAUDULENT_TRANSACTION,0,0,828,0,0,1
pay_00002907,484.52,DEBIT_CARD,TRAVEL,10.4_FRAUDULENT_TRANSACTION,0,0,419,1,0,1
pay_00002908,644.04,DEBIT_CARD,GAMING,10.4_FRAUDULENT_TRANSACTION,1,2,656,0,1,0
pay_00002909,643.48,NETBANKING,DIGITAL_SERVICES,10.4_FRAUDULENT_TRANSACTION,0,0,420,0,0,1
pay_00002910,492.86,CREDIT_CARD,DIGITAL_SERVICES,13.1_MERCHANDISE_NOT_RECEIVED,1,0,824,2,0,0
pay_00002911,102.21,WALLET,DIGITAL_SERVICES,10.4_FRAUDULENT_TRANSACTION,1,0,670,0,1,0
pay_00002912,2060.36,WALLET,RETAIL,10.4_FRAUDULENT_TRANSACTION,1,0,229,1,0,0
pay_00002913,5209.87,UPI,GAMING,13.3_NOT_AS_DESCRIBED,0,1,893,1,0,1
pay_00002914,480.97,DEBIT_CARD,ELECTRONICS,10.5_VISA_EASY_PAYMENT,1,1,544,0,0,0
pay_00002915,1731.72,UPI,TRAVEL,13.1_MERCHANDISE_NOT_RECEIVED,1,0,79,0,0,0
pay_00002916,2131.59,UPI,RETAIL,13.1_MERCHANDISE_NOT_RECEIVED,1,2,789,0,0,0
pay_00002917,2930.02,CREDIT_CARD,GAMING,13.3_NOT_AS_DESCRIBED,1,1,56,0,0,0
pay_00002918,923.91,UPI,TRAVEL,13.1_MERCHANDISE_NOT_RECEIVED,1,2,936,0,0,0
pay_00002919,641.31,CREDIT_CARD,ELECTRONICS,10.4_FRAUDULENT_TRANSACTION,0,0,861,0,0,1
pay_00002920,690.22,NETBANKING,TRAVEL,10.4_FRAUDULENT_TRANSACTION,1,1,54,0,0,0
pay_00002921,1970.43,UPI,DIGITAL_SERVICES,13.1_MERCHANDISE_NOT_RECEIVED,1,0,414,0,0,0
pay_00002922,2645.6,UPI,DIGITAL_SERVICES,10.4_FRAUDULENT_TRANSACTION,1,0,473,0,0,0
pay_00002923,400.63,NETBANKING,RETAIL,10.4_FRAUDULENT_TRANSACTION,1,0,532,0,1,1
pay_00002924,795.3,UPI,TRAVEL,13.1_MERCHANDISE_NOT_RECEIVED,1,0,202,0,1,0
pay_00002925,3583.27,UPI,DIGITAL_SERVICES,10.4_FRAUDULENT_TRANSACTION,1,2,223,0,1,0
pay_00002926,2565.22,UPI,RETAIL,10.4_FRAUDULENT_TRANSACTION,0,0,129,0,1,1
pay_00002927,6385.46,CREDIT_CARD,RETAIL,10.4_FRAUDULENT_TRANSACTION,1,1,330,0,0,0
pay_00002928,2205.15,CREDIT_CARD,RETAIL,10.4_FRAUDULENT_TRANSACTION,1,0,658,0,0,0
pay_00002929,849.32,DEBIT_CARD,ELECTRONICS,13.3_NOT_AS_DESCRIBED,0,0,881,0,1,0
pay_00002930,1439.73,UPI,DIGITAL_SERVICES,13.1_MERCHANDISE_NOT_RECEIVED,1,0,740,0,0,0
pay_00002931,1722.7,DEBIT_CARD,DIGITAL_SERVICES,13.3_NOT_AS_DESCRIBED,1,0,441,0,0,1
pay_00002932,222.56,CREDIT_CARD,GAMING,10.4_FRAUDULENT_TRANSACTION,1,0,827,0,0,0
pay_00002933,1279.53,UPI,ELECTRONICS,13.1_MERCHANDISE_NOT_RECEIVED,1,1,896,0,0,0
pay_00002934,1953.3,CREDIT_CARD,DIGITAL_SERVICES,13.1_MERCHANDISE_NOT_RECEIVED,1,0,128,0,0,1
pay_00002935,374.66,DEBIT_CARD,DIGITAL_SERVICES,10.4_FRAUDULENT_TRANSACTION,1,0,141,2,0,1
pay_00002936,2375.5,CREDIT_CARD,GAMING,10.4_FRAUDULENT_TRANSACTION,1,0,800,0,0,0
pay_00002937,1414.79,UPI,TRAVEL,13.1_MERCHANDISE_NOT_RECEIVED,1,1,470,0,0,0
pay_00002938,4661.78,UPI,TRAVEL,10.5_VISA_EASY_PAYMENT,1,2,582,0,0,0
pay_00002939,165.02,UPI,ELECTRONICS,13.3_NOT_AS_DESCRIBED,1,0,161,1,0,0
pay_00002940,562.49,UPI,RETAIL,10.4_FRAUDULENT_TRANSACTION,1,0,449,0,0,0
pay_00002941,1480.27,CREDIT_CARD,GAMING,10.4_FRAUDULENT_TRANSACTION,1,1,515,0,0,0
pay_00002942,627.66,UPI,GAMING,13.1_MERCHANDISE_NOT_RECEIVED,1,0,389,0,0,0
pay_00002943,1979.87,DEBIT_CARD,DIGITAL_SERVICES,10.4_FRAUDULENT_TRANSACTION,1,1,882,2,1,1
pay_00002944,2234.47,UPI,DIGITAL_SERVICES,10.4_FRAUDULENT_TRANSACTION,0,3,987,3,0,0
pay_00002945,262.24,UPI,GAMING,10.4_FRAUDULENT_TRANSACTION,1,0,524,0,0,0
pay_00002946,1181.87,CREDIT_CARD,RETAIL,10.4_FRAUDULENT_TRANSACTION,1,0,289,0,0,0
pay_00002947,1166.63,UPI,TRAVEL,10.4_FRAUDULENT_TRANSACTION,0,0,489,0,0,0
pay_00002948,791.34,NETBANKING,ELECTRONICS,13.1_MERCHANDISE_NOT_RECEIVED,1,2,27,0,0,0
pay_00002949,4152.91,UPI,TRAVEL,10.5_VISA_EASY_PAYMENT,1,0,369,0,0,0
pay_00002950,2736.09,UPI,ELECTRONICS,10.4_FRAUDULENT_TRANSACTION,1,0,893,0,0,0
pay_00002951,1892.07,DEBIT_CARD,RETAIL,10.4_FRAUDULENT_TRANSACTION,1,0,13,0,1,1
pay_00002952,1979.36,CREDIT_CARD,GAMING,13.1_MERCHANDISE_NOT_RECEIVED,1,2,366,1,0,0
pay_00002953,1029.05,UPI,RETAIL,10.4_FRAUDULENT_TRANSACTION,1,0,123,0,0,0
pay_00002954,3907.36,UPI,GAMING,10.5_VISA_EASY_PAYMENT,1,1,715,0,0,0
pay_00002955,1879.18,DEBIT_CARD,DIGITAL_SERVICES,10.4_FRAUDULENT_TRANSACTION,1,2,254,0,0,0
pay_00002956,2058.35,WALLET,ELECTRONICS,10.5_VISA_EASY_PAYMENT,1,2,715,0,0,0
pay_00002957,3067.4,NETBANKING,DIGITAL_SERVICES,10.4_FRAUDULENT_TRANSACTION,1,0,676,0,0,0
pay_00002958,580.46,UPI,GAMING,13.3_NOT_AS_DESCRIBED,1,2,361,0,0,0
pay_00002959,2568.15,WALLET,ELECTRONICS,13.1_MERCHANDISE_NOT_RECEIVED,1,1,186,0,0,0
pay_00002960,425.82,UPI,ELECTRONICS,10.5_VISA_EASY_PAYMENT,0,1,320,0,0,0
pay_00002961,735.46,UPI,DIGITAL_SERVICES,13.1_MERCHANDISE_NOT_RECEIVED,1,0,434,0,0,0
pay_00002962,713.33,DEBIT_CARD,ELECTRONICS,13.1_MERCHANDISE_NOT_RECEIVED,1,0,634,0,0,0
pay_00002963,5861.33,UPI,GAMING,13.1_MERCHANDISE_NOT_RECEIVED,1,1,691,2,0,0
pay_00002964,3012.52,UPI,GAMING,13.3_NOT_AS_DESCRIBED,1,1,644,0,0,0
pay_00002965,1911.82,UPI,DIGITAL_SERVICES,13.3_NOT_AS_DESCRIBED,1,0,300,0,0,0
pay_00002966,2047.74,UPI,RETAIL,10.4_FRAUDULENT_TRANSACTION,1,0,530,0,0,0
pay_00002967,1338.55,DEBIT_CARD,GAMING,10.4_FRAUDULENT_TRANSACTION,1,0,18,1,0,0
pay_00002968,4508.76,CREDIT_CARD,GAMING,10.4_FRAUDULENT_TRANSACTION,0,1,476,0,0,0
pay_00002969,1128.54,UPI,ELECTRONICS,10.4_FRAUDULENT_TRANSACTION,1,0,6,0,0,0
pay_00002970,818.31,CREDIT_CARD,ELECTRONICS,13.3_NOT_AS_DESCRIBED,1,1,187,0,0,0
pay_00002971,366.96,NETBANKING,GAMING,10.4_FRAUDULENT_TRANSACTION,1,1,703,0,0,0
pay_00002972,2414.11,DEBIT_CARD,DIGITAL_SERVICES,13.1_MERCHANDISE_NOT_RECEIVED,1,0,43,0,0,0
pay_00002973,2088.89,UPI,RETAIL,13.1_MERCHANDISE_NOT_RECEIVED,1,1,250,3,0,0
pay_00002974,827.63,WALLET,ELECTRONICS,13.3_NOT_AS_DESCRIBED,1,3,197,0,0,0
pay_00002975,138.27,DEBIT_CARD,ELECTRONICS,13.1_MERCHANDISE_NOT_RECEIVED,1,0,203,0,0,0
pay_00002976,2839.5,UPI,RETAIL,10.4_FRAUDULENT_TRANSACTION,1,0,965,0,0,0
pay_00002977,117.23,UPI,ELECTRONICS,10.5_VISA_EASY_PAYMENT,1,2,777,0,0,0
pay_00002978,1924.57,UPI,DIGITAL_SERVICES,10.4_FRAUDULENT_TRANSACTION,1,0,919,0,0,0
pay_00002979,5372.75,DEBIT_CARD,ELECTRONICS,13.3_NOT_AS_DESCRIBED,1,1,779,0,1,0
pay_00002980,963.48,UPI,ELECTRONICS,10.4_FRAUDULENT_TRANSACTION,1,0,189,0,0,0
pay_00002981,501.77,CREDIT_CARD,GAMING,10.4_FRAUDULENT_TRANSACTION,1,1,847,0,0,0
pay_00002982,1930.51,UPI,DIGITAL_SERVICES,13.3_NOT_AS_DESCRIBED,1,0,473,0,0,0
pay_00002983,2648.45,NETBANKING,DIGITAL_SERVICES,13.3_NOT_AS_DESCRIBED,1,0,273,0,0,0
pay_00002984,1285.91,UPI,GAMING,10.4_FRAUDULENT_TRANSACTION,1,0,690,2,0,0
pay_00002985,5218.48,NETBANKING,TRAVEL,13.1_MERCHANDISE_NOT_RECEIVED,0,0,949,0,0,1
pay_00002986,179.58,NETBANKING,RETAIL,10.4_FRAUDULENT_TRANSACTION,0,1,90,1,0,1
pay_00002987,1154.18,UPI,DIGITAL_SERVICES,10.4_FRAUDULENT_TRANSACTION,1,1,270,0,0,0
pay_00002988,2001.19,UPI,TRAVEL,13.1_MERCHANDISE_NOT_RECEIVED,1,0,551,1,0,0
pay_00002989,3077.73,UPI,RETAIL,13.3_NOT_AS_DESCRIBED,0,2,120,0,0,1
pay_00002990,396.32,NETBANKING,DIGITAL_SERVICES,13.3_NOT_AS_DESCRIBED,0,0,567,0,0,0
pay_00002991,2514.18,CREDIT_CARD,ELECTRONICS,13.1_MERCHANDISE_NOT_RECEIVED,1,0,240,0,0,0
pay_00002992,1306.81,UPI,DIGITAL_SERVICES,13.1_MERCHANDISE_NOT_RECEIVED,1,2,265,0,0,0
pay_00002993,857.65,UPI,RETAIL,10.4_FRAUDULENT_TRANSACTION,1,1,191,0,0,0
pay_00002994,311.85,UPI,TRAVEL,10.4_FRAUDULENT_TRANSACTION,1,0,283,0,0,0
pay_00002995,3107.01,NETBANKING,ELECTRONICS,10.4_FRAUDULENT_TRANSACTION,1,0,675,1,0,0
pay_00002996,356.67,CREDIT_CARD,RETAIL,10.5_VISA_EASY_PAYMENT,1,0,859,0,0,0
pay_00002997,656.13,NETBANKING,RETAIL,10.4_FRAUDULENT_TRANSACTION,0,0,757,2,0,1
pay_00002998,613.83,UPI,DIGITAL_SERVICES,10.4_FRAUDULENT_TRANSACTION,1,0,464,0,0,0
pay_00002999,3176.74,UPI,GAMING,13.1_MERCHANDISE_NOT_RECEIVED,1,0,828,0,0,0
pay_00003000,1775.33,WALLET,GAMING,10.4_FRAUDULENT_TRANSACTION,1,1,726,0,0,0
pay_00003001,2489.47,UPI,ELECTRONICS,13.3_NOT_AS_DESCRIBED,1,1,798,0,0,0
pay_00003002,532.46,NETBANKING,RETAIL,10.4_FRAUDULENT_TRANSACTION,1,1,90,0,0,0
pay_00003003,1570.74,UPI,TRAVEL,13.3_NOT_AS_DESCRIBED,1,0,359,0,0,0
pay_00003004,1372.06,UPI,ELECTRONICS,10.4_FRAUDULENT_TRANSACTION,1,0,380,0,0,0
pay_00003005,2783.12,CREDIT_CARD,ELECTRONICS,10.4_FRAUDULENT_TRANSACTION,1,1,167,0,0,1
pay_00003006,3648.08,WALLET,DIGITAL_SERVICES,13.3_NOT_AS_DESCRIBED,1,0,692,0,0,0
pay_00003007,118.35,WALLET,TRAVEL,13.1_MERCHANDISE_NOT_RECEIVED,1,1,993,0,0,0
pay_00003008,1781.38,UPI,RETAIL,10.4_FRAUDULENT_TRANSACTION,1,0,616,0,0,0
pay_00003009,179.84,UPI,RETAIL,10.4_FRAUDULENT_TRANSACTION,1,2,570,0,0,0
pay_00003010,1293.96,CREDIT_CARD,RETAIL,10.4_FRAUDULENT_TRANSACTION,1,0,833,0,0,0
pay_00003011,608.74,CREDIT_CARD,ELECTRONICS,10.4_FRAUDULENT_TRANSACTION,1,1,204,0,0,0
pay_00003012,649.6,DEBIT_CARD,DIGITAL_SERVICES,10.4_FRAUDULENT_TRANSACTION,0,0,126,1,0,0
pay_00003013,753.02,UPI,ELECTRONICS,13.1_MERCHANDISE_NOT_RECEIVED,1,2,465,1,0,0
pay_00003014,1556.49,WALLET,GAMING,10.4_FRAUDULENT_TRANSACTION,1,0,345,0,0,0
pay_00003015,709.81,CREDIT_CARD,GAMING,10.4_FRAUDULENT_TRANSACTION,0,0,669,0,0,0
pay_00003016,2079.07,DEBIT_CARD,RETAIL,13.1_MERCHANDISE_NOT_RECEIVED,0,0,954,0,0,1
pay_00003017,877.6,CREDIT_CARD,DIGITAL_SERVICES,10.4_FRAUDULENT_TRANSACTION,1,0,767,0,0,1
pay_00003018,206.2,UPI,RETAIL,13.1_MERCHANDISE_NOT_RECEIVED,0,0,426,0,0,0
pay_00003019,2397.05,WALLET,RETAIL,13.1_MERCHANDISE_NOT_RECEIVED,1,0,540,0,0,0
pay_00003020,604.8,CREDIT_CARD,ELECTRONICS,10.4_FRAUDULENT_TRANSACTION,1,0,211,1,0,0
pay_00003021,950.48,NETBANKING,RETAIL,10.4_FRAUDULENT_TRANSACTION,1,0,266,0,0,0
pay_00003022,1834.89,WALLET,RETAIL,10.4_FRAUDULENT_TRANSACTION,1,0,267,0,0,0
pay_00003023,706.23,CREDIT_CARD,DIGITAL_SERVICES,13.1_MERCHANDISE_NOT_RECEIVED,1,0,970,1,0,1
pay_00003024,187.37,CREDIT_CARD,DIGITAL_SERVICES,13.1_MERCHANDISE_NOT_RECEIVED,0,1,254,0,0,1
pay_00003025,802.42,UPI,DIGITAL_SERVICES,13.1_MERCHANDISE_NOT_RECEIVED,1,1,188,0,0,0
pay_00003026,4435.67,UPI,RETAIL,10.5_VISA_EASY_PAYMENT,0,1,30,0,0,1
pay_00003027,1639.72,UPI,DIGITAL_SERVICES,13.1_MERCHANDISE_NOT_RECEIVED,1,0,305,1,0,0
pay_00003028,1769.73,UPI,DIGITAL_SERVICES,13.1_MERCHANDISE_NOT_RECEIVED,1,3,967,1,0,0
pay_00003029,1600.66,UPI,TRAVEL,10.4_FRAUDULENT_TRANSACTION,1,0,453,0,0,0
pay_00003030,432.83,UPI,TRAVEL,10.4_FRAUDULENT_TRANSACTION,1,0,700,0,0,0
pay_00003031,912.79,UPI,GAMING,10.4_FRAUDULENT_TRANSACTION,1,1,796,0,0,0
pay_00003032,2185.09,UPI,ELECTRONICS,13.1_MERCHANDISE_NOT_RECEIVED,1,0,788,0,1,0
pay_00003033,260.33,UPI,ELECTRONICS,10.4_FRAUDULENT_TRANSACTION,1,0,992,0,0,0
pay_00003034,588.29,UPI,DIGITAL_SERVICES,13.1_MERCHANDISE_NOT_RECEIVED,1,0,699,0,0,0
pay_00003035,585.11,CREDIT_CARD,GAMING,13.1_MERCHANDISE_NOT_RECEIVED,1,0,908,0,0,0
pay_00003036,948.5,CREDIT_CARD,GAMING,10.4_FRAUDULENT_TRANSACTION,1,0,645,0,0,0
pay_00003037,5995.95,UPI,TRAVEL,13.1_MERCHANDISE_NOT_RECEIVED,1,1,30,0,0,0
pay_00003038,204.83,CREDIT_CARD,GAMING,10.4_FRAUDULENT_TRANSACTION,1,0,161,0,0,0
pay_00003039,1196.9,DEBIT_CARD,RETAIL,10.4_FRAUDULENT_TRANSACTION,1,1,650,0,0,0
pay_00003040,396.51,UPI,DIGITAL_SERVICES,13.1_MERCHANDISE_NOT_RECEIVED,0,0,423,0,0,0
pay_00003041,5394.05,CREDIT_CARD,RETAIL,13.1_MERCHANDISE_NOT_RECEIVED,1,1,347,0,0,1
pay_00003042,280.38,WALLET,ELECTRONICS,10.4_FRAUDULENT_TRANSACTION,1,0,844,0,1,0
pay_00003043,875.27,DEBIT_CARD,TRAVEL,10.4_FRAUDULENT_TRANSACTION,1,0,578,0,0,0
pay_00003044,2108.46,UPI,RETAIL,10.4_FRAUDULENT_TRANSACTION,1,0,222,0,1,1
pay_00003045,1928.91,CREDIT_CARD,DIGITAL_SERVICES,10.4_FRAUDULENT_TRANSACTION,1,0,188,0,0,0
pay_00003046,924.16,UPI,RETAIL,10.5_VISA_EASY_PAYMENT,1,0,425,1,0,0
pay_00003047,738.17,CREDIT_CARD,RETAIL,10.4_FRAUDULENT_TRANSACTION,1,0,965,0,0,0
pay_00003048,860.28,WALLET,GAMING,10.5_VISA_EASY_PAYMENT,1,1,549,0,0,0
pay_00003049,560.35,CREDIT_CARD,TRAVEL,10.5_VISA_EASY_PAYMENT,1,0,511,0,1,0
pay_00003050,444.75,NETBANKING,ELECTRONICS,10.4_FRAUDULENT_TRANSACTION,1,2,206,0,0,0
pay_00003051,1089.68,UPI,DIGITAL_SERVICES,10.4_FRAUDULENT_TRANSACTION,1,1,371,0,0,0
pay_00003052,569.06,WALLET,DIGITAL_SERVICES,13.3_NOT_AS_DESCRIBED,0,1,474,0,0,0
pay_00003053,608.38,CREDIT_CARD,ELECTRONICS,10.4_FRAUDULENT_TRANSACTION,1,1,882,0,0,0
pay_00003054,1703.97,UPI,DIGITAL_SERVICES,13.1_MERCHANDISE_NOT_RECEIVED,1,0,392,0,0,0
pay_00003055,5288.43,CREDIT_CARD,GAMING,10.4_FRAUDULENT_TRANSACTION,1,2,479,1,0,0
pay_00003056,1488.14,UPI,RETAIL,10.4_FRAUDULENT_TRANSACTION,1,0,509,0,0,0
pay_00003057,220.16,UPI,GAMING,10.4_FRAUDULENT_TRANSACTION,1,0,57,0,1,1
pay_00003058,217.89,DEBIT_CARD,GAMING,10.4_FRAUDULENT_TRANSACTION,1,1,67,0,0,0
pay_00003059,4636.91,UPI,GAMING,13.1_MERCHANDISE_NOT_RECEIVED,1,0,28,2,0,0
pay_00003060,629.22,DEBIT_CARD,ELECTRONICS,10.5_VISA_EASY_PAYMENT,1,1,654,0,1,1
pay_00003061,244.88,UPI,TRAVEL,10.4_FRAUDULENT_TRANSACTION,1,1,651,0,0,0
pay_00003062,1470.86,UPI,ELECTRONICS,10.4_FRAUDULENT_TRANSACTION,0,0,925,1,0,0
pay_00003063,1565.85,WALLET,ELECTRONICS,10.4_FRAUDULENT_TRANSACTION,1,0,232,0,0,0
pay_00003064,1668.34,UPI,GAMING,10.4_FRAUDULENT_TRANSACTION,0,0,950,1,1,0
pay_00003065,566.74,CREDIT_CARD,TRAVEL,13.1_MERCHANDISE_NOT_RECEIVED,1,0,972,0,0,0
pay_00003066,122.84,CREDIT_CARD,ELECTRONICS,13.1_MERCHANDISE_NOT_RECEIVED,0,0,107,0,1,1
pay_00003067,5129.27,CREDIT_CARD,TRAVEL,10.4_FRAUDULENT_TRANSACTION,1,1,137,0,0,1
pay_00003068,533.31,NETBANKING,GAMING,13.3_NOT_AS_DESCRIBED,1,0,378,0,0,0
pay_00003069,1790.64,CREDIT_CARD,ELECTRONICS,13.1_MERCHANDISE_NOT_RECEIVED,1,0,676,0,0,0
pay_00003070,1939.48,UPI,TRAVEL,10.4_FRAUDULENT_TRANSACTION,0,1,659,0,0,0
pay_00003071,1512.44,NETBANKING,DIGITAL_SERVICES,13.1_MERCHANDISE_NOT_RECEIVED,1,1,391,0,0,0
pay_00003072,662.93,UPI,ELECTRONICS,10.4_FRAUDULENT_TRANSACTION,1,0,785,0,1,0
pay_00003073,574.32,CREDIT_CARD,ELECTRONICS,13.1_MERCHANDISE_NOT_RECEIVED,0,0,895,0,0,0
pay_00003074,1465.72,WALLET,ELECTRONICS,10.4_FRAUDULENT_TRANSACTION,1,0,816,0,0,0
pay_00003075,3115.94,CREDIT_CARD,TRAVEL,10.4_FRAUDULENT_TRANSACTION,1,0,691,0,0,0
pay_00003076,4498.68,DEBIT_CARD,RETAIL,13.3_NOT_AS_DESCRIBED,1,0,599,0,0,0
pay_00003077,267.92,CREDIT_CARD,ELECTRONICS,13.1_MERCHANDISE_NOT_RECEIVED,1,3,76,0,0,0
pay_00003078,352.32,DEBIT_CARD,DIGITAL_SERVICES,13.1_MERCHANDISE_NOT_RECEIVED,1,0,455,0,0,0
pay_00003079,4443.46,NETBANKING,DIGITAL_SERVICES,10.4_FRAUDULENT_TRANSACTION,1,1,345,0,1,0
pay_00003080,2100.75,UPI,GAMING,13.1_MERCHANDISE_NOT_RECEIVED,0,1,590,0,0,0
pay_00003081,3318.29,UPI,RETAIL,10.4_FRAUDULENT_TRANSACTION,1,0,570,0,0,0
pay_00003082,439.66,UPI,RETAIL,13.3_NOT_AS_DESCRIBED,0,0,735,0,0,0
pay_00003083,1428.59,DEBIT_CARD,TRAVEL,13.1_MERCHANDISE_NOT_RECEIVED,1,0,985,0,1,0
pay_00003084,1911.67,UPI,GAMING,10.4_FRAUDULENT_TRANSACTION,1,0,715,0,0,0
pay_00003085,1809.68,UPI,TRAVEL,10.4_FRAUDULENT_TRANSACTION,1,1,459,0,0,0
pay_00003086,886.76,UPI,GAMING,13.3_NOT_AS_DESCRIBED,1,1,903,0,0,0
pay_00003087,123.27,WALLET,RETAIL,13.1_MERCHANDISE_NOT_RECEIVED,1,0,363,0,0,0
pay_00003088,1411.74,CREDIT_CARD,TRAVEL,10.5_VISA_EASY_PAYMENT,1,0,574,0,0,0
pay_00003089,537.74,UPI,GAMING,10.4_FRAUDULENT_TRANSACTION,1,0,963,0,1,0
pay_00003090,997.45,UPI,RETAIL,13.1_MERCHANDISE_NOT_RECEIVED,1,0,143,0,0,0
pay_00003091,4840.24,UPI,RETAIL,13.1_MERCHANDISE_NOT_RECEIVED,1,0,579,0,0,0
pay_00003092,863.83,UPI,ELECTRONICS,13.1_MERCHANDISE_NOT_RECEIVED,1,0,638,0,0,0
pay_00003093,2847.01,UPI,TRAVEL,13.1_MERCHANDISE_NOT_RECEIVED,1,1,821,1,0,0
pay_00003094,413.38,NETBANKING,ELECTRONICS,10.4_FRAUDULENT_TRANSACTION,1,0,937,0,0,0
pay_00003095,1774.22,WALLET,RETAIL,13.1_MERCHANDISE_NOT_RECEIVED,0,0,145,0,0,0
pay_00003096,5758.85,UPI,TRAVEL,13.1_MERCHANDISE_NOT_RECEIVED,1,0,369,1,0,1
pay_00003097,261.2,UPI,TRAVEL,10.4_FRAUDULENT_TRANSACTION,0,2,953,0,0,0
pay_00003098,112.53,UPI,DIGITAL_SERVICES,10.4_FRAUDULENT_TRANSACTION,1,1,428,0,0,0
pay_00003099,952.64,UPI,GAMING,13.1_MERCHANDISE_NOT_RECEIVED,0,0,967,2,1,1
pay_00003100,245.8,UPI,DIGITAL_SERVICES,10.4_FRAUDULENT_TRANSACTION,1,1,715,0,0,0
pay_00003101,2169.78,UPI,DIGITAL_SERVICES,10.4_FRAUDULENT_TRANSACTION,1,1,253,0,0,1
pay_00003102,3789.71,UPI,RETAIL,13.1_MERCHANDISE_NOT_RECEIVED,1,0,960,0,0,0
pay_00003103,953.8,DEBIT_CARD,GAMING,10.4_FRAUDULENT_TRANSACTION,0,0,622,0,0,0
pay_00003104,549.05,DEBIT_CARD,DIGITAL_SERVICES,10.4_FRAUDULENT_TRANSACTION,1,3,148,0,0,1
pay_00003105,954.81,CREDIT_CARD,DIGITAL_SERVICES,13.1_MERCHANDISE_NOT_RECEIVED,1,0,127,0,0,0
pay_00003106,2028.03,UPI,TRAVEL,10.4_FRAUDULENT_TRANSACTION,1,0,897,0,0,0
pay_00003107,113.64,NETBANKING,RETAIL,13.1_MERCHANDISE_NOT_RECEIVED,1,1,352,1,0,0
pay_00003108,1435.4,WALLET,DIGITAL_SERVICES,10.4_FRAUDULENT_TRANSACTION,1,0,998,0,0,0
pay_00003109,1525.13,UPI,GAMING,13.3_NOT_AS_DESCRIBED,1,0,121,0,1,0
pay_00003110,1622.88,UPI,ELECTRONICS,10.4_FRAUDULENT_TRANSACTION,1,1,374,0,0,0
pay_00003111,515.65,CREDIT_CARD,ELECTRONICS,10.4_FRAUDULENT_TRANSACTION,1,1,341,0,0,0
pay_00003112,1977.92,UPI,RETAIL,13.1_MERCHANDISE_NOT_RECEIVED,1,0,31,0,0,0
pay_00003113,243.76,UPI,ELECTRONICS,10.4_FRAUDULENT_TRANSACTION,1,0,785,0,0,0
pay_00003114,433.35,CREDIT_CARD,TRAVEL,13.3_NOT_AS_DESCRIBED,1,0,345,0,1,0
pay_00003115,3249.1,CREDIT_CARD,TRAVEL,13.1_MERCHANDISE_NOT_RECEIVED,1,1,553,0,0,0
pay_00003116,2113.26,UPI,GAMING,13.3_NOT_AS_DESCRIBED,1,1,993,0,0,0
pay_00003117,120.76,CREDIT_CARD,RETAIL,10.4_FRAUDULENT_TRANSACTION,1,0,204,0,0,0
pay_00003118,528.28,WALLET,RETAIL,13.3_NOT_AS_DESCRIBED,1,0,372,0,0,0
pay_00003119,461.97,UPI,ELECTRONICS,10.4_FRAUDULENT_TRANSACTION,1,1,412,0,0,0
pay_00003120,573.72,CREDIT_CARD,DIGITAL_SERVICES,10.4_FRAUDULENT_TRANSACTION,1,0,561,0,0,0
pay_00003121,526.65,UPI,DIGITAL_SERVICES,10.4_FRAUDULENT_TRANSACTION,1,1,602,0,0,0
pay_00003122,196.85,UPI,DIGITAL_SERVICES,13.1_MERCHANDISE_NOT_RECEIVED,1,1,228,0,0,0
pay_00003123,1021.34,CREDIT_CARD,GAMING,13.3_NOT_AS_DESCRIBED,1,0,823,0,0,1
pay_00003124,2079.26,UPI,RETAIL,10.4_FRAUDULENT_TRANSACTION,1,1,904,0,0,0
pay_00003125,1499.89,UPI,ELECTRONICS,13.3_NOT_AS_DESCRIBED,1,2,32,0,0,0
pay_00003126,1776.1,UPI,GAMING,13.3_NOT_AS_DESCRIBED,1,0,691,2,0,1
pay_00003127,226.95,CREDIT_CARD,TRAVEL,10.4_FRAUDULENT_TRANSACTION,1,1,346,0,0,0
pay_00003128,4639.0,DEBIT_CARD,TRAVEL,13.1_MERCHANDISE_NOT_RECEIVED,1,0,197,0,0,0
pay_00003129,2834.8,UPI,TRAVEL,10.4_FRAUDULENT_TRANSACTION,1,1,747,0,0,0
pay_00003130,2552.83,CREDIT_CARD,RETAIL,13.3_NOT_AS_DESCRIBED,1,0,294,1,0,0
pay_00003131,2697.27,UPI,TRAVEL,13.1_MERCHANDISE_NOT_RECEIVED,1,2,589,0,0,0
pay_00003132,4148.13,CREDIT_CARD,DIGITAL_SERVICES,10.4_FRAUDULENT_TRANSACTION,1,1,787,1,0,0
pay_00003133,1278.73,UPI,TRAVEL,13.3_NOT_AS_DESCRIBED,1,0,774,0,0,0
pay_00003134,435.24,CREDIT_CARD,GAMING,10.4_FRAUDULENT_TRANSACTION,1,0,122,1,0,1
pay_00003135,1538.73,WALLET,TRAVEL,13.3_NOT_AS_DESCRIBED,1,0,636,0,0,0
pay_00003136,2137.33,NETBANKING,DIGITAL_SERVICES,10.4_FRAUDULENT_TRANSACTION,1,1,375,0,1,0
pay_00003137,2108.64,UPI,TRAVEL,13.3_NOT_AS_DESCRIBED,1,1,557,0,0,0
pay_00003138,1205.49,NETBANKING,ELECTRONICS,13.1_MERCHANDISE_NOT_RECEIVED,1,0,966,0,0,0
pay_00003139,206.37,UPI,DIGITAL_SERVICES,13.1_MERCHANDISE_NOT_RECEIVED,1,1,16,1,0,0
pay_00003140,795.71,WALLET,RETAIL,10.4_FRAUDULENT_TRANSACTION,0,1,438,0,0,0
pay_00003141,3903.04,UPI,TRAVEL,13.3_NOT_AS_DESCRIBED,1,0,349,1,0,0
pay_00003142,1417.22,UPI,GAMING,10.4_FRAUDULENT_TRANSACTION,1,0,210,0,0,0
pay_00003143,1259.36,UPI,TRAVEL,10.4_FRAUDULENT_TRANSACTION,1,2,160,0,0,1
pay_00003144,569.71,UPI,GAMING,10.4_FRAUDULENT_TRANSACTION,1,0,285,0,0,0
pay_00003145,789.36,DEBIT_CARD,ELECTRONICS,13.3_NOT_AS_DESCRIBED,0,0,52,0,0,0
pay_00003146,3485.64,NETBANKING,RETAIL,10.4_FRAUDULENT_TRANSACTION,1,0,81,0,0,0
pay_00003147,1747.0,CREDIT_CARD,DIGITAL_SERVICES,13.1_MERCHANDISE_NOT_RECEIVED,1,0,874,0,0,1
pay_00003148,2422.42,DEBIT_CARD,DIGITAL_SERVICES,13.3_NOT_AS_DESCRIBED,0,1,880,0,0,0
pay_00003149,1008.65,DEBIT_CARD,RETAIL,13.3_NOT_AS_DESCRIBED,1,0,381,0,0,0
pay_00003150,1592.38,UPI,ELECTRONICS,10.4_FRAUDULENT_TRANSACTION,1,0,837,0,0,0
pay_00003151,528.29,UPI,ELECTRONICS,13.1_MERCHANDISE_NOT_RECEIVED,1,0,352,0,0,0
pay_00003152,1933.51,UPI,TRAVEL,10.4_FRAUDULENT_TRANSACTION,1,0,285,0,1,0
pay_00003153,936.88,UPI,ELECTRONICS,13.3_NOT_AS_DESCRIBED,1,1,861,0,0,0
pay_00003154,976.56,UPI,TRAVEL,13.3_NOT_AS_DESCRIBED,1,0,490,0,0,1
pay_00003155,1671.83,UPI,GAMING,13.3_NOT_AS_DESCRIBED,1,0,387,0,0,0
pay_00003156,4229.9,UPI,RETAIL,13.1_MERCHANDISE_NOT_RECEIVED,1,1,435,0,0,0
pay_00003157,199.22,UPI,GAMING,10.4_FRAUDULENT_TRANSACTION,1,1,580,0,1,0
pay_00003158,2712.25,NETBANKING,GAMING,10.4_FRAUDULENT_TRANSACTION,1,0,44,0,0,0
pay_00003159,618.78,UPI,GAMING,10.4_FRAUDULENT_TRANSACTION,0,0,793,0,0,0
pay_00003160,980.26,CREDIT_CARD,GAMING,10.4_FRAUDULENT_TRANSACTION,1,0,507,0,0,0
pay_00003161,133.24,CREDIT_CARD,DIGITAL_SERVICES,10.5_VISA_EASY_PAYMENT,1,0,662,0,1,0
pay_00003162,637.26,CREDIT_CARD,ELECTRONICS,10.4_FRAUDULENT_TRANSACTION,0,0,170,0,0,1
pay_00003163,1147.64,UPI,RETAIL,10.5_VISA_EASY_PAYMENT,1,0,75,0,0,0
pay_00003164,186.72,UPI,RETAIL,13.3_NOT_AS_DESCRIBED,1,0,8,0,1,0
pay_00003165,1113.24,UPI,GAMING,13.3_NOT_AS_DESCRIBED,1,0,475,0,0,0
pay_00003166,4028.22,UPI,RETAIL,13.1_MERCHANDISE_NOT_RECEIVED,1,0,172,0,1,0
pay_00003167,267.06,UPI,TRAVEL,10.4_FRAUDULENT_TRANSACTION,1,1,437,0,0,0
pay_00003168,2268.69,CREDIT_CARD,RETAIL,10.4_FRAUDULENT_TRANSACTION,0,1,637,0,0,0
pay_00003169,890.61,CREDIT_CARD,GAMING,13.1_MERCHANDISE_NOT_RECEIVED,1,0,726,0,0,0
pay_00003170,1697.07,CREDIT_CARD,RETAIL,10.4_FRAUDULENT_TRANSACTION,1,1,451,1,0,1
pay_00003171,552.14,UPI,ELECTRONICS,10.4_FRAUDULENT_TRANSACTION,1,1,795,0,0,0
pay_00003172,360.62,UPI,GAMING,13.1_MERCHANDISE_NOT_RECEIVED,1,0,651,0,0,0
pay_00003173,362.36,DEBIT_CARD,DIGITAL_SERVICES,13.3_NOT_AS_DESCRIBED,1,0,667,0,1,1
pay_00003174,209.65,UPI,ELECTRONICS,13.3_NOT_AS_DESCRIBED,0,0,647,0,0,0
pay_00003175,408.04,DEBIT_CARD,RETAIL,10.4_FRAUDULENT_TRANSACTION,1,1,892,0,0,0
pay_00003176,1736.95,DEBIT_CARD,DIGITAL_SERVICES,10.5_VISA_EASY_PAYMENT,1,0,859,0,0,0
pay_00003177,3301.68,UPI,ELECTRONICS,13.1_MERCHANDISE_NOT_RECEIVED,1,0,495,0,0,0
pay_00003178,2624.03,UPI,TRAVEL,13.1_MERCHANDISE_NOT_RECEIVED,1,1,459,0,0,0
pay_00003179,1833.41,UPI,ELECTRONICS,10.4_FRAUDULENT_TRANSACTION,1,0,185,0,0,0
pay_00003180,275.53,UPI,DIGITAL_SERVICES,13.1_MERCHANDISE_NOT_RECEIVED,1,0,729,0,0,0
pay_00003181,612.02,UPI,TRAVEL,13.1_MERCHANDISE_NOT_RECEIVED,1,0,167,0,0,0
pay_00003182,656.18,UPI,RETAIL,13.1_MERCHANDISE_NOT_RECEIVED,1,0,307,0,0,0
pay_00003183,531.44,UPI,GAMING,10.4_FRAUDULENT_TRANSACTION,1,3,976,0,0,1
pay_00003184,1185.43,CREDIT_CARD,RETAIL,13.3_NOT_AS_DESCRIBED,1,0,277,0,0,0
pay_00003185,1250.36,DEBIT_CARD,GAMING,10.5_VISA_EASY_PAYMENT,1,0,90,0,0,0
pay_00003186,762.15,UPI,GAMING,13.3_NOT_AS_DESCRIBED,1,0,219,0,0,0
pay_00003187,754.94,NETBANKING,DIGITAL_SERVICES,10.4_FRAUDULENT_TRANSACTION,1,1,441,0,0,0
pay_00003188,2745.24,WALLET,TRAVEL,10.4_FRAUDULENT_TRANSACTION,1,0,691,0,0,0
pay_00003189,2435.93,WALLET,TRAVEL,10.4_FRAUDULENT_TRANSACTION,1,1,621,0,0,0
pay_00003190,651.81,DEBIT_CARD,ELECTRONICS,13.1_MERCHANDISE_NOT_RECEIVED,1,0,629,0,0,0
pay_00003191,3776.43,UPI,RETAIL,13.3_NOT_AS_DESCRIBED,1,0,785,1,0,0
pay_00003192,4680.52,UPI,DIGITAL_SERVICES,10.4_FRAUDULENT_TRANSACTION,1,0,927,0,0,0
pay_00003193,693.44,CREDIT_CARD,RETAIL,10.5_VISA_EASY_PAYMENT,1,0,398,0,1,0
pay_00003194,756.42,CREDIT_CARD,ELECTRONICS,13.1_MERCHANDISE_NOT_RECEIVED,1,0,471,0,0,0
pay_00003195,1156.72,DEBIT_CARD,ELECTRONICS,10.4_FRAUDULENT_TRANSACTION,1,0,898,0,0,0
pay_00003196,4348.4,WALLET,DIGITAL_SERVICES,10.4_FRAUDULENT_TRANSACTION,1,0,986,0,0,0
pay_00003197,3235.08,CREDIT_CARD,ELECTRONICS,10.4_FRAUDULENT_TRANSACTION,1,0,410,0,0,0
pay_00003198,262.33,UPI,DIGITAL_SERVICES,13.1_MERCHANDISE_NOT_RECEIVED,0,1,918,0,0,0
pay_00003199,848.17,UPI,ELECTRONICS,10.4_FRAUDULENT_TRANSACTION,1,0,618,0,1,0
pay_00003200,1309.04,UPI,TRAVEL,13.1_MERCHANDISE_NOT_RECEIVED,0,0,284,1,0,0
pay_00003201,1149.15,CREDIT_CARD,DIGITAL_SERVICES,13.1_MERCHANDISE_NOT_RECEIVED,1,0,902,0,0,0
pay_00003202,423.25,CREDIT_CARD,TRAVEL,10.4_FRAUDULENT_TRANSACTION,0,0,231,0,0,1
pay_00003203,3036.55,DEBIT_CARD,TRAVEL,10.4_FRAUDULENT_TRANSACTION,1,0,659,0,0,0
pay_00003204,1794.88,CREDIT_CARD,DIGITAL_SERVICES,13.1_MERCHANDISE_NOT_RECEIVED,1,1,824,0,1,0
pay_00003205,2829.39,NETBANKING,RETAIL,10.4_FRAUDULENT_TRANSACTION,1,2,21,0,0,0
pay_00003206,3035.99,CREDIT_CARD,GAMING,10.5_VISA_EASY_PAYMENT,1,0,938,0,0,0
pay_00003207,2169.61,DEBIT_CARD,ELECTRONICS,13.1_MERCHANDISE_NOT_RECEIVED,1,1,276,0,0,0
pay_00003208,967.61,UPI,ELECTRONICS,10.4_FRAUDULENT_TRANSACTION,1,3,479,0,0,0
pay_00003209,1514.52,NETBANKING,RETAIL,13.1_MERCHANDISE_NOT_RECEIVED,1,0,347,0,0,0
pay_00003210,362.18,CREDIT_CARD,GAMING,13.3_NOT_AS_DESCRIBED,1,1,975,0,0,0
pay_00003211,1779.66,UPI,RETAIL,10.4_FRAUDULENT_TRANSACTION,1,0,895,0,0,0
pay_00003212,396.31,UPI,GAMING,10.4_FRAUDULENT_TRANSACTION,1,1,172,0,0,0
pay_00003213,1876.01,NETBANKING,DIGITAL_SERVICES,13.1_MERCHANDISE_NOT_RECEIVED,1,1,889,0,0,0
pay_00003214,491.26,UPI,DIGITAL_SERVICES,10.4_FRAUDULENT_TRANSACTION,1,1,543,0,0,0
pay_00003215,287.58,UPI,TRAVEL,10.4_FRAUDULENT_TRANSACTION,1,1,9,1,0,0
pay_00003216,371.0,UPI,TRAVEL,13.1_MERCHANDISE_NOT_RECEIVED,1,1,818,0,0,0
pay_00003217,102.99,CREDIT_CARD,DIGITAL_SERVICES,13.1_MERCHANDISE_NOT_RECEIVED,1,2,849,0,0,0
pay_00003218,2002.71,DEBIT_CARD,TRAVEL,13.3_NOT_AS_DESCRIBED,1,0,979,1,0,1
pay_00003219,2077.4,UPI,DIGITAL_SERVICES,10.4_FRAUDULENT_TRANSACTION,1,1,544,0,0,0
pay_00003220,1185.2,UPI,RETAIL,10.4_FRAUDULENT_TRANSACTION,1,0,202,0,0,0
pay_00003221,363.97,WALLET,ELECTRONICS,13.1_MERCHANDISE_NOT_RECEIVED,1,0,936,0,0,0
pay_00003222,230.88,DEBIT_CARD,DIGITAL_SERVICES,13.3_NOT_AS_DESCRIBED,0,0,180,0,1,0
pay_00003223,128.97,NETBANKING,DIGITAL_SERVICES,13.1_MERCHANDISE_NOT_RECEIVED,0,2,709,0,0,0
pay_00003224,371.83,UPI,DIGITAL_SERVICES,10.4_FRAUDULENT_TRANSACTION,1,0,717,0,0,0
pay_00003225,3422.62,UPI,TRAVEL,10.4_FRAUDULENT_TRANSACTION,0,0,885,0,0,1
pay_00003226,514.69,UPI,TRAVEL,13.3_NOT_AS_DESCRIBED,1,1,539,1,0,0
pay_00003227,756.06,DEBIT_CARD,TRAVEL,13.1_MERCHANDISE_NOT_RECEIVED,1,2,514,0,0,0
pay_00003228,266.98,UPI,TRAVEL,10.4_FRAUDULENT_TRANSACTION,1,1,769,1,0,0
pay_00003229,477.24,UPI,RETAIL,10.4_FRAUDULENT_TRANSACTION,1,1,383,0,1,0
pay_00003230,1198.53,UPI,DIGITAL_SERVICES,13.3_NOT_AS_DESCRIBED,0,1,776,0,0,0
pay_00003231,1503.79,UPI,RETAIL,10.5_VISA_EASY_PAYMENT,1,0,394,2,0,0
pay_00003232,522.26,DEBIT_CARD,TRAVEL,10.4_FRAUDULENT_TRANSACTION,1,0,988,1,0,0
pay_00003233,189.2,UPI,RETAIL,10.4_FRAUDULENT_TRANSACTION,1,1,581,0,0,0
pay_00003234,843.99,CREDIT_CARD,DIGITAL_SERVICES,10.4_FRAUDULENT_TRANSACTION,0,0,882,0,0,1
pay_00003235,500.26,NETBANKING,DIGITAL_SERVICES,10.4_FRAUDULENT_TRANSACTION,1,0,706,0,0,0
pay_00003236,471.83,UPI,TRAVEL,10.4_FRAUDULENT_TRANSACTION,1,1,246,0,0,0
pay_00003237,4923.18,CREDIT_CARD,DIGITAL_SERVICES,10.4_FRAUDULENT_TRANSACTION,1,0,425,0,0,0
pay_00003238,1536.84,WALLET,RETAIL,13.1_MERCHANDISE_NOT_RECEIVED,0,0,304,0,0,0
pay_00003239,1320.87,WALLET,GAMING,13.1_MERCHANDISE_NOT_RECEIVED,1,0,116,0,1,0
pay_00003240,906.2,UPI,DIGITAL_SERVICES,13.3_NOT_AS_DESCRIBED,1,0,117,0,0,0
pay_00003241,940.4,UPI,RETAIL,13.1_MERCHANDISE_NOT_RECEIVED,1,2,849,1,0,0
pay_00003242,1267.75,UPI,RETAIL,10.4_FRAUDULENT_TRANSACTION,1,0,432,0,0,0
pay_00003243,1888.21,DEBIT_CARD,RETAIL,10.4_FRAUDULENT_TRANSACTION,1,0,125,0,0,0
pay_00003244,1916.73,DEBIT_CARD,DIGITAL_SERVICES,13.3_NOT_AS_DESCRIBED,1,0,33,1,0,0
pay_00003245,382.56,CREDIT_CARD,GAMING,13.3_NOT_AS_DESCRIBED,1,0,473,0,0,1
pay_00003246,1140.06,UPI,TRAVEL,10.4_FRAUDULENT_TRANSACTION,1,0,965,0,0,0
pay_00003247,896.44,UPI,TRAVEL,10.4_FRAUDULENT_TRANSACTION,1,1,604,0,0,0
pay_00003248,3166.42,CREDIT_CARD,DIGITAL_SERVICES,13.3_NOT_AS_DESCRIBED,1,0,763,0,0,1
pay_00003249,1597.14,UPI,DIGITAL_SERVICES,10.4_FRAUDULENT_TRANSACTION,1,1,435,0,1,0
pay_00003250,1240.55,DEBIT_CARD,ELECTRONICS,10.4_FRAUDULENT_TRANSACTION,1,1,704,1,1,1
pay_00003251,283.92,UPI,GAMING,10.5_VISA_EASY_PAYMENT,0,0,850,0,0,0
pay_00003252,1495.73,UPI,RETAIL,13.3_NOT_AS_DESCRIBED,1,0,890,0,0,0
pay_00003253,286.99,UPI,RETAIL,13.1_MERCHANDISE_NOT_RECEIVED,1,0,23,0,0,0
pay_00003254,716.94,UPI,TRAVEL,10.4_FRAUDULENT_TRANSACTION,1,0,948,0,0,0
pay_00003255,331.2,UPI,DIGITAL_SERVICES,13.1_MERCHANDISE_NOT_RECEIVED,1,1,995,0,0,0
pay_00003256,1866.84,UPI,GAMING,13.1_MERCHANDISE_NOT_RECEIVED,1,2,82,0,0,0
pay_00003257,446.48,UPI,TRAVEL,13.3_NOT_AS_DESCRIBED,1,1,203,0,0,0
pay_00003258,846.02,UPI,GAMING,10.4_FRAUDULENT_TRANSACTION,0,0,555,0,0,1
pay_00003259,3490.36,UPI,DIGITAL_SERVICES,10.5_VISA_EASY_PAYMENT,1,2,107,0,0,0
pay_00003260,442.83,DEBIT_CARD,RETAIL,10.4_FRAUDULENT_TRANSACTION,1,0,74,1,0,1
pay_00003261,1163.32,UPI,ELECTRONICS,10.4_FRAUDULENT_TRANSACTION,1,0,906,0,0,0
pay_00003262,915.21,CREDIT_CARD,GAMING,10.4_FRAUDULENT_TRANSACTION,0,0,356,0,0,1
pay_00003263,127.44,DEBIT_CARD,RETAIL,13.1_MERCHANDISE_NOT_RECEIVED,1,4,201,0,0,1
pay_00003264,2460.8,CREDIT_CARD,GAMING,13.1_MERCHANDISE_NOT_RECEIVED,1,0,362,1,1,1
pay_00003265,207.32,WALLET,GAMING,13.1_MERCHANDISE_NOT_RECEIVED,1,0,589,0,0,0
pay_00003266,1064.41,UPI,GAMING,10.4_FRAUDULENT_TRANSACTION,1,0,471,0,0,0
pay_00003267,1333.78,DEBIT_CARD,DIGITAL_SERVICES,13.3_NOT_AS_DESCRIBED,0,0,385,1,0,0
pay_00003268,1585.01,WALLET,TRAVEL,10.4_FRAUDULENT_TRANSACTION,1,0,912,0,1,0
pay_00003269,1850.17,NETBANKING,GAMING,10.4_FRAUDULENT_TRANSACTION,1,0,19,0,0,0
pay_00003270,538.08,UPI,DIGITAL_SERVICES,13.1_MERCHANDISE_NOT_RECEIVED,0,1,844,1,0,1
pay_00003271,115.04,UPI,ELECTRONICS,10.4_FRAUDULENT_TRANSACTION,1,0,645,0,1,0
pay_00003272,2028.01,UPI,TRAVEL,13.1_MERCHANDISE_NOT_RECEIVED,1,1,695,0,0,0
pay_00003273,1250.7,CREDIT_CARD,DIGITAL_SERVICES,10.4_FRAUDULENT_TRANSACTION,1,1,574,0,0,0
pay_00003274,2812.91,DEBIT_CARD,ELECTRONICS,10.4_FRAUDULENT_TRANSACTION,1,1,645,2,0,0
pay_00003275,2683.81,UPI,TRAVEL,10.4_FRAUDULENT_TRANSACTION,1,1,121,2,0,0
pay_00003276,2880.38,CREDIT_CARD,DIGITAL_SERVICES,10.4_FRAUDULENT_TRANSACTION,1,0,135,0,0,0
pay_00003277,1095.66,CREDIT_CARD,ELECTRONICS,10.4_FRAUDULENT_TRANSACTION,1,1,255,0,0,0
pay_00003278,708.86,UPI,DIGITAL_SERVICES,10.4_FRAUDULENT_TRANSACTION,1,0,364,1,0,0
pay_00003279,2452.14,NETBANKING,ELECTRONICS,13.1_MERCHANDISE_NOT_RECEIVED,0,0,334,0,0,1
pay_00003280,1000.29,DEBIT_CARD,GAMING,10.4_FRAUDULENT_TRANSACTION,1,2,545,0,0,0
pay_00003281,403.99,UPI,GAMING,13.1_MERCHANDISE_NOT_RECEIVED,1,0,6,0,0,0
pay_00003282,2996.26,CREDIT_CARD,TRAVEL,13.1_MERCHANDISE_NOT_RECEIVED,1,0,594,0,1,0
pay_00003283,3312.74,UPI,ELECTRONICS,13.3_NOT_AS_DESCRIBED,1,0,134,0,0,0
pay_00003284,1041.91,CREDIT_CARD,GAMING,13.3_NOT_AS_DESCRIBED,1,0,563,0,0,0
pay_00003285,218.08,WALLET,TRAVEL,10.4_FRAUDULENT_TRANSACTION,0,0,222,0,0,0
pay_00003286,836.11,NETBANKING,RETAIL,10.4_FRAUDULENT_TRANSACTION,1,0,268,0,0,0
pay_00003287,2540.93,UPI,GAMING,13.1_MERCHANDISE_NOT_RECEIVED,1,0,882,0,0,0
pay_00003288,3580.73,UPI,GAMING,13.3_NOT_AS_DESCRIBED,0,0,995,0,0,1
pay_00003289,441.24,UPI,DIGITAL_SERVICES,10.4_FRAUDULENT_TRANSACTION,1,0,715,0,0,0
pay_00003290,203.98,CREDIT_CARD,RETAIL,13.1_MERCHANDISE_NOT_RECEIVED,1,0,634,1,0,0
pay_00003291,3247.64,UPI,ELECTRONICS,13.3_NOT_AS_DESCRIBED,0,0,132,0,1,1
pay_00003292,839.98,CREDIT_CARD,TRAVEL,13.3_NOT_AS_DESCRIBED,1,0,973,0,0,1
pay_00003293,1270.55,UPI,RETAIL,13.1_MERCHANDISE_NOT_RECEIVED,0,0,769,1,0,0
pay_00003294,5266.12,UPI,ELECTRONICS,10.4_FRAUDULENT_TRANSACTION,1,1,52,0,0,0
pay_00003295,203.33,UPI,GAMING,10.4_FRAUDULENT_TRANSACTION,1,1,255,2,0,0
pay_00003296,1667.54,WALLET,TRAVEL,10.4_FRAUDULENT_TRANSACTION,1,0,742,1,0,0
pay_00003297,215.49,DEBIT_CARD,TRAVEL,10.4_FRAUDULENT_TRANSACTION,1,2,309,0,0,0
pay_00003298,806.13,UPI,RETAIL,10.5_VISA_EASY_PAYMENT,1,0,349,0,0,0
pay_00003299,2543.04,UPI,DIGITAL_SERVICES,10.4_FRAUDULENT_TRANSACTION,0,0,270,0,0,0
pay_00003300,952.34,CREDIT_CARD,ELECTRONICS,10.4_FRAUDULENT_TRANSACTION,1,0,405,0,1,0
pay_00003301,8907.78,UPI,RETAIL,10.4_FRAUDULENT_TRANSACTION,1,0,617,0,0,0
pay_00003302,1328.27,CREDIT_CARD,DIGITAL_SERVICES,13.1_MERCHANDISE_NOT_RECEIVED,1,2,159,1,0,0
pay_00003303,681.06,DEBIT_CARD,DIGITAL_SERVICES,13.1_MERCHANDISE_NOT_RECEIVED,1,0,169,0,0,0
pay_00003304,472.91,CREDIT_CARD,DIGITAL_SERVICES,13.1_MERCHANDISE_NOT_RECEIVED,1,0,953,0,0,0
pay_00003305,747.38,CREDIT_CARD,TRAVEL,13.3_NOT_AS_DESCRIBED,1,0,647,0,0,1
pay_00003306,799.1,CREDIT_CARD,ELECTRONICS,10.4_FRAUDULENT_TRANSACTION,0,1,573,0,0,0
pay_00003307,206.78,NETBANKING,ELECTRONICS,10.4_FRAUDULENT_TRANSACTION,0,0,271,0,1,0
pay_00003308,792.04,NETBANKING,RETAIL,13.3_NOT_AS_DESCRIBED,1,0,618,0,0,0
pay_00003309,1036.1,CREDIT_CARD,GAMING,13.3_NOT_AS_DESCRIBED,1,2,777,0,0,0
pay_00003310,2024.19,UPI,RETAIL,10.4_FRAUDULENT_TRANSACTION,1,2,477,0,0,0
pay_00003311,1703.85,UPI,ELECTRONICS,10.4_FRAUDULENT_TRANSACTION,1,1,828,0,0,0
pay_00003312,1950.44,UPI,TRAVEL,13.3_NOT_AS_DESCRIBED,0,0,824,0,0,1
pay_00003313,112.6,CREDIT_CARD,RETAIL,10.4_FRAUDULENT_TRANSACTION,1,1,984,0,0,0
pay_00003314,468.21,CREDIT_CARD,GAMING,10.4_FRAUDULENT_TRANSACTION,0,0,399,0,0,0
pay_00003315,1725.66,UPI,RETAIL,13.3_NOT_AS_DESCRIBED,1,1,341,0,0,0
pay_00003316,1092.44,UPI,DIGITAL_SERVICES,10.4_FRAUDULENT_TRANSACTION,1,0,617,0,1,0
pay_00003317,107.99,UPI,GAMING,13.1_MERCHANDISE_NOT_RECEIVED,1,1,600,0,0,0
pay_00003318,2548.25,NETBANKING,DIGITAL_SERVICES,10.4_FRAUDULENT_TRANSACTION,1,0,7,0,0,0
pay_00003319,2322.95,CREDIT_CARD,TRAVEL,10.4_FRAUDULENT_TRANSACTION,0,0,24,0,0,0
pay_00003320,1292.5,CREDIT_CARD,ELECTRONICS,13.1_MERCHANDISE_NOT_RECEIVED,1,0,569,0,0,0
pay_00003321,203.16,UPI,RETAIL,10.4_FRAUDULENT_TRANSACTION,0,0,727,1,0,0
pay_00003322,2281.96,CREDIT_CARD,RETAIL,13.1_MERCHANDISE_NOT_RECEIVED,1,1,320,0,0,0
pay_00003323,1414.57,UPI,DIGITAL_SERVICES,10.4_FRAUDULENT_TRANSACTION,1,1,537,0,0,0
pay_00003324,2384.61,CREDIT_CARD,DIGITAL_SERVICES,10.4_FRAUDULENT_TRANSACTION,1,0,456,0,0,0
pay_00003325,2189.96,UPI,ELECTRONICS,10.4_FRAUDULENT_TRANSACTION,1,1,418,0,1,0
pay_00003326,2536.84,UPI,RETAIL,13.3_NOT_AS_DESCRIBED,1,2,483,0,0,0
pay_00003327,1194.74,UPI,ELECTRONICS,10.4_FRAUDULENT_TRANSACTION,1,1,566,0,1,0
pay_00003328,326.8,UPI,DIGITAL_SERVICES,10.4_FRAUDULENT_TRANSACTION,1,0,86,0,0,0
pay_00003329,1768.26,WALLET,DIGITAL_SERVICES,10.4_FRAUDULENT_TRANSACTION,0,1,503,0,0,0
pay_00003330,1553.25,UPI,GAMING,13.1_MERCHANDISE_NOT_RECEIVED,1,0,802,0,0,0
pay_00003331,2133.67,UPI,DIGITAL_SERVICES,10.4_FRAUDULENT_TRANSACTION,1,0,924,0,0,0
pay_00003332,379.28,CREDIT_CARD,DIGITAL_SERVICES,13.3_NOT_AS_DESCRIBED,1,0,769,0,0,0
pay_00003333,425.32,NETBANKING,ELECTRONICS,10.5_VISA_EASY_PAYMENT,1,1,763,3,0,0
pay_00003334,3416.51,UPI,GAMING,10.4_FRAUDULENT_TRANSACTION,1,0,364,0,0,0
pay_00003335,2179.31,DEBIT_CARD,GAMING,10.4_FRAUDULENT_TRANSACTION,1,1,37,0,0,0
pay_00003336,3682.68,NETBANKING,RETAIL,13.3_NOT_AS_DESCRIBED,1,0,286,0,0,0
pay_00003337,2232.67,UPI,TRAVEL,10.4_FRAUDULENT_TRANSACTION,1,0,507,0,0,0
pay_00003338,1463.81,UPI,RETAIL,13.3_NOT_AS_DESCRIBED,1,0,626,0,0,0
pay_00003339,1692.55,UPI,RETAIL,10.4_FRAUDULENT_TRANSACTION,1,0,921,0,0,0
pay_00003340,3399.07,DEBIT_CARD,RETAIL,10.4_FRAUDULENT_TRANSACTION,1,1,755,0,0,0
pay_00003341,1397.0,UPI,GAMING,10.5_VISA_EASY_PAYMENT,1,2,188,1,0,0
pay_00003342,1601.1,UPI,ELECTRONICS,10.4_FRAUDULENT_TRANSACTION,1,0,130,0,0,0
pay_00003343,355.25,CREDIT_CARD,DIGITAL_SERVICES,10.4_FRAUDULENT_TRANSACTION,1,1,924,0,1,0
pay_00003344,1063.46,CREDIT_CARD,GAMING,13.1_MERCHANDISE_NOT_RECEIVED,1,1,304,1,0,0
pay_00003345,1990.27,UPI,DIGITAL_SERVICES,10.5_VISA_EASY_PAYMENT,0,1,924,0,0,0
pay_00003346,574.0,CREDIT_CARD,DIGITAL_SERVICES,10.4_FRAUDULENT_TRANSACTION,1,1,727,0,0,0
pay_00003347,438.95,UPI,TRAVEL,10.5_VISA_EASY_PAYMENT,1,0,870,0,1,1
pay_00003348,664.94,UPI,RETAIL,13.1_MERCHANDISE_NOT_RECEIVED,0,0,536,1,1,0
pay_00003349,514.62,CREDIT_CARD,TRAVEL,10.5_VISA_EASY_PAYMENT,1,0,249,0,0,0
pay_00003350,462.94,NETBANKING,RETAIL,13.1_MERCHANDISE_NOT_RECEIVED,1,0,227,0,1,0
pay_00003351,929.69,UPI,GAMING,13.1_MERCHANDISE_NOT_RECEIVED,1,0,712,0,0,0
pay_00003352,3676.32,NETBANKING,DIGITAL_SERVICES,13.3_NOT_AS_DESCRIBED,0,1,484,0,0,0
pay_00003353,1161.05,CREDIT_CARD,TRAVEL,10.4_FRAUDULENT_TRANSACTION,1,0,658,0,0,0
pay_00003354,412.24,UPI,GAMING,10.5_VISA_EASY_PAYMENT,0,0,788,0,0,0
pay_00003355,220.14,DEBIT_CARD,GAMING,10.4_FRAUDULENT_TRANSACTION,1,1,324,0,0,0
pay_00003356,1886.86,UPI,RETAIL,10.4_FRAUDULENT_TRANSACTION,1,0,8,0,0,0
pay_00003357,823.84,WALLET,DIGITAL_SERVICES,13.1_MERCHANDISE_NOT_RECEIVED,1,0,858,2,0,0
pay_00003358,2687.53,NETBANKING,RETAIL,10.4_FRAUDULENT_TRANSACTION,1,1,56,0,0,0
pay_00003359,1716.06,UPI,RETAIL,13.3_NOT_AS_DESCRIBED,0,0,573,0,0,0
pay_00003360,2486.23,UPI,GAMING,13.3_NOT_AS_DESCRIBED,1,1,551,0,0,0
pay_00003361,576.07,UPI,RETAIL,10.4_FRAUDULENT_TRANSACTION,1,1,980,0,0,0
pay_00003362,1868.23,UPI,ELECTRONICS,10.4_FRAUDULENT_TRANSACTION,1,0,274,0,0,0
pay_00003363,559.91,UPI,DIGITAL_SERVICES,13.1_MERCHANDISE_NOT_RECEIVED,1,0,97,0,0,0
pay_00003364,4297.01,UPI,RETAIL,13.3_NOT_AS_DESCRIBED,1,1,827,0,0,0
pay_00003365,1617.45,CREDIT_CARD,RETAIL,13.3_NOT_AS_DESCRIBED,1,0,658,0,0,0
pay_00003366,688.48,UPI,TRAVEL,10.4_FRAUDULENT_TRANSACTION,1,0,98,0,1,0
pay_00003367,571.06,DEBIT_CARD,DIGITAL_SERVICES,10.5_VISA_EASY_PAYMENT,1,1,767,1,0,0
pay_00003368,417.8,DEBIT_CARD,DIGITAL_SERVICES,10.4_FRAUDULENT_TRANSACTION,0,1,211,0,0,0
pay_00003369,1879.4,UPI,RETAIL,10.4_FRAUDULENT_TRANSACTION,1,0,554,0,0,0
pay_00003370,470.22,NETBANKING,ELECTRONICS,10.4_FRAUDULENT_TRANSACTION,1,0,565,0,1,0
pay_00003371,1456.93,UPI,TRAVEL,10.4_FRAUDULENT_TRANSACTION,1,2,33,0,0,0
pay_00003372,561.08,UPI,ELECTRONICS,13.1_MERCHANDISE_NOT_RECEIVED,0,3,277,0,0,0
pay_00003373,1726.93,CREDIT_CARD,RETAIL,13.1_MERCHANDISE_NOT_RECEIVED,1,2,967,0,1,0
pay_00003374,2630.61,UPI,DIGITAL_SERVICES,13.3_NOT_AS_DESCRIBED,1,0,444,0,1,0
pay_00003375,2357.79,CREDIT_CARD,DIGITAL_SERVICES,13.1_MERCHANDISE_NOT_RECEIVED,1,0,654,0,0,0
pay_00003376,2246.0,NETBANKING,ELECTRONICS,10.4_FRAUDULENT_TRANSACTION,1,1,801,0,0,0
pay_00003377,411.87,WALLET,GAMING,13.1_MERCHANDISE_NOT_RECEIVED,1,0,900,0,0,0
pay_00003378,238.81,CREDIT_CARD,RETAIL,10.4_FRAUDULENT_TRANSACTION,1,0,427,0,0,0
pay_00003379,1900.71,DEBIT_CARD,DIGITAL_SERVICES,13.1_MERCHANDISE_NOT_RECEIVED,1,0,130,0,0,0
pay_00003380,789.12,UPI,GAMING,10.4_FRAUDULENT_TRANSACTION,1,0,296,1,0,0
pay_00003381,949.37,UPI,DIGITAL_SERVICES,10.4_FRAUDULENT_TRANSACTION,1,1,562,2,0,0
pay_00003382,147.47,DEBIT_CARD,DIGITAL_SERVICES,10.4_FRAUDULENT_TRANSACTION,1,1,479,0,0,0
pay_00003383,550.8,UPI,GAMING,13.3_NOT_AS_DESCRIBED,1,1,575,3,0,0
pay_00003384,151.38,UPI,ELECTRONICS,13.1_MERCHANDISE_NOT_RECEIVED,1,0,945,0,0,0
pay_00003385,3270.25,UPI,RETAIL,10.5_VISA_EASY_PAYMENT,0,2,110,0,0,0
pay_00003386,518.37,CREDIT_CARD,GAMING,10.4_FRAUDULENT_TRANSACTION,1,0,862,0,0,0
pay_00003387,1322.42,UPI,GAMING,10.5_VISA_EASY_PAYMENT,1,0,320,1,0,0
pay_00003388,159.64,CREDIT_CARD,DIGITAL_SERVICES,10.4_FRAUDULENT_TRANSACTION,1,1,178,0,0,0
pay_00003389,1748.73,UPI,GAMING,13.3_NOT_AS_DESCRIBED,1,0,394,0,0,0
pay_00003390,685.19,UPI,RETAIL,10.4_FRAUDULENT_TRANSACTION,1,0,244,0,0,0
pay_00003391,3522.99,UPI,ELECTRONICS,10.4_FRAUDULENT_TRANSACTION,1,0,597,0,0,0
pay_00003392,3385.47,UPI,ELECTRONICS,13.3_NOT_AS_DESCRIBED,1,0,114,0,1,0
pay_00003393,690.21,NETBANKING,ELECTRONICS,13.3_NOT_AS_DESCRIBED,1,0,116,0,0,0
pay_00003394,3568.36,UPI,RETAIL,13.3_NOT_AS_DESCRIBED,1,0,663,0,1,0
pay_00003395,8442.52,UPI,DIGITAL_SERVICES,10.4_FRAUDULENT_TRANSACTION,1,0,549,2,0,1
pay_00003396,2718.02,CREDIT_CARD,RETAIL,13.1_MERCHANDISE_NOT_RECEIVED,1,1,584,0,1,0
pay_00003397,2895.25,UPI,GAMING,10.4_FRAUDULENT_TRANSACTION,1,0,138,0,1,0
pay_00003398,529.54,UPI,TRAVEL,10.4_FRAUDULENT_TRANSACTION,1,0,409,1,0,0
pay_00003399,1389.52,UPI,TRAVEL,13.3_NOT_AS_DESCRIBED,1,0,289,0,0,0
pay_00003400,204.44,WALLET,TRAVEL,13.1_MERCHANDISE_NOT_RECEIVED,1,1,529,0,0,0
pay_00003401,249.59,CREDIT_CARD,ELECTRONICS,10.5_VISA_EASY_PAYMENT,1,0,883,0,0,0
pay_00003402,10308.63,UPI,RETAIL,10.4_FRAUDULENT_TRANSACTION,1,0,280,0,0,0
pay_00003403,693.21,UPI,RETAIL,10.5_VISA_EASY_PAYMENT,1,1,177,0,0,0
pay_00003404,2168.58,UPI,ELECTRONICS,13.1_MERCHANDISE_NOT_RECEIVED,1,0,746,0,0,0
pay_00003405,2565.0,UPI,GAMING,13.1_MERCHANDISE_NOT_RECEIVED,1,1,242,0,0,0
pay_00003406,3028.14,CREDIT_CARD,TRAVEL,10.4_FRAUDULENT_TRANSACTION,1,1,542,0,0,0
pay_00003407,9166.22,NETBANKING,TRAVEL,13.3_NOT_AS_DESCRIBED,1,0,577,0,0,0
pay_00003408,514.61,UPI,ELECTRONICS,13.3_NOT_AS_DESCRIBED,1,0,382,0,0,0
pay_00003409,161.78,DEBIT_CARD,TRAVEL,10.4_FRAUDULENT_TRANSACTION,1,0,81,0,0,0
pay_00003410,894.48,UPI,DIGITAL_SERVICES,13.1_MERCHANDISE_NOT_RECEIVED,1,1,796,0,0,0
pay_00003411,309.03,UPI,RETAIL,10.4_FRAUDULENT_TRANSACTION,0,0,13,1,0,0
pay_00003412,134.02,UPI,TRAVEL,13.1_MERCHANDISE_NOT_RECEIVED,1,0,697,0,0,0
pay_00003413,770.43,UPI,TRAVEL,10.5_VISA_EASY_PAYMENT,0,1,444,0,0,1
pay_00003414,2396.9,NETBANKING,DIGITAL_SERVICES,10.4_FRAUDULENT_TRANSACTION,1,2,138,0,0,0
pay_00003415,1352.69,UPI,GAMING,13.1_MERCHANDISE_NOT_RECEIVED,0,0,193,0,0,1
pay_00003416,662.65,UPI,GAMING,10.4_FRAUDULENT_TRANSACTION,0,1,340,0,1,0
pay_00003417,1693.46,WALLET,DIGITAL_SERVICES,13.1_MERCHANDISE_NOT_RECEIVED,1,0,391,0,0,0
pay_00003418,495.98,NETBANKING,GAMING,13.3_NOT_AS_DESCRIBED,1,1,956,1,0,0
pay_00003419,121.73,DEBIT_CARD,ELECTRONICS,10.4_FRAUDULENT_TRANSACTION,1,0,831,0,0,0
pay_00003420,2268.13,NETBANKING,DIGITAL_SERVICES,10.4_FRAUDULENT_TRANSACTION,1,0,480,0,0,0
pay_00003421,1566.22,UPI,RETAIL,13.3_NOT_AS_DESCRIBED,1,0,981,0,0,0
pay_00003422,2255.14,DEBIT_CARD,RETAIL,13.1_MERCHANDISE_NOT_RECEIVED,1,0,538,0,0,0
pay_00003423,159.57,CREDIT_CARD,RETAIL,10.4_FRAUDULENT_TRANSACTION,1,0,237,0,1,0
pay_00003424,2822.11,NETBANKING,TRAVEL,10.4_FRAUDULENT_TRANSACTION,1,0,629,0,0,0
pay_00003425,1549.51,DEBIT_CARD,DIGITAL_SERVICES,10.4_FRAUDULENT_TRANSACTION,1,0,455,1,0,0
pay_00003426,1343.09,UPI,DIGITAL_SERVICES,10.4_FRAUDULENT_TRANSACTION,1,0,550,0,0,0
pay_00003427,1569.7,DEBIT_CARD,GAMING,13.1_MERCHANDISE_NOT_RECEIVED,1,1,310,0,1,0
pay_00003428,3097.44,UPI,DIGITAL_SERVICES,10.4_FRAUDULENT_TRANSACTION,1,0,557,0,0,0
pay_00003429,1426.23,UPI,DIGITAL_SERVICES,13.1_MERCHANDISE_NOT_RECEIVED,0,1,488,0,0,0
pay_00003430,1404.65,UPI,GAMING,10.4_FRAUDULENT_TRANSACTION,1,1,368,0,0,0
pay_00003431,7113.25,NETBANKING,DIGITAL_SERVICES,10.4_FRAUDULENT_TRANSACTION,1,0,698,2,0,1
pay_00003432,2220.38,UPI,DIGITAL_SERVICES,10.4_FRAUDULENT_TRANSACTION,1,0,169,0,0,0
pay_00003433,975.88,CREDIT_CARD,ELECTRONICS,13.1_MERCHANDISE_NOT_RECEIVED,1,0,173,0,0,0
pay_00003434,1943.41,UPI,GAMING,10.4_FRAUDULENT_TRANSACTION,1,0,219,0,0,0
pay_00003435,839.55,WALLET,ELECTRONICS,10.5_VISA_EASY_PAYMENT,1,0,418,0,0,0
pay_00003436,489.86,UPI,TRAVEL,10.4_FRAUDULENT_TRANSACTION,1,0,588,0,0,0
pay_00003437,1462.68,DEBIT_CARD,GAMING,10.4_FRAUDULENT_TRANSACTION,1,2,716,0,0,0
pay_00003438,4050.43,NETBANKING,DIGITAL_SERVICES,10.4_FRAUDULENT_TRANSACTION,1,0,314,0,0,0
pay_00003439,4070.56,UPI,DIGITAL_SERVICES,10.4_FRAUDULENT_TRANSACTION,1,0,591,0,1,0
pay_00003440,727.61,UPI,ELECTRONICS,13.3_NOT_AS_DESCRIBED,1,1,212,0,0,0
pay_00003441,1225.14,DEBIT_CARD,ELECTRONICS,13.3_NOT_AS_DESCRIBED,1,0,138,0,0,0
pay_00003442,456.69,NETBANKING,TRAVEL,10.4_FRAUDULENT_TRANSACTION,0,0,761,1,1,1
pay_00003443,8249.87,DEBIT_CARD,TRAVEL,13.1_MERCHANDISE_NOT_RECEIVED,1,0,238,0,0,0
pay_00003444,6054.31,UPI,DIGITAL_SERVICES,13.1_MERCHANDISE_NOT_RECEIVED,1,0,894,0,0,0
pay_00003445,1672.63,NETBANKING,RETAIL,10.5_VISA_EASY_PAYMENT,0,0,602,0,1,0
pay_00003446,2547.63,UPI,TRAVEL,10.4_FRAUDULENT_TRANSACTION,0,0,913,0,0,1
pay_00003447,1983.43,CREDIT_CARD,DIGITAL_SERVICES,10.4_FRAUDULENT_TRANSACTION,1,0,714,0,0,0
pay_00003448,1449.0,DEBIT_CARD,TRAVEL,13.1_MERCHANDISE_NOT_RECEIVED,0,0,317,0,0,0
pay_00003449,182.24,UPI,GAMING,10.4_FRAUDULENT_TRANSACTION,0,0,632,0,0,1
pay_00003450,1009.81,DEBIT_CARD,ELECTRONICS,13.3_NOT_AS_DESCRIBED,1,1,11,0,0,0
pay_00003451,1784.91,CREDIT_CARD,DIGITAL_SERVICES,10.5_VISA_EASY_PAYMENT,1,0,401,1,0,0
pay_00003452,1797.63,NETBANKING,TRAVEL,10.4_FRAUDULENT_TRANSACTION,1,2,203,0,0,0
pay_00003453,800.51,UPI,ELECTRONICS,13.3_NOT_AS_DESCRIBED,0,1,527,0,0,0
pay_00003454,4363.02,UPI,RETAIL,10.5_VISA_EASY_PAYMENT,1,1,516,0,0,0
pay_00003455,374.73,DEBIT_CARD,TRAVEL,10.5_VISA_EASY_PAYMENT,1,1,857,1,0,0
pay_00003456,1140.8,UPI,DIGITAL_SERVICES,13.3_NOT_AS_DESCRIBED,0,1,740,0,0,0
pay_00003457,1861.06,UPI,GAMING,13.1_MERCHANDISE_NOT_RECEIVED,0,0,181,0,0,1
pay_00003458,1891.71,WALLET,ELECTRONICS,10.4_FRAUDULENT_TRANSACTION,1,0,431,0,0,0
pay_00003459,1668.91,UPI,ELECTRONICS,10.5_VISA_EASY_PAYMENT,1,1,735,0,0,0
pay_00003460,582.97,WALLET,GAMING,10.4_FRAUDULENT_TRANSACTION,1,2,558,0,0,0
pay_00003461,354.77,UPI,DIGITAL_SERVICES,10.4_FRAUDULENT_TRANSACTION,0,0,413,0,0,0
pay_00003462,1615.66,UPI,RETAIL,10.4_FRAUDULENT_TRANSACTION,0,0,543,0,0,0
pay_00003463,1471.82,DEBIT_CARD,GAMING,13.1_MERCHANDISE_NOT_RECEIVED,1,0,329,0,0,0
pay_00003464,396.5,CREDIT_CARD,RETAIL,10.4_FRAUDULENT_TRANSACTION,0,1,560,0,1,1
pay_00003465,1931.88,CREDIT_CARD,DIGITAL_SERVICES,13.3_NOT_AS_DESCRIBED,1,0,184,0,0,0
pay_00003466,1010.93,CREDIT_CARD,TRAVEL,13.1_MERCHANDISE_NOT_RECEIVED,1,1,961,0,0,0
pay_00003467,1752.85,DEBIT_CARD,TRAVEL,10.4_FRAUDULENT_TRANSACTION,1,0,131,0,0,0
pay_00003468,2824.39,UPI,DIGITAL_SERVICES,10.4_FRAUDULENT_TRANSACTION,1,0,772,2,0,0
pay_00003469,379.0,UPI,RETAIL,10.4_FRAUDULENT_TRANSACTION,1,1,275,3,0,0
pay_00003470,129.0,UPI,GAMING,10.4_FRAUDULENT_TRANSACTION,1,1,937,1,0,0
pay_00003471,2365.09,CREDIT_CARD,DIGITAL_SERVICES,10.4_FRAUDULENT_TRANSACTION,0,0,662,0,0,1
pay_00003472,1511.25,UPI,DIGITAL_SERVICES,10.4_FRAUDULENT_TRANSACTION,1,1,371,0,0,0
pay_00003473,1904.16,UPI,TRAVEL,13.3_NOT_AS_DESCRIBED,0,0,456,0,1,0
pay_00003474,2831.67,UPI,GAMING,13.1_MERCHANDISE_NOT_RECEIVED,1,0,25,0,1,0
pay_00003475,2535.39,UPI,TRAVEL,13.1_MERCHANDISE_NOT_RECEIVED,1,0,388,0,0,1
pay_00003476,4963.22,UPI,RETAIL,10.4_FRAUDULENT_TRANSACTION,1,0,309,2,0,1
pay_00003477,1251.6,CREDIT_CARD,RETAIL,10.4_FRAUDULENT_TRANSACTION,0,0,179,0,0,0
pay_00003478,1105.6,UPI,ELECTRONICS,13.1_MERCHANDISE_NOT_RECEIVED,1,0,206,0,1,0
pay_00003479,870.96,NETBANKING,DIGITAL_SERVICES,13.1_MERCHANDISE_NOT_RECEIVED,0,1,5,0,1,0
pay_00003480,350.31,CREDIT_CARD,GAMING,10.4_FRAUDULENT_TRANSACTION,1,0,306,0,0,1
pay_00003481,1375.08,UPI,GAMING,10.4_FRAUDULENT_TRANSACTION,1,0,178,0,1,1
pay_00003482,586.55,CREDIT_CARD,TRAVEL,10.5_VISA_EASY_PAYMENT,0,1,315,0,0,0
pay_00003483,3913.31,UPI,TRAVEL,10.4_FRAUDULENT_TRANSACTION,1,1,861,0,0,0
pay_00003484,1412.69,DEBIT_CARD,GAMING,10.4_FRAUDULENT_TRANSACTION,1,0,917,0,0,0
pay_00003485,1447.82,WALLET,TRAVEL,10.4_FRAUDULENT_TRANSACTION,1,0,847,0,0,0
pay_00003486,757.58,CREDIT_CARD,ELECTRONICS,13.3_NOT_AS_DESCRIBED,1,1,663,0,1,0
pay_00003487,180.08,CREDIT_CARD,DIGITAL_SERVICES,13.3_NOT_AS_DESCRIBED,1,0,593,2,0,1
pay_00003488,148.39,UPI,ELECTRONICS,10.4_FRAUDULENT_TRANSACTION,1,1,131,0,0,0
pay_00003489,925.74,UPI,RETAIL,10.4_FRAUDULENT_TRANSACTION,0,1,225,0,0,0
pay_00003490,232.53,NETBANKING,GAMING,10.4_FRAUDULENT_TRANSACTION,1,1,306,0,0,0
pay_00003491,1500.33,UPI,ELECTRONICS,10.4_FRAUDULENT_TRANSACTION,1,0,310,0,0,0
pay_00003492,3292.61,UPI,ELECTRONICS,10.4_FRAUDULENT_TRANSACTION,1,0,91,0,0,0
pay_00003493,3317.28,UPI,TRAVEL,10.4_FRAUDULENT_TRANSACTION,1,0,912,0,1,0
pay_00003494,1714.01,DEBIT_CARD,TRAVEL,10.4_FRAUDULENT_TRANSACTION,1,1,262,0,0,0
pay_00003495,455.92,UPI,TRAVEL,13.3_NOT_AS_DESCRIBED,1,0,809,0,0,1
pay_00003496,3081.63,NETBANKING,RETAIL,13.1_MERCHANDISE_NOT_RECEIVED,1,0,438,0,0,0
pay_00003497,3358.57,UPI,ELECTRONICS,13.3_NOT_AS_DESCRIBED,1,1,522,1,0,1
pay_00003498,428.45,UPI,DIGITAL_SERVICES,13.1_MERCHANDISE_NOT_RECEIVED,1,0,118,0,0,0
pay_00003499,2105.83,DEBIT_CARD,TRAVEL,10.5_VISA_EASY_PAYMENT,0,2,669,0,0,0
pay_00003500,606.4,UPI,RETAIL,10.5_VISA_EASY_PAYMENT,1,2,443,0,1,0
pay_00003501,2534.09,CREDIT_CARD,RETAIL,10.4_FRAUDULENT_TRANSACTION,1,1,593,0,0,0
pay_00003502,8937.65,UPI,TRAVEL,10.4_FRAUDULENT_TRANSACTION,1,2,359,0,0,0
pay_00003503,145.73,UPI,GAMING,13.3_NOT_AS_DESCRIBED,1,2,174,0,0,0
pay_00003504,3514.88,UPI,ELECTRONICS,13.3_NOT_AS_DESCRIBED,1,0,462,0,0,0
pay_00003505,1561.8,NETBANKING,TRAVEL,10.5_VISA_EASY_PAYMENT,1,1,396,0,0,0
pay_00003506,5539.29,CREDIT_CARD,DIGITAL_SERVICES,13.1_MERCHANDISE_NOT_RECEIVED,1,0,230,2,0,0
pay_00003507,1038.26,DEBIT_CARD,ELECTRONICS,10.4_FRAUDULENT_TRANSACTION,1,0,157,0,0,0
pay_00003508,2919.78,UPI,RETAIL,10.4_FRAUDULENT_TRANSACTION,0,0,334,0,0,1
pay_00003509,196.64,CREDIT_CARD,DIGITAL_SERVICES,10.4_FRAUDULENT_TRANSACTION,1,1,712,0,0,0
pay_00003510,712.58,UPI,ELECTRONICS,13.3_NOT_AS_DESCRIBED,1,0,305,0,1,0
pay_00003511,204.05,NETBANKING,DIGITAL_SERVICES,10.5_VISA_EASY_PAYMENT,1,0,744,0,0,0
pay_00003512,5654.05,DEBIT_CARD,RETAIL,10.4_FRAUDULENT_TRANSACTION,1,1,680,2,0,0
pay_00003513,2647.19,DEBIT_CARD,TRAVEL,13.1_MERCHANDISE_NOT_RECEIVED,1,0,977,0,0,0
pay_00003514,2971.37,UPI,DIGITAL_SERVICES,13.1_MERCHANDISE_NOT_RECEIVED,1,0,299,0,0,0
pay_00003515,4270.09,CREDIT_CARD,TRAVEL,10.4_FRAUDULENT_TRANSACTION,1,0,615,0,0,0
pay_00003516,233.42,UPI,RETAIL,13.3_NOT_AS_DESCRIBED,1,0,343,0,1,0
pay_00003517,830.66,NETBANKING,RETAIL,13.1_MERCHANDISE_NOT_RECEIVED,1,1,519,0,0,0
pay_00003518,210.53,UPI,DIGITAL_SERVICES,10.4_FRAUDULENT_TRANSACTION,0,2,652,0,1,1
pay_00003519,455.09,UPI,DIGITAL_SERVICES,10.4_FRAUDULENT_TRANSACTION,0,0,720,0,0,0
pay_00003520,490.81,UPI,RETAIL,10.4_FRAUDULENT_TRANSACTION,1,0,13,0,0,0
pay_00003521,1049.79,UPI,DIGITAL_SERVICES,10.4_FRAUDULENT_TRANSACTION,1,0,701,0,0,1
pay_00003522,569.11,UPI,DIGITAL_SERVICES,10.4_FRAUDULENT_TRANSACTION,1,1,383,0,0,0
pay_00003523,259.67,NETBANKING,DIGITAL_SERVICES,10.4_FRAUDULENT_TRANSACTION,0,1,175,0,0,1
pay_00003524,374.97,CREDIT_CARD,DIGITAL_SERVICES,13.1_MERCHANDISE_NOT_RECEIVED,0,1,403,0,0,0
pay_00003525,338.98,NETBANKING,ELECTRONICS,13.1_MERCHANDISE_NOT_RECEIVED,1,1,643,0,0,0
pay_00003526,5522.15,DEBIT_CARD,RETAIL,13.1_MERCHANDISE_NOT_RECEIVED,1,0,875,0,0,1
pay_00003527,2236.26,UPI,RETAIL,13.3_NOT_AS_DESCRIBED,0,0,632,1,0,0
pay_00003528,5251.89,CREDIT_CARD,GAMING,10.5_VISA_EASY_PAYMENT,1,1,456,0,0,0
pay_00003529,969.03,UPI,TRAVEL,13.3_NOT_AS_DESCRIBED,1,0,680,1,0,0
pay_00003530,589.36,NETBANKING,GAMING,10.4_FRAUDULENT_TRANSACTION,1,1,268,0,0,0
pay_00003531,2501.41,UPI,DIGITAL_SERVICES,10.4_FRAUDULENT_TRANSACTION,0,0,671,0,0,1
pay_00003532,692.35,UPI,DIGITAL_SERVICES,10.4_FRAUDULENT_TRANSACTION,1,0,896,0,0,0
pay_00003533,633.69,UPI,ELECTRONICS,13.1_MERCHANDISE_NOT_RECEIVED,0,0,675,0,0,1
pay_00003534,496.94,UPI,ELECTRONICS,13.3_NOT_AS_DESCRIBED,1,1,340,1,0,0
pay_00003535,308.34,UPI,ELECTRONICS,13.1_MERCHANDISE_NOT_RECEIVED,1,0,988,0,0,0
pay_00003536,544.51,UPI,ELECTRONICS,13.1_MERCHANDISE_NOT_RECEIVED,1,1,834,0,0,0
pay_00003537,758.5,DEBIT_CARD,ELECTRONICS,13.1_MERCHANDISE_NOT_RECEIVED,1,0,27,2,0,0
pay_00003538,1781.26,DEBIT_CARD,ELECTRONICS,13.1_MERCHANDISE_NOT_RECEIVED,1,0,259,0,0,0
pay_00003539,196.91,UPI,ELECTRONICS,10.5_VISA_EASY_PAYMENT,1,1,816,0,0,0
pay_00003540,454.55,UPI,ELECTRONICS,13.3_NOT_AS_DESCRIBED,0,0,917,0,0,0
pay_00003541,2583.41,NETBANKING,ELECTRONICS,13.3_NOT_AS_DESCRIBED,0,0,883,0,1,0
pay_00003542,338.36,UPI,RETAIL,13.1_MERCHANDISE_NOT_RECEIVED,1,0,564,0,0,0
pay_00003543,729.3,NETBANKING,ELECTRONICS,10.4_FRAUDULENT_TRANSACTION,1,0,135,2,0,0
pay_00003544,3099.94,UPI,TRAVEL,10.4_FRAUDULENT_TRANSACTION,0,1,307,0,0,0
pay_00003545,352.5,CREDIT_CARD,ELECTRONICS,10.4_FRAUDULENT_TRANSACTION,0,1,481,0,1,1
pay_00003546,229.54,CREDIT_CARD,DIGITAL_SERVICES,10.4_FRAUDULENT_TRANSACTION,0,2,813,0,0,0
pay_00003547,1094.04,CREDIT_CARD,DIGITAL_SERVICES,10.5_VISA_EASY_PAYMENT,1,0,814,0,0,0
pay_00003548,640.21,NETBANKING,ELECTRONICS,10.4_FRAUDULENT_TRANSACTION,1,2,801,0,0,0
pay_00003549,1343.14,UPI,ELECTRONICS,10.4_FRAUDULENT_TRANSACTION,0,0,804,0,0,1
pay_00003550,2542.97,UPI,DIGITAL_SERVICES,10.4_FRAUDULENT_TRANSACTION,1,1,17,0,0,0
pay_00003551,321.27,CREDIT_CARD,TRAVEL,10.4_FRAUDULENT_TRANSACTION,1,1,390,0,0,1
pay_00003552,1403.75,DEBIT_CARD,GAMING,10.5_VISA_EASY_PAYMENT,0,0,628,0,0,1
pay_00003553,1156.34,UPI,RETAIL,10.4_FRAUDULENT_TRANSACTION,1,0,917,2,1,0
pay_00003554,333.37,DEBIT_CARD,DIGITAL_SERVICES,10.5_VISA_EASY_PAYMENT,1,0,806,0,0,0
pay_00003555,1567.24,UPI,ELECTRONICS,10.4_FRAUDULENT_TRANSACTION,1,1,418,0,0,0
pay_00003556,579.57,UPI,RETAIL,10.5_VISA_EASY_PAYMENT,1,0,49,2,0,1
pay_00003557,1103.66,DEBIT_CARD,ELECTRONICS,13.1_MERCHANDISE_NOT_RECEIVED,1,2,61,0,0,0
pay_00003558,228.78,UPI,GAMING,13.1_MERCHANDISE_NOT_RECEIVED,1,0,314,0,1,0
pay_00003559,1023.12,CREDIT_CARD,GAMING,10.4_FRAUDULENT_TRANSACTION,1,0,588,0,1,1
pay_00003560,648.93,UPI,DIGITAL_SERVICES,13.1_MERCHANDISE_NOT_RECEIVED,0,0,780,0,0,0
pay_00003561,2692.17,UPI,RETAIL,13.1_MERCHANDISE_NOT_RECEIVED,1,0,146,0,1,1
pay_00003562,188.0,CREDIT_CARD,RETAIL,10.4_FRAUDULENT_TRANSACTION,1,0,702,0,0,0
pay_00003563,913.49,CREDIT_CARD,GAMING,10.4_FRAUDULENT_TRANSACTION,1,0,496,1,1,0
pay_00003564,1019.93,UPI,ELECTRONICS,10.5_VISA_EASY_PAYMENT,1,0,6,0,0,0
pay_00003565,2036.51,UPI,DIGITAL_SERVICES,10.4_FRAUDULENT_TRANSACTION,1,0,205,1,0,1
pay_00003566,1380.99,UPI,TRAVEL,10.5_VISA_EASY_PAYMENT,1,0,863,0,0,0
pay_00003567,1750.38,UPI,GAMING,13.1_MERCHANDISE_NOT_RECEIVED,1,0,250,0,0,0
pay_00003568,2351.21,WALLET,GAMING,10.4_FRAUDULENT_TRANSACTION,0,0,345,0,0,0
pay_00003569,3072.96,NETBANKING,DIGITAL_SERVICES,10.4_FRAUDULENT_TRANSACTION,1,0,432,0,0,0
pay_00003570,665.04,UPI,ELECTRONICS,10.5_VISA_EASY_PAYMENT,1,0,344,1,0,0
pay_00003571,1258.36,UPI,RETAIL,13.1_MERCHANDISE_NOT_RECEIVED,0,1,618,1,0,1
pay_00003572,2849.89,NETBANKING,GAMING,10.4_FRAUDULENT_TRANSACTION,1,1,779,0,0,0
pay_00003573,6927.6,CREDIT_CARD,DIGITAL_SERVICES,13.1_MERCHANDISE_NOT_RECEIVED,1,0,417,0,0,1
pay_00003574,3404.37,CREDIT_CARD,DIGITAL_SERVICES,10.4_FRAUDULENT_TRANSACTION,1,1,533,0,1,0
pay_00003575,796.55,DEBIT_CARD,DIGITAL_SERVICES,13.3_NOT_AS_DESCRIBED,1,0,487,0,0,0
pay_00003576,425.68,UPI,RETAIL,10.4_FRAUDULENT_TRANSACTION,1,0,920,0,1,0
pay_00003577,1108.23,UPI,GAMING,10.4_FRAUDULENT_TRANSACTION,1,0,55,0,0,0
pay_00003578,2130.11,WALLET,DIGITAL_SERVICES,10.4_FRAUDULENT_TRANSACTION,1,0,177,0,0,1
pay_00003579,1117.59,CREDIT_CARD,RETAIL,10.4_FRAUDULENT_TRANSACTION,1,0,748,0,0,0
pay_00003580,1090.09,UPI,ELECTRONICS,13.1_MERCHANDISE_NOT_RECEIVED,1,0,884,0,0,0
pay_00003581,2832.37,UPI,TRAVEL,13.1_MERCHANDISE_NOT_RECEIVED,1,0,468,0,0,0
pay_00003582,772.72,UPI,GAMING,13.3_NOT_AS_DESCRIBED,0,0,495,0,0,0
pay_00003583,3046.97,DEBIT_CARD,RETAIL,13.1_MERCHANDISE_NOT_RECEIVED,1,0,521,0,0,0
pay_00003584,883.35,UPI,TRAVEL,10.4_FRAUDULENT_TRANSACTION,1,0,863,0,0,0
pay_00003585,696.77,UPI,TRAVEL,13.1_MERCHANDISE_NOT_RECEIVED,1,1,988,0,0,0
pay_00003586,1007.68,NETBANKING,RETAIL,10.5_VISA_EASY_PAYMENT,1,0,118,0,0,0
pay_00003587,2256.05,UPI,RETAIL,10.4_FRAUDULENT_TRANSACTION,1,1,806,0,0,0
pay_00003588,302.02,UPI,RETAIL,10.4_FRAUDULENT_TRANSACTION,1,0,389,0,0,0
pay_00003589,428.02,UPI,DIGITAL_SERVICES,13.1_MERCHANDISE_NOT_RECEIVED,1,0,613,0,0,0
pay_00003590,4637.58,UPI,ELECTRONICS,10.4_FRAUDULENT_TRANSACTION,1,0,937,0,0,0
pay_00003591,389.45,UPI,DIGITAL_SERVICES,10.4_FRAUDULENT_TRANSACTION,1,0,418,1,0,0
pay_00003592,1358.05,NETBANKING,TRAVEL,13.3_NOT_AS_DESCRIBED,1,0,202,0,0,0
pay_00003593,1398.8,NETBANKING,TRAVEL,13.3_NOT_AS_DESCRIBED,1,1,864,0,0,0
pay_00003594,1108.91,UPI,TRAVEL,13.1_MERCHANDISE_NOT_RECEIVED,1,0,869,1,0,0
pay_00003595,1652.38,UPI,RETAIL,13.3_NOT_AS_DESCRIBED,1,0,959,0,0,0
pay_00003596,491.71,CREDIT_CARD,GAMING,10.4_FRAUDULENT_TRANSACTION,1,0,145,1,0,0
pay_00003597,1306.66,UPI,DIGITAL_SERVICES,13.1_MERCHANDISE_NOT_RECEIVED,1,1,181,0,0,0
pay_00003598,798.24,UPI,GAMING,13.1_MERCHANDISE_NOT_RECEIVED,1,1,36,1,0,0
pay_00003599,1725.59,NETBANKING,ELECTRONICS,10.4_FRAUDULENT_TRANSACTION,1,0,36,0,0,0
pay_00003600,328.37,UPI,ELECTRONICS,10.4_FRAUDULENT_TRANSACTION,1,0,397,0,1,0
pay_00003601,1369.02,UPI,DIGITAL_SERVICES,13.1_MERCHANDISE_NOT_RECEIVED,1,0,532,0,0,0
pay_00003602,407.35,UPI,TRAVEL,13.3_NOT_AS_DESCRIBED,1,0,819,0,0,0
pay_00003603,589.93,UPI,ELECTRONICS,13.1_MERCHANDISE_NOT_RECEIVED,1,0,230,0,0,0
pay_00003604,470.21,UPI,GAMING,10.4_FRAUDULENT_TRANSACTION,1,0,211,0,0,0
pay_00003605,402.88,UPI,GAMING,10.4_FRAUDULENT_TRANSACTION,1,2,470,0,0,0
pay_00003606,2720.56,UPI,RETAIL,10.4_FRAUDULENT_TRANSACTION,1,1,784,0,0,0
pay_00003607,604.69,CREDIT_CARD,TRAVEL,10.4_FRAUDULENT_TRANSACTION,1,0,6,0,0,0
pay_00003608,4028.49,UPI,RETAIL,13.3_NOT_AS_DESCRIBED,0,0,459,0,0,1
pay_00003609,5356.17,UPI,DIGITAL_SERVICES,13.1_MERCHANDISE_NOT_RECEIVED,1,0,394,1,0,1
pay_00003610,1370.36,CREDIT_CARD,ELECTRONICS,13.1_MERCHANDISE_NOT_RECEIVED,1,1,159,1,0,0
pay_00003611,331.48,NETBANKING,RETAIL,13.3_NOT_AS_DESCRIBED,1,2,146,0,0,0
pay_00003612,803.92,UPI,RETAIL,10.4_FRAUDULENT_TRANSACTION,1,0,352,0,0,0
pay_00003613,2497.24,UPI,DIGITAL_SERVICES,13.1_MERCHANDISE_NOT_RECEIVED,1,0,681,0,0,0
pay_00003614,786.85,UPI,GAMING,10.4_FRAUDULENT_TRANSACTION,1,0,874,0,0,0
pay_00003615,236.56,DEBIT_CARD,GAMING,10.4_FRAUDULENT_TRANSACTION,1,0,47,0,0,0
pay_00003616,1320.55,UPI,DIGITAL_SERVICES,10.4_FRAUDULENT_TRANSACTION,1,0,536,1,0,0
pay_00003617,2897.67,UPI,GAMING,10.5_VISA_EASY_PAYMENT,1,1,110,0,1,0
pay_00003618,2483.91,UPI,DIGITAL_SERVICES,10.4_FRAUDULENT_TRANSACTION,0,0,976,0,0,0
pay_00003619,388.78,UPI,GAMING,10.4_FRAUDULENT_TRANSACTION,1,0,605,0,0,0
pay_00003620,1775.61,UPI,DIGITAL_SERVICES,13.1_MERCHANDISE_NOT_RECEIVED,0,0,487,0,1,0
pay_00003621,473.66,UPI,GAMING,10.4_FRAUDULENT_TRANSACTION,0,1,217,0,0,0
pay_00003622,469.25,DEBIT_CARD,RETAIL,10.4_FRAUDULENT_TRANSACTION,1,2,104,2,0,0
pay_00003623,3208.06,CREDIT_CARD,RETAIL,13.3_NOT_AS_DESCRIBED,0,1,729,0,0,1
pay_00003624,530.86,UPI,GAMING,10.4_FRAUDULENT_TRANSACTION,1,0,680,2,0,1
pay_00003625,558.25,UPI,DIGITAL_SERVICES,10.5_VISA_EASY_PAYMENT,0,0,557,0,0,0
pay_00003626,100.98,UPI,RETAIL,13.1_MERCHANDISE_NOT_RECEIVED,0,0,339,0,0,0
pay_00003627,3168.07,UPI,ELECTRONICS,10.4_FRAUDULENT_TRANSACTION,0,0,714,0,0,1
pay_00003628,2459.62,NETBANKING,GAMING,10.4_FRAUDULENT_TRANSACTION,1,1,769,0,0,0
pay_00003629,1580.59,WALLET,ELECTRONICS,13.1_MERCHANDISE_NOT_RECEIVED,1,0,283,0,0,0
pay_00003630,2181.04,UPI,ELECTRONICS,10.4_FRAUDULENT_TRANSACTION,1,2,534,0,0,0
pay_00003631,347.4,UPI,TRAVEL,13.1_MERCHANDISE_NOT_RECEIVED,1,0,28,0,0,0
pay_00003632,1019.63,UPI,ELECTRONICS,13.3_NOT_AS_DESCRIBED,1,1,766,2,0,0
pay_00003633,748.99,CREDIT_CARD,ELECTRONICS,13.3_NOT_AS_DESCRIBED,1,0,944,0,1,1
pay_00003634,247.7,CREDIT_CARD,TRAVEL,13.1_MERCHANDISE_NOT_RECEIVED,1,1,547,0,0,0
pay_00003635,1098.68,DEBIT_CARD,TRAVEL,13.3_NOT_AS_DESCRIBED,1,3,515,0,1,0
pay_00003636,3902.53,DEBIT_CARD,TRAVEL,10.4_FRAUDULENT_TRANSACTION,0,0,422,0,0,0
pay_00003637,161.33,UPI,DIGITAL_SERVICES,10.4_FRAUDULENT_TRANSACTION,1,1,730,0,0,0
pay_00003638,616.83,CREDIT_CARD,TRAVEL,13.3_NOT_AS_DESCRIBED,1,0,812,0,0,0
pay_00003639,448.92,CREDIT_CARD,DIGITAL_SERVICES,10.4_FRAUDULENT_TRANSACTION,1,0,505,0,0,0
pay_00003640,508.0,CREDIT_CARD,GAMING,13.1_MERCHANDISE_NOT_RECEIVED,1,0,254,0,0,0
pay_00003641,3686.05,UPI,DIGITAL_SERVICES,13.1_MERCHANDISE_NOT_RECEIVED,1,0,901,0,0,0
pay_00003642,1046.86,CREDIT_CARD,GAMING,10.4_FRAUDULENT_TRANSACTION,1,1,240,0,1,0
pay_00003643,1041.88,CREDIT_CARD,TRAVEL,10.4_FRAUDULENT_TRANSACTION,0,0,241,0,0,0
pay_00003644,2244.28,CREDIT_CARD,TRAVEL,13.1_MERCHANDISE_NOT_RECEIVED,0,1,202,0,1,1
pay_00003645,351.73,CREDIT_CARD,GAMING,13.3_NOT_AS_DESCRIBED,1,2,135,1,1,1
pay_00003646,1102.0,DEBIT_CARD,RETAIL,10.4_FRAUDULENT_TRANSACTION,1,0,478,0,0,0
pay_00003647,943.14,CREDIT_CARD,DIGITAL_SERVICES,13.1_MERCHANDISE_NOT_RECEIVED,1,1,473,1,1,1
pay_00003648,1462.9,CREDIT_CARD,ELECTRONICS,10.4_FRAUDULENT_TRANSACTION,0,1,426,0,0,0
pay_00003649,11685.29,CREDIT_CARD,TRAVEL,10.4_FRAUDULENT_TRANSACTION,1,1,354,3,0,0
pay_00003650,2300.92,UPI,DIGITAL_SERVICES,10.4_FRAUDULENT_TRANSACTION,1,1,367,0,0,0
pay_00003651,860.91,UPI,DIGITAL_SERVICES,10.4_FRAUDULENT_TRANSACTION,1,1,569,0,0,0
pay_00003652,2736.5,UPI,TRAVEL,13.1_MERCHANDISE_NOT_RECEIVED,0,0,85,0,0,1
pay_00003653,380.78,CREDIT_CARD,GAMING,13.1_MERCHANDISE_NOT_RECEIVED,1,0,157,0,0,0
pay_00003654,146.41,CREDIT_CARD,TRAVEL,10.5_VISA_EASY_PAYMENT,1,0,337,0,0,0
pay_00003655,443.08,WALLET,DIGITAL_SERVICES,10.4_FRAUDULENT_TRANSACTION,1,0,191,0,0,0
pay_00003656,724.21,UPI,RETAIL,10.5_VISA_EASY_PAYMENT,1,0,932,0,0,0
pay_00003657,1171.8,UPI,GAMING,13.1_MERCHANDISE_NOT_RECEIVED,0,0,936,0,0,0
pay_00003658,1532.27,UPI,TRAVEL,10.4_FRAUDULENT_TRANSACTION,1,0,499,0,0,0
pay_00003659,3722.05,UPI,ELECTRONICS,10.4_FRAUDULENT_TRANSACTION,0,0,21,1,0,1
pay_00003660,1169.58,DEBIT_CARD,TRAVEL,13.1_MERCHANDISE_NOT_RECEIVED,1,1,610,0,0,0
pay_00003661,1143.55,UPI,DIGITAL_SERVICES,13.3_NOT_AS_DESCRIBED,1,0,693,0,0,0
pay_00003662,177.32,CREDIT_CARD,DIGITAL_SERVICES,13.1_MERCHANDISE_NOT_RECEIVED,0,0,656,0,0,0
pay_00003663,153.3,CREDIT_CARD,ELECTRONICS,13.1_MERCHANDISE_NOT_RECEIVED,1,1,686,0,0,0
pay_00003664,1301.63,UPI,GAMING,10.4_FRAUDULENT_TRANSACTION,1,0,492,0,0,0
pay_00003665,964.86,NETBANKING,DIGITAL_SERVICES,10.4_FRAUDULENT_TRANSACTION,1,1,137,0,1,0
pay_00003666,2841.21,UPI,GAMING,10.4_FRAUDULENT_TRANSACTION,1,0,236,0,0,0
pay_00003667,362.74,UPI,GAMING,10.4_FRAUDULENT_TRANSACTION,1,2,3,0,0,0
pay_00003668,137.93,NETBANKING,TRAVEL,13.3_NOT_AS_DESCRIBED,1,0,23,0,0,0
pay_00003669,994.14,NETBANKING,GAMING,13.3_NOT_AS_DESCRIBED,1,1,141,0,0,0
pay_00003670,506.69,UPI,DIGITAL_SERVICES,10.4_FRAUDULENT_TRANSACTION,1,2,38,0,0,0
pay_00003671,176.33,UPI,DIGITAL_SERVICES,13.3_NOT_AS_DESCRIBED,1,0,162,0,0,0
pay_00003672,2034.29,UPI,RETAIL,10.4_FRAUDULENT_TRANSACTION,1,0,222,0,0,0
pay_00003673,277.49,UPI,GAMING,10.4_FRAUDULENT_TRANSACTION,1,0,743,0,0,0
pay_00003674,1505.96,WALLET,RETAIL,10.4_FRAUDULENT_TRANSACTION,1,0,410,0,0,0
pay_00003675,594.94,CREDIT_CARD,TRAVEL,10.4_FRAUDULENT_TRANSACTION,1,1,928,0,0,0
pay_00003676,385.83,UPI,RETAIL,10.4_FRAUDULENT_TRANSACTION,1,2,20,0,0,0
pay_00003677,816.45,NETBANKING,GAMING,10.4_FRAUDULENT_TRANSACTION,1,0,558,0,0,0
pay_00003678,2525.04,UPI,DIGITAL_SERVICES,10.4_FRAUDULENT_TRANSACTION,1,0,102,0,0,0
pay_00003679,846.6,UPI,TRAVEL,10.4_FRAUDULENT_TRANSACTION,1,0,823,0,0,0
pay_00003680,2184.07,NETBANKING,GAMING,13.1_MERCHANDISE_NOT_RECEIVED,0,1,905,0,0,0
pay_00003681,301.13,DEBIT_CARD,TRAVEL,10.4_FRAUDULENT_TRANSACTION,1,1,487,0,0,0
pay_00003682,2322.7,DEBIT_CARD,ELECTRONICS,10.5_VISA_EASY_PAYMENT,1,1,307,0,0,0
pay_00003683,505.61,CREDIT_CARD,GAMING,13.3_NOT_AS_DESCRIBED,0,0,57,0,1,1
pay_00003684,1796.98,DEBIT_CARD,ELECTRONICS,10.5_VISA_EASY_PAYMENT,1,0,848,0,1,0
pay_00003685,1351.31,UPI,RETAIL,13.1_MERCHANDISE_NOT_RECEIVED,1,0,941,0,0,0
pay_00003686,4070.67,CREDIT_CARD,GAMING,13.1_MERCHANDISE_NOT_RECEIVED,0,3,678,0,0,1
pay_00003687,834.87,WALLET,ELECTRONICS,10.4_FRAUDULENT_TRANSACTION,0,2,836,0,0,0
pay_00003688,202.68,UPI,DIGITAL_SERVICES,13.3_NOT_AS_DESCRIBED,1,0,140,0,0,0
pay_00003689,129.01,DEBIT_CARD,RETAIL,10.4_FRAUDULENT_TRANSACTION,1,1,474,0,0,0
pay_00003690,2730.47,UPI,GAMING,10.4_FRAUDULENT_TRANSACTION,1,1,117,0,0,0
pay_00003691,1215.83,UPI,GAMING,10.4_FRAUDULENT_TRANSACTION,0,2,138,1,1,1
pay_00003692,2339.11,DEBIT_CARD,DIGITAL_SERVICES,10.4_FRAUDULENT_TRANSACTION,1,1,976,0,0,0
pay_00003693,500.69,UPI,DIGITAL_SERVICES,10.4_FRAUDULENT_TRANSACTION,1,0,321,0,0,0
pay_00003694,734.87,CREDIT_CARD,ELECTRONICS,10.5_VISA_EASY_PAYMENT,1,0,268,0,0,0
pay_00003695,145.85,UPI,ELECTRONICS,10.4_FRAUDULENT_TRANSACTION,1,1,436,0,0,0
pay_00003696,4985.35,NETBANKING,ELECTRONICS,13.3_NOT_AS_DESCRIBED,1,1,766,0,0,0
pay_00003697,1753.33,UPI,TRAVEL,10.4_FRAUDULENT_TRANSACTION,1,0,51,0,0,0
pay_00003698,4159.19,UPI,RETAIL,13.1_MERCHANDISE_NOT_RECEIVED,1,0,982,0,1,0
pay_00003699,562.84,UPI,GAMING,13.1_MERCHANDISE_NOT_RECEIVED,1,1,320,0,0,0
pay_00003700,1518.05,NETBANKING,RETAIL,13.1_MERCHANDISE_NOT_RECEIVED,1,2,697,0,0,0
pay_00003701,1802.14,DEBIT_CARD,DIGITAL_SERVICES,10.4_FRAUDULENT_TRANSACTION,0,1,605,0,0,0
pay_00003702,673.1,DEBIT_CARD,RETAIL,13.1_MERCHANDISE_NOT_RECEIVED,1,0,531,0,0,0
pay_00003703,2926.89,UPI,RETAIL,10.4_FRAUDULENT_TRANSACTION,1,0,670,0,0,0
pay_00003704,4510.77,UPI,ELECTRONICS,13.1_MERCHANDISE_NOT_RECEIVED,1,1,732,0,0,0
pay_00003705,3342.35,UPI,DIGITAL_SERVICES,13.1_MERCHANDISE_NOT_RECEIVED,1,0,725,0,0,0
pay_00003706,2115.24,CREDIT_CARD,RETAIL,10.4_FRAUDULENT_TRANSACTION,1,1,338,0,0,0
pay_00003707,587.48,UPI,GAMING,10.4_FRAUDULENT_TRANSACTION,1,2,745,0,0,0
pay_00003708,596.13,WALLET,ELECTRONICS,10.4_FRAUDULENT_TRANSACTION,1,0,24,0,0,1
pay_00003709,5059.94,DEBIT_CARD,RETAIL,13.3_NOT_AS_DESCRIBED,1,0,282,0,0,0
pay_00003710,115.51,UPI,DIGITAL_SERVICES,13.3_NOT_AS_DESCRIBED,1,1,36,0,0,0
pay_00003711,1988.44,UPI,GAMING,10.4_FRAUDULENT_TRANSACTION,0,1,875,0,0,0
pay_00003712,1937.52,DEBIT_CARD,DIGITAL_SERVICES,10.4_FRAUDULENT_TRANSACTION,1,0,824,0,0,0
pay_00003713,1562.03,UPI,DIGITAL_SERVICES,10.4_FRAUDULENT_TRANSACTION,1,1,720,0,0,0
pay_00003714,7024.17,UPI,DIGITAL_SERVICES,10.4_FRAUDULENT_TRANSACTION,1,0,826,0,0,0
pay_00003715,660.69,UPI,TRAVEL,13.3_NOT_AS_DESCRIBED,1,0,500,0,0,0
pay_00003716,723.21,CREDIT_CARD,GAMING,13.1_MERCHANDISE_NOT_RECEIVED,1,2,544,0,0,0
pay_00003717,223.34,DEBIT_CARD,DIGITAL_SERVICES,13.3_NOT_AS_DESCRIBED,1,1,258,0,0,0
pay_00003718,977.24,UPI,TRAVEL,10.5_VISA_EASY_PAYMENT,1,0,969,0,0,0
pay_00003719,553.78,UPI,ELECTRONICS,13.1_MERCHANDISE_NOT_RECEIVED,1,1,338,0,0,0
pay_00003720,730.99,UPI,TRAVEL,13.1_MERCHANDISE_NOT_RECEIVED,1,0,177,0,0,0
pay_00003721,2798.83,DEBIT_CARD,ELECTRONICS,13.1_MERCHANDISE_NOT_RECEIVED,1,1,497,0,0,0
pay_00003722,4211.27,UPI,TRAVEL,13.1_MERCHANDISE_NOT_RECEIVED,1,0,430,0,0,0
pay_00003723,408.2,UPI,DIGITAL_SERVICES,13.3_NOT_AS_DESCRIBED,1,0,493,0,0,0
pay_00003724,799.04,NETBANKING,TRAVEL,13.3_NOT_AS_DESCRIBED,1,0,595,0,0,0
pay_00003725,4059.83,WALLET,TRAVEL,10.4_FRAUDULENT_TRANSACTION,1,2,890,0,0,0
pay_00003726,195.7,WALLET,DIGITAL_SERVICES,10.5_VISA_EASY_PAYMENT,1,0,823,0,0,0
pay_00003727,245.36,DEBIT_CARD,ELECTRONICS,13.1_MERCHANDISE_NOT_RECEIVED,1,2,742,0,0,0
pay_00003728,366.52,UPI,DIGITAL_SERVICES,10.4_FRAUDULENT_TRANSACTION,1,1,268,0,0,0
pay_00003729,1456.59,UPI,GAMING,13.3_NOT_AS_DESCRIBED,1,1,717,0,0,0
pay_00003730,344.61,UPI,TRAVEL,10.4_FRAUDULENT_TRANSACTION,0,1,447,0,1,0
pay_00003731,5266.61,UPI,GAMING,13.3_NOT_AS_DESCRIBED,1,0,675,0,0,0
pay_00003732,987.82,WALLET,DIGITAL_SERVICES,10.5_VISA_EASY_PAYMENT,0,0,240,0,0,0
pay_00003733,1144.28,DEBIT_CARD,DIGITAL_SERVICES,10.4_FRAUDULENT_TRANSACTION,1,1,117,0,0,0
pay_00003734,524.86,DEBIT_CARD,RETAIL,13.3_NOT_AS_DESCRIBED,1,0,586,0,0,0
pay_00003735,1055.04,UPI,GAMING,13.3_NOT_AS_DESCRIBED,1,2,406,0,0,0
pay_00003736,1726.68,NETBANKING,RETAIL,13.1_MERCHANDISE_NOT_RECEIVED,1,1,266,0,0,0
pay_00003737,2186.52,DEBIT_CARD,GAMING,10.4_FRAUDULENT_TRANSACTION,1,2,306,0,0,0
pay_00003738,2202.83,UPI,RETAIL,10.4_FRAUDULENT_TRANSACTION,1,1,419,0,0,0
pay_00003739,1393.74,NETBANKING,RETAIL,10.4_FRAUDULENT_TRANSACTION,1,1,656,0,0,0
pay_00003740,3620.74,UPI,GAMING,10.4_FRAUDULENT_TRANSACTION,1,0,804,1,0,1
pay_00003741,2650.75,UPI,DIGITAL_SERVICES,13.1_MERCHANDISE_NOT_RECEIVED,1,1,573,0,0,0
pay_00003742,2222.34,CREDIT_CARD,ELECTRONICS,13.3_NOT_AS_DESCRIBED,0,2,587,0,0,0
pay_00003743,185.82,CREDIT_CARD,DIGITAL_SERVICES,10.5_VISA_EASY_PAYMENT,1,0,17,0,1,0
pay_00003744,110.35,UPI,ELECTRONICS,10.4_FRAUDULENT_TRANSACTION,1,0,857,0,0,1
pay_00003745,458.24,UPI,GAMING,10.4_FRAUDULENT_TRANSACTION,1,0,897,0,0,0
pay_00003746,1733.84,WALLET,TRAVEL,13.3_NOT_AS_DESCRIBED,1,0,12,0,0,0
pay_00003747,894.5,CREDIT_CARD,DIGITAL_SERVICES,10.4_FRAUDULENT_TRANSACTION,1,1,515,0,0,1
pay_00003748,872.27,DEBIT_CARD,RETAIL,10.5_VISA_EASY_PAYMENT,1,0,883,0,0,0
pay_00003749,3338.86,UPI,DIGITAL_SERVICES,13.3_NOT_AS_DESCRIBED,1,0,585,0,0,0
pay_00003750,3488.75,UPI,GAMING,13.1_MERCHANDISE_NOT_RECEIVED,1,0,83,0,0,0
pay_00003751,3698.24,UPI,TRAVEL,10.4_FRAUDULENT_TRANSACTION,1,0,659,0,0,0
pay_00003752,665.05,UPI,TRAVEL,10.4_FRAUDULENT_TRANSACTION,0,1,383,0,0,0
pay_00003753,1861.89,UPI,DIGITAL_SERVICES,10.4_FRAUDULENT_TRANSACTION,1,2,626,0,0,0
pay_00003754,575.43,UPI,DIGITAL_SERVICES,10.4_FRAUDULENT_TRANSACTION,1,0,84,1,0,0
pay_00003755,417.21,CREDIT_CARD,DIGITAL_SERVICES,13.1_MERCHANDISE_NOT_RECEIVED,1,0,587,0,0,0
pay_00003756,406.17,UPI,GAMING,10.4_FRAUDULENT_TRANSACTION,1,0,984,0,0,0
pay_00003757,728.07,DEBIT_CARD,ELECTRONICS,13.1_MERCHANDISE_NOT_RECEIVED,0,0,790,0,1,1
pay_00003758,943.07,UPI,ELECTRONICS,13.3_NOT_AS_DESCRIBED,1,0,513,0,0,1
pay_00003759,2766.33,UPI,RETAIL,10.4_FRAUDULENT_TRANSACTION,1,0,565,0,0,0
pay_00003760,291.56,UPI,GAMING,13.1_MERCHANDISE_NOT_RECEIVED,1,0,509,1,1,1
pay_00003761,2091.62,UPI,TRAVEL,13.3_NOT_AS_DESCRIBED,1,1,172,0,0,0
pay_00003762,1237.18,UPI,RETAIL,10.4_FRAUDULENT_TRANSACTION,0,0,491,0,0,0
pay_00003763,609.4,WALLET,TRAVEL,10.4_FRAUDULENT_TRANSACTION,1,0,266,1,0,0
pay_00003764,1118.33,DEBIT_CARD,TRAVEL,13.1_MERCHANDISE_NOT_RECEIVED,1,0,459,1,0,1
pay_00003765,634.89,UPI,DIGITAL_SERVICES,13.1_MERCHANDISE_NOT_RECEIVED,1,0,8,0,0,0
pay_00003766,1459.81,UPI,TRAVEL,13.1_MERCHANDISE_NOT_RECEIVED,1,0,145,0,0,0
pay_00003767,953.33,CREDIT_CARD,TRAVEL,10.4_FRAUDULENT_TRANSACTION,1,0,710,0,0,0
pay_00003768,369.42,DEBIT_CARD,GAMING,10.4_FRAUDULENT_TRANSACTION,0,3,763,0,0,0
pay_00003769,285.94,UPI,DIGITAL_SERVICES,10.4_FRAUDULENT_TRANSACTION,1,1,135,0,0,0
pay_00003770,1286.79,CREDIT_CARD,DIGITAL_SERVICES,10.4_FRAUDULENT_TRANSACTION,1,0,637,0,0,0
pay_00003771,3590.52,DEBIT_CARD,RETAIL,13.1_MERCHANDISE_NOT_RECEIVED,1,0,831,0,0,0
pay_00003772,732.29,DEBIT_CARD,DIGITAL_SERVICES,13.1_MERCHANDISE_NOT_RECEIVED,1,2,863,0,0,0
pay_00003773,2080.76,DEBIT_CARD,ELECTRONICS,13.1_MERCHANDISE_NOT_RECEIVED,1,1,421,0,0,0
pay_00003774,1712.32,NETBANKING,GAMING,10.4_FRAUDULENT_TRANSACTION,0,1,68,1,0,0
pay_00003775,4122.59,NETBANKING,RETAIL,10.4_FRAUDULENT_TRANSACTION,1,0,576,0,0,0
pay_00003776,2680.4,UPI,ELECTRONICS,13.3_NOT_AS_DESCRIBED,1,1,254,0,0,0
pay_00003777,1354.16,CREDIT_CARD,TRAVEL,13.1_MERCHANDISE_NOT_RECEIVED,1,1,775,1,0,0
pay_00003778,1705.17,DEBIT_CARD,ELECTRONICS,13.3_NOT_AS_DESCRIBED,1,1,400,0,0,0
pay_00003779,3529.87,CREDIT_CARD,RETAIL,10.4_FRAUDULENT_TRANSACTION,0,0,985,0,0,0
pay_00003780,865.04,WALLET,DIGITAL_SERVICES,13.1_MERCHANDISE_NOT_RECEIVED,1,1,356,2,0,0
pay_00003781,693.56,UPI,GAMING,13.1_MERCHANDISE_NOT_RECEIVED,1,0,739,0,0,0
pay_00003782,116.3,UPI,RETAIL,10.5_VISA_EASY_PAYMENT,1,0,782,0,0,0
pay_00003783,2727.81,UPI,ELECTRONICS,10.5_VISA_EASY_PAYMENT,1,0,250,0,0,0
pay_00003784,2521.53,UPI,ELECTRONICS,10.5_VISA_EASY_PAYMENT,1,1,164,0,0,0
pay_00003785,265.48,UPI,RETAIL,13.3_NOT_AS_DESCRIBED,1,0,885,1,0,1
pay_00003786,1390.07,DEBIT_CARD,RETAIL,13.1_MERCHANDISE_NOT_RECEIVED,0,0,841,0,0,0
pay_00003787,1035.38,UPI,RETAIL,10.4_FRAUDULENT_TRANSACTION,1,1,267,0,0,0
pay_00003788,289.55,DEBIT_CARD,DIGITAL_SERVICES,13.1_MERCHANDISE_NOT_RECEIVED,1,1,384,0,1,0
pay_00003789,6011.27,CREDIT_CARD,RETAIL,10.4_FRAUDULENT_TRANSACTION,1,0,385,0,0,0
pay_00003790,462.53,UPI,TRAVEL,10.4_FRAUDULENT_TRANSACTION,1,1,265,0,0,0
pay_00003791,204.4,UPI,GAMING,13.1_MERCHANDISE_NOT_RECEIVED,1,0,537,0,0,0
pay_00003792,1455.24,CREDIT_CARD,GAMING,13.3_NOT_AS_DESCRIBED,1,1,616,0,0,0
pay_00003793,2114.09,DEBIT_CARD,TRAVEL,13.1_MERCHANDISE_NOT_RECEIVED,1,1,783,0,0,0
pay_00003794,149.47,NETBANKING,ELECTRONICS,10.4_FRAUDULENT_TRANSACTION,1,0,765,0,0,0
pay_00003795,1712.57,NETBANKING,ELECTRONICS,13.1_MERCHANDISE_NOT_RECEIVED,0,1,570,0,0,1
pay_00003796,1239.87,WALLET,ELECTRONICS,10.5_VISA_EASY_PAYMENT,1,1,24,0,0,0
pay_00003797,263.49,CREDIT_CARD,ELECTRONICS,13.1_MERCHANDISE_NOT_RECEIVED,0,2,584,1,0,1
pay_00003798,384.06,NETBANKING,DIGITAL_SERVICES,13.1_MERCHANDISE_NOT_RECEIVED,1,0,372,0,0,0
pay_00003799,1358.91,DEBIT_CARD,TRAVEL,13.1_MERCHANDISE_NOT_RECEIVED,1,3,605,0,1,0
pay_00003800,627.23,NETBANKING,GAMING,10.5_VISA_EASY_PAYMENT,1,0,967,0,0,1
pay_00003801,4278.59,UPI,TRAVEL,10.4_FRAUDULENT_TRANSACTION,1,0,127,0,0,0
pay_00003802,2661.74,WALLET,GAMING,10.4_FRAUDULENT_TRANSACTION,1,0,174,1,0,1
pay_00003803,6262.71,UPI,ELECTRONICS,10.4_FRAUDULENT_TRANSACTION,1,1,18,0,0,0
pay_00003804,550.99,DEBIT_CARD,DIGITAL_SERVICES,10.4_FRAUDULENT_TRANSACTION,1,1,451,2,0,0
pay_00003805,5346.08,UPI,RETAIL,10.4_FRAUDULENT_TRANSACTION,1,0,63,0,0,0
pay_00003806,946.43,UPI,RETAIL,13.1_MERCHANDISE_NOT_RECEIVED,1,0,623,1,0,0
pay_00003807,740.46,UPI,ELECTRONICS,10.4_FRAUDULENT_TRANSACTION,0,0,152,0,0,1
pay_00003808,177.49,UPI,ELECTRONICS,10.4_FRAUDULENT_TRANSACTION,1,1,852,0,1,0
pay_00003809,181.31,UPI,TRAVEL,10.4_FRAUDULENT_TRANSACTION,1,1,671,0,0,0
pay_00003810,1866.54,DEBIT_CARD,DIGITAL_SERVICES,10.5_VISA_EASY_PAYMENT,1,0,474,0,0,0
pay_00003811,1018.54,UPI,DIGITAL_SERVICES,13.1_MERCHANDISE_NOT_RECEIVED,1,0,507,0,0,0
pay_00003812,485.29,UPI,TRAVEL,10.4_FRAUDULENT_TRANSACTION,0,2,934,0,0,0
pay_00003813,1527.76,UPI,DIGITAL_SERVICES,10.4_FRAUDULENT_TRANSACTION,1,0,751,0,0,0
pay_00003814,537.25,CREDIT_CARD,DIGITAL_SERVICES,10.4_FRAUDULENT_TRANSACTION,1,0,750,0,0,0
pay_00003815,1392.82,UPI,RETAIL,13.1_MERCHANDISE_NOT_RECEIVED,1,0,811,0,0,0
pay_00003816,767.58,UPI,DIGITAL_SERVICES,13.1_MERCHANDISE_NOT_RECEIVED,1,1,8,0,1,0
pay_00003817,2702.1,UPI,ELECTRONICS,10.5_VISA_EASY_PAYMENT,0,1,224,0,0,0
pay_00003818,2678.01,CREDIT_CARD,RETAIL,13.1_MERCHANDISE_NOT_RECEIVED,0,0,200,2,0,1
pay_00003819,1073.27,UPI,ELECTRONICS,10.5_VISA_EASY_PAYMENT,1,1,133,0,0,0
pay_00003820,748.07,UPI,ELECTRONICS,10.4_FRAUDULENT_TRANSACTION,1,0,848,0,0,0
pay_00003821,775.44,UPI,TRAVEL,13.3_NOT_AS_DESCRIBED,0,1,539,0,0,0
pay_00003822,2557.64,WALLET,DIGITAL_SERVICES,13.1_MERCHANDISE_NOT_RECEIVED,1,0,382,0,0,0
pay_00003823,696.65,UPI,DIGITAL_SERVICES,10.4_FRAUDULENT_TRANSACTION,1,2,191,1,0,0
pay_00003824,451.8,CREDIT_CARD,DIGITAL_SERVICES,10.4_FRAUDULENT_TRANSACTION,0,0,231,0,0,0
pay_00003825,232.74,UPI,DIGITAL_SERVICES,13.1_MERCHANDISE_NOT_RECEIVED,1,1,705,0,0,0
pay_00003826,1042.99,UPI,RETAIL,10.4_FRAUDULENT_TRANSACTION,1,1,575,0,0,0
pay_00003827,1087.05,UPI,GAMING,13.3_NOT_AS_DESCRIBED,1,0,901,0,0,0
pay_00003828,2857.42,UPI,ELECTRONICS,13.3_NOT_AS_DESCRIBED,1,2,323,0,0,0
pay_00003829,475.08,UPI,GAMING,10.4_FRAUDULENT_TRANSACTION,1,0,52,0,0,0
pay_00003830,819.45,UPI,GAMING,10.4_FRAUDULENT_TRANSACTION,1,1,337,0,0,0
pay_00003831,2578.56,UPI,GAMING,10.5_VISA_EASY_PAYMENT,1,0,993,2,0,0
pay_00003832,2702.7,CREDIT_CARD,RETAIL,10.4_FRAUDULENT_TRANSACTION,1,0,595,0,0,0
pay_00003833,828.25,WALLET,GAMING,10.4_FRAUDULENT_TRANSACTION,1,0,900,0,0,0
pay_00003834,1021.85,UPI,RETAIL,10.4_FRAUDULENT_TRANSACTION,1,0,333,0,0,0
pay_00003835,642.07,CREDIT_CARD,TRAVEL,10.5_VISA_EASY_PAYMENT,1,1,435,0,0,0
pay_00003836,4144.66,WALLET,TRAVEL,13.3_NOT_AS_DESCRIBED,0,0,754,0,0,0
pay_00003837,289.44,DEBIT_CARD,TRAVEL,10.4_FRAUDULENT_TRANSACTION,1,0,683,2,0,0
pay_00003838,4171.47,UPI,RETAIL,10.4_FRAUDULENT_TRANSACTION,0,0,695,2,0,0
pay_00003839,1827.39,DEBIT_CARD,RETAIL,10.4_FRAUDULENT_TRANSACTION,1,0,474,0,0,0
pay_00003840,1237.56,UPI,ELECTRONICS,10.4_FRAUDULENT_TRANSACTION,1,1,809,0,0,0
pay_00003841,149.81,CREDIT_CARD,GAMING,13.1_MERCHANDISE_NOT_RECEIVED,1,2,671,0,0,1
pay_00003842,1068.24,UPI,DIGITAL_SERVICES,10.4_FRAUDULENT_TRANSACTION,1,0,507,0,0,0
pay_00003843,885.73,UPI,DIGITAL_SERVICES,13.1_MERCHANDISE_NOT_RECEIVED,0,0,803,0,0,0
pay_00003844,363.71,UPI,GAMING,13.1_MERCHANDISE_NOT_RECEIVED,0,0,720,0,0,0
pay_00003845,1702.46,UPI,DIGITAL_SERVICES,10.4_FRAUDULENT_TRANSACTION,1,1,825,0,0,0
pay_00003846,5418.52,CREDIT_CARD,DIGITAL_SERVICES,10.5_VISA_EASY_PAYMENT,1,0,408,2,0,1
pay_00003847,1338.95,UPI,DIGITAL_SERVICES,10.4_FRAUDULENT_TRANSACTION,1,1,821,1,0,0
pay_00003848,1981.6,CREDIT_CARD,RETAIL,10.4_FRAUDULENT_TRANSACTION,1,0,798,0,0,0
pay_00003849,206.36,UPI,RETAIL,13.3_NOT_AS_DESCRIBED,1,0,379,0,0,0
pay_00003850,911.07,UPI,RETAIL,10.4_FRAUDULENT_TRANSACTION,1,1,764,0,0,0
pay_00003851,285.56,CREDIT_CARD,GAMING,10.4_FRAUDULENT_TRANSACTION,1,0,721,0,0,0
pay_00003852,1523.2,WALLET,TRAVEL,10.4_FRAUDULENT_TRANSACTION,1,0,205,0,0,0
pay_00003853,4282.64,UPI,DIGITAL_SERVICES,10.4_FRAUDULENT_TRANSACTION,1,1,358,0,0,0
pay_00003854,1726.08,UPI,ELECTRONICS,10.5_VISA_EASY_PAYMENT,1,0,249,0,0,0
pay_00003855,219.87,NETBANKING,RETAIL,10.4_FRAUDULENT_TRANSACTION,1,1,903,0,0,0
pay_00003856,756.98,UPI,ELECTRONICS,10.4_FRAUDULENT_TRANSACTION,0,1,905,0,0,0
pay_00003857,1299.97,NETBANKING,DIGITAL_SERVICES,13.3_NOT_AS_DESCRIBED,0,0,149,0,0,1
pay_00003858,874.28,CREDIT_CARD,TRAVEL,10.4_FRAUDULENT_TRANSACTION,1,0,670,0,0,1
pay_00003859,2790.44,UPI,ELECTRONICS,10.5_VISA_EASY_PAYMENT,1,0,485,0,0,0
pay_00003860,2628.43,UPI,DIGITAL_SERVICES,10.4_FRAUDULENT_TRANSACTION,1,1,613,0,0,0
pay_00003861,1519.47,UPI,DIGITAL_SERVICES,10.4_FRAUDULENT_TRANSACTION,1,0,790,1,0,0
pay_00003862,801.31,UPI,RETAIL,10.4_FRAUDULENT_TRANSACTION,1,0,943,0,0,0
pay_00003863,542.23,NETBANKING,TRAVEL,10.4_FRAUDULENT_TRANSACTION,1,0,318,0,0,0
pay_00003864,267.86,DEBIT_CARD,DIGITAL_SERVICES,10.4_FRAUDULENT_TRANSACTION,1,0,511,0,0,0
pay_00003865,757.52,CREDIT_CARD,TRAVEL,10.4_FRAUDULENT_TRANSACTION,1,0,287,0,0,0
pay_00003866,899.54,DEBIT_CARD,RETAIL,13.1_MERCHANDISE_NOT_RECEIVED,1,0,388,0,0,0
pay_00003867,1789.7,UPI,ELECTRONICS,10.4_FRAUDULENT_TRANSACTION,1,0,778,0,0,0
pay_00003868,1710.12,CREDIT_CARD,GAMING,10.4_FRAUDULENT_TRANSACTION,1,1,798,1,0,1
pay_00003869,209.03,UPI,GAMING,10.4_FRAUDULENT_TRANSACTION,1,0,734,0,0,0
pay_00003870,854.43,DEBIT_CARD,GAMING,13.1_MERCHANDISE_NOT_RECEIVED,1,0,903,1,0,0
pay_00003871,400.93,UPI,TRAVEL,10.4_FRAUDULENT_TRANSACTION,1,0,143,0,1,0
pay_00003872,355.85,CREDIT_CARD,GAMING,10.4_FRAUDULENT_TRANSACTION,0,0,403,0,0,0
pay_00003873,2734.32,NETBANKING,ELECTRONICS,13.3_NOT_AS_DESCRIBED,1,0,586,0,1,1
pay_00003874,164.23,UPI,DIGITAL_SERVICES,10.4_FRAUDULENT_TRANSACTION,1,1,167,0,0,0
pay_00003875,914.98,UPI,TRAVEL,10.4_FRAUDULENT_TRANSACTION,1,1,859,0,0,0
pay_00003876,376.25,CREDIT_CARD,ELECTRONICS,10.4_FRAUDULENT_TRANSACTION,1,1,771,0,0,0
pay_00003877,3272.05,UPI,TRAVEL,10.4_FRAUDULENT_TRANSACTION,1,1,611,0,0,0
pay_00003878,1321.42,CREDIT_CARD,TRAVEL,13.3_NOT_AS_DESCRIBED,1,1,564,0,0,0
pay_00003879,494.74,WALLET,TRAVEL,10.4_FRAUDULENT_TRANSACTION,1,0,380,0,0,0
pay_00003880,1147.02,UPI,RETAIL,10.4_FRAUDULENT_TRANSACTION,1,1,210,0,0,0
pay_00003881,2072.28,UPI,DIGITAL_SERVICES,10.4_FRAUDULENT_TRANSACTION,1,0,856,0,0,0
pay_00003882,4859.35,CREDIT_CARD,GAMING,10.5_VISA_EASY_PAYMENT,1,1,781,0,0,0
pay_00003883,473.55,UPI,RETAIL,10.4_FRAUDULENT_TRANSACTION,1,0,44,0,0,0
pay_00003884,3359.73,UPI,DIGITAL_SERVICES,13.1_MERCHANDISE_NOT_RECEIVED,1,2,465,0,0,0
pay_00003885,4184.08,NETBANKING,GAMING,10.4_FRAUDULENT_TRANSACTION,1,1,762,0,0,0
pay_00003886,3822.94,CREDIT_CARD,RETAIL,13.1_MERCHANDISE_NOT_RECEIVED,1,1,529,0,0,0
pay_00003887,1613.49,UPI,RETAIL,13.1_MERCHANDISE_NOT_RECEIVED,1,0,331,0,0,0
pay_00003888,1590.65,UPI,ELECTRONICS,10.4_FRAUDULENT_TRANSACTION,1,0,657,0,0,0
pay_00003889,874.29,CREDIT_CARD,RETAIL,10.4_FRAUDULENT_TRANSACTION,1,1,308,2,0,0
pay_00003890,2193.9,DEBIT_CARD,TRAVEL,10.4_FRAUDULENT_TRANSACTION,1,1,689,0,0,0
pay_00003891,1236.67,DEBIT_CARD,RETAIL,10.4_FRAUDULENT_TRANSACTION,1,1,851,0,0,0
pay_00003892,1797.19,UPI,TRAVEL,10.4_FRAUDULENT_TRANSACTION,1,1,71,1,0,0
pay_00003893,939.13,NETBANKING,DIGITAL_SERVICES,10.4_FRAUDULENT_TRANSACTION,1,0,915,1,0,1
pay_00003894,2072.34,CREDIT_CARD,DIGITAL_SERVICES,10.4_FRAUDULENT_TRANSACTION,1,0,892,0,0,0
pay_00003895,2709.93,CREDIT_CARD,TRAVEL,10.4_FRAUDULENT_TRANSACTION,1,2,290,0,0,0
pay_00003896,337.5,CREDIT_CARD,ELECTRONICS,13.1_MERCHANDISE_NOT_RECEIVED,1,0,221,0,0,0
pay_00003897,2784.01,UPI,ELECTRONICS,10.4_FRAUDULENT_TRANSACTION,0,1,670,0,0,0
pay_00003898,1265.76,WALLET,DIGITAL_SERVICES,10.4_FRAUDULENT_TRANSACTION,0,0,618,0,1,0
pay_00003899,2893.27,UPI,RETAIL,13.1_MERCHANDISE_NOT_RECEIVED,0,0,511,0,0,0
pay_00003900,946.61,UPI,DIGITAL_SERVICES,13.1_MERCHANDISE_NOT_RECEIVED,1,1,541,1,0,0
pay_00003901,814.73,DEBIT_CARD,DIGITAL_SERVICES,10.5_VISA_EASY_PAYMENT,1,1,486,0,0,0
pay_00003902,3798.73,CREDIT_CARD,TRAVEL,13.3_NOT_AS_DESCRIBED,1,2,176,0,1,0
pay_00003903,533.86,DEBIT_CARD,ELECTRONICS,13.1_MERCHANDISE_NOT_RECEIVED,1,0,392,0,0,0
pay_00003904,2888.89,CREDIT_CARD,TRAVEL,10.4_FRAUDULENT_TRANSACTION,1,0,580,0,0,0
pay_00003905,1092.53,UPI,DIGITAL_SERVICES,13.1_MERCHANDISE_NOT_RECEIVED,1,1,92,0,1,0
pay_00003906,1182.61,NETBANKING,GAMING,13.1_MERCHANDISE_NOT_RECEIVED,1,0,308,0,0,0
pay_00003907,653.27,UPI,RETAIL,13.3_NOT_AS_DESCRIBED,1,1,587,0,0,0
pay_00003908,1376.61,NETBANKING,DIGITAL_SERVICES,10.4_FRAUDULENT_TRANSACTION,1,1,338,0,0,0
pay_00003909,690.03,UPI,TRAVEL,13.1_MERCHANDISE_NOT_RECEIVED,1,0,597,0,0,0
pay_00003910,160.09,DEBIT_CARD,GAMING,13.1_MERCHANDISE_NOT_RECEIVED,1,0,879,0,0,0
pay_00003911,576.18,UPI,GAMING,10.4_FRAUDULENT_TRANSACTION,0,0,58,0,0,0
pay_00003912,109.6,CREDIT_CARD,DIGITAL_SERVICES,13.1_MERCHANDISE_NOT_RECEIVED,1,1,61,0,0,0
pay_00003913,5849.46,NETBANKING,ELECTRONICS,10.4_FRAUDULENT_TRANSACTION,1,0,424,0,0,0
pay_00003914,5160.98,UPI,GAMING,13.1_MERCHANDISE_NOT_RECEIVED,1,2,608,0,0,0
pay_00003915,854.18,DEBIT_CARD,RETAIL,13.1_MERCHANDISE_NOT_RECEIVED,1,0,273,0,0,0
pay_00003916,2054.98,DEBIT_CARD,TRAVEL,10.4_FRAUDULENT_TRANSACTION,1,1,226,0,0,0
pay_00003917,736.53,DEBIT_CARD,TRAVEL,13.3_NOT_AS_DESCRIBED,1,0,337,0,0,0
pay_00003918,1767.97,NETBANKING,TRAVEL,13.3_NOT_AS_DESCRIBED,0,0,527,2,0,0
pay_00003919,2555.45,UPI,DIGITAL_SERVICES,10.4_FRAUDULENT_TRANSACTION,1,1,724,0,1,0
pay_00003920,4499.31,UPI,TRAVEL,10.4_FRAUDULENT_TRANSACTION,1,0,359,0,0,0
pay_00003921,866.77,UPI,TRAVEL,13.1_MERCHANDISE_NOT_RECEIVED,1,0,907,0,0,0
pay_00003922,2393.85,UPI,RETAIL,10.4_FRAUDULENT_TRANSACTION,1,0,339,0,0,0
pay_00003923,563.72,UPI,ELECTRONICS,10.4_FRAUDULENT_TRANSACTION,1,0,864,0,0,0
pay_00003924,7058.45,CREDIT_CARD,DIGITAL_SERVICES,13.3_NOT_AS_DESCRIBED,1,0,984,0,0,0
pay_00003925,139.16,UPI,DIGITAL_SERVICES,10.5_VISA_EASY_PAYMENT,1,1,838,1,0,0
pay_00003926,1487.73,UPI,TRAVEL,10.4_FRAUDULENT_TRANSACTION,0,0,338,0,1,0
pay_00003927,1716.04,UPI,RETAIL,10.4_FRAUDULENT_TRANSACTION,1,1,489,0,1,0
pay_00003928,1847.35,DEBIT_CARD,GAMING,13.1_MERCHANDISE_NOT_RECEIVED,0,0,377,0,0,0
pay_00003929,292.41,CREDIT_CARD,TRAVEL,13.1_MERCHANDISE_NOT_RECEIVED,1,0,688,1,1,1
pay_00003930,4283.8,UPI,TRAVEL,13.3_NOT_AS_DESCRIBED,1,1,269,0,1,0
pay_00003931,399.84,NETBANKING,DIGITAL_SERVICES,10.4_FRAUDULENT_TRANSACTION,1,2,631,0,0,0
pay_00003932,1562.28,UPI,DIGITAL_SERVICES,13.1_MERCHANDISE_NOT_RECEIVED,1,0,154,0,0,0
pay_00003933,477.85,WALLET,TRAVEL,10.4_FRAUDULENT_TRANSACTION,1,1,8,2,0,0
pay_00003934,650.56,CREDIT_CARD,DIGITAL_SERVICES,13.1_MERCHANDISE_NOT_RECEIVED,1,0,282,0,0,1
pay_00003935,1286.0,UPI,RETAIL,10.4_FRAUDULENT_TRANSACTION,1,1,881,0,0,0
pay_00003936,909.85,CREDIT_CARD,GAMING,13.3_NOT_AS_DESCRIBED,1,0,398,0,0,0
pay_00003937,361.93,DEBIT_CARD,GAMING,13.1_MERCHANDISE_NOT_RECEIVED,1,0,246,1,1,0
pay_00003938,381.19,UPI,GAMING,13.3_NOT_AS_DESCRIBED,1,0,937,3,0,0
pay_00003939,912.3,NETBANKING,TRAVEL,10.4_FRAUDULENT_TRANSACTION,1,0,134,0,0,0
pay_00003940,2223.79,UPI,TRAVEL,13.1_MERCHANDISE_NOT_RECEIVED,0,0,656,0,0,0
pay_00003941,3523.65,UPI,TRAVEL,10.5_VISA_EASY_PAYMENT,1,0,227,1,0,0
pay_00003942,231.82,UPI,RETAIL,10.5_VISA_EASY_PAYMENT,1,0,34,0,0,0
pay_00003943,849.1,UPI,GAMING,10.5_VISA_EASY_PAYMENT,1,0,296,0,0,0
pay_00003944,258.45,UPI,DIGITAL_SERVICES,10.4_FRAUDULENT_TRANSACTION,1,0,475,0,0,0
pay_00003945,125.1,NETBANKING,DIGITAL_SERVICES,10.4_FRAUDULENT_TRANSACTION,1,0,996,0,0,0
pay_00003946,1725.82,UPI,ELECTRONICS,10.4_FRAUDULENT_TRANSACTION,1,0,140,0,0,0
pay_00003947,1483.65,UPI,ELECTRONICS,10.4_FRAUDULENT_TRANSACTION,1,0,385,0,0,0
pay_00003948,366.93,CREDIT_CARD,DIGITAL_SERVICES,10.4_FRAUDULENT_TRANSACTION,1,1,285,0,0,0
pay_00003949,499.49,NETBANKING,GAMING,13.1_MERCHANDISE_NOT_RECEIVED,1,0,209,0,0,0
pay_00003950,135.99,WALLET,TRAVEL,13.3_NOT_AS_DESCRIBED,1,0,82,0,0,0
pay_00003951,2802.23,DEBIT_CARD,DIGITAL_SERVICES,13.1_MERCHANDISE_NOT_RECEIVED,1,1,433,0,0,0
pay_00003952,5614.87,WALLET,DIGITAL_SERVICES,13.3_NOT_AS_DESCRIBED,1,1,760,0,1,0
pay_00003953,318.34,DEBIT_CARD,ELECTRONICS,10.4_FRAUDULENT_TRANSACTION,1,0,400,0,0,0
pay_00003954,494.92,WALLET,GAMING,13.3_NOT_AS_DESCRIBED,1,0,355,0,0,0
pay_00003955,3142.09,DEBIT_CARD,DIGITAL_SERVICES,10.4_FRAUDULENT_TRANSACTION,1,0,649,1,0,0
pay_00003956,4014.97,UPI,TRAVEL,10.4_FRAUDULENT_TRANSACTION,1,0,955,0,0,0
pay_00003957,916.13,UPI,TRAVEL,10.4_FRAUDULENT_TRANSACTION,0,2,364,0,1,1
pay_00003958,177.92,CREDIT_CARD,RETAIL,13.3_NOT_AS_DESCRIBED,1,1,295,1,1,0
pay_00003959,160.28,UPI,TRAVEL,10.5_VISA_EASY_PAYMENT,1,0,422,0,0,0
pay_00003960,1379.8,UPI,DIGITAL_SERVICES,10.4_FRAUDULENT_TRANSACTION,1,1,6,0,0,0
pay_00003961,848.58,CREDIT_CARD,DIGITAL_SERVICES,10.4_FRAUDULENT_TRANSACTION,1,0,858,0,1,0
pay_00003962,143.61,NETBANKING,TRAVEL,13.1_MERCHANDISE_NOT_RECEIVED,0,0,593,0,0,0
pay_00003963,1412.91,UPI,ELECTRONICS,13.1_MERCHANDISE_NOT_RECEIVED,1,0,856,0,0,0
pay_00003964,117.05,DEBIT_CARD,GAMING,13.1_MERCHANDISE_NOT_RECEIVED,1,0,586,0,0,0
pay_00003965,2422.32,DEBIT_CARD,DIGITAL_SERVICES,10.4_FRAUDULENT_TRANSACTION,1,0,480,0,0,0
pay_00003966,648.86,WALLET,TRAVEL,13.3_NOT_AS_DESCRIBED,0,0,827,0,0,0
pay_00003967,161.64,NETBANKING,TRAVEL,10.4_FRAUDULENT_TRANSACTION,0,0,515,0,1,1
pay_00003968,1431.38,DEBIT_CARD,DIGITAL_SERVICES,10.4_FRAUDULENT_TRANSACTION,0,0,915,0,0,1
pay_00003969,860.46,CREDIT_CARD,RETAIL,10.4_FRAUDULENT_TRANSACTION,1,1,227,0,0,0
pay_00003970,5563.02,UPI,GAMING,10.5_VISA_EASY_PAYMENT,1,0,667,0,0,1
pay_00003971,1278.55,CREDIT_CARD,DIGITAL_SERVICES,10.4_FRAUDULENT_TRANSACTION,1,0,281,1,0,1
pay_00003972,582.87,DEBIT_CARD,TRAVEL,13.1_MERCHANDISE_NOT_RECEIVED,1,0,725,0,0,1
pay_00003973,1953.91,NETBANKING,RETAIL,10.4_FRAUDULENT_TRANSACTION,1,1,706,0,0,0
pay_00003974,575.14,DEBIT_CARD,DIGITAL_SERVICES,10.4_FRAUDULENT_TRANSACTION,1,3,340,0,0,1
pay_00003975,3618.92,UPI,GAMING,10.5_VISA_EASY_PAYMENT,1,1,407,2,0,0
pay_00003976,804.34,CREDIT_CARD,RETAIL,10.4_FRAUDULENT_TRANSACTION,1,1,892,0,0,0
pay_00003977,1297.32,UPI,TRAVEL,13.3_NOT_AS_DESCRIBED,1,0,575,0,0,0
pay_00003978,177.85,UPI,ELECTRONICS,10.5_VISA_EASY_PAYMENT,1,0,442,0,0,0
pay_00003979,933.01,UPI,GAMING,13.1_MERCHANDISE_NOT_RECEIVED,1,0,737,0,0,0
pay_00003980,2778.94,UPI,RETAIL,10.4_FRAUDULENT_TRANSACTION,1,1,818,0,0,0
pay_00003981,2557.13,DEBIT_CARD,DIGITAL_SERVICES,13.3_NOT_AS_DESCRIBED,1,0,392,0,0,0
pay_00003982,481.02,UPI,DIGITAL_SERVICES,13.3_NOT_AS_DESCRIBED,1,0,888,0,0,0
pay_00003983,484.43,UPI,RETAIL,10.5_VISA_EASY_PAYMENT,1,0,435,0,0,0
pay_00003984,2649.91,WALLET,DIGITAL_SERVICES,13.3_NOT_AS_DESCRIBED,1,0,101,0,0,0
pay_00003985,4097.45,UPI,RETAIL,10.4_FRAUDULENT_TRANSACTION,1,0,248,0,0,0
pay_00003986,250.33,UPI,GAMING,13.1_MERCHANDISE_NOT_RECEIVED,1,0,298,2,0,0
pay_00003987,996.92,UPI,DIGITAL_SERVICES,10.4_FRAUDULENT_TRANSACTION,1,1,990,0,0,0
pay_00003988,717.5,UPI,GAMING,10.4_FRAUDULENT_TRANSACTION,0,0,831,0,0,0
pay_00003989,3168.3,UPI,TRAVEL,13.1_MERCHANDISE_NOT_RECEIVED,1,1,415,0,0,0
pay_00003990,230.83,UPI,TRAVEL,13.3_NOT_AS_DESCRIBED,1,0,105,0,0,0
pay_00003991,455.72,CREDIT_CARD,TRAVEL,13.1_MERCHANDISE_NOT_RECEIVED,1,0,59,0,0,0
pay_00003992,2194.33,UPI,TRAVEL,13.3_NOT_AS_DESCRIBED,1,0,210,0,0,0
pay_00003993,178.98,UPI,DIGITAL_SERVICES,10.4_FRAUDULENT_TRANSACTION,1,0,95,0,0,0
pay_00003994,1117.49,NETBANKING,RETAIL,10.4_FRAUDULENT_TRANSACTION,0,1,602,0,0,0
pay_00003995,975.38,UPI,DIGITAL_SERVICES,10.4_FRAUDULENT_TRANSACTION,1,0,344,0,0,0
pay_00003996,710.6,NETBANKING,DIGITAL_SERVICES,10.4_FRAUDULENT_TRANSACTION,1,0,51,0,0,0
pay_00003997,852.73,UPI,GAMING,10.4_FRAUDULENT_TRANSACTION,1,0,953,0,1,0
pay_00003998,1232.34,UPI,RETAIL,10.5_VISA_EASY_PAYMENT,1,1,901,0,0,0
pay_00003999,363.97,DEBIT_CARD,ELECTRONICS,13.1_MERCHANDISE_NOT_RECEIVED,1,1,501,1,0,0
pay_00004000,1372.93,UPI,ELECTRONICS,10.4_FRAUDULENT_TRANSACTION,1,0,715,0,1,0
pay_00004001,2555.46,UPI,RETAIL,10.4_FRAUDULENT_TRANSACTION,1,1,564,0,0,0
pay_00004002,2241.68,CREDIT_CARD,ELECTRONICS,13.1_MERCHANDISE_NOT_RECEIVED,0,3,984,0,1,1
pay_00004003,350.68,UPI,RETAIL,10.4_FRAUDULENT_TRANSACTION,1,0,705,0,0,0
pay_00004004,342.45,DEBIT_CARD,GAMING,13.1_MERCHANDISE_NOT_RECEIVED,1,0,140,2,0,0
pay_00004005,568.32,NETBANKING,GAMING,10.4_FRAUDULENT_TRANSACTION,1,0,102,0,0,0
pay_00004006,771.95,UPI,DIGITAL_SERVICES,10.4_FRAUDULENT_TRANSACTION,0,0,919,0,0,0
pay_00004007,887.53,CREDIT_CARD,ELECTRONICS,13.1_MERCHANDISE_NOT_RECEIVED,1,0,120,0,0,0
pay_00004008,1807.73,CREDIT_CARD,RETAIL,13.1_MERCHANDISE_NOT_RECEIVED,1,1,308,0,0,0
pay_00004009,187.53,WALLET,GAMING,10.4_FRAUDULENT_TRANSACTION,1,0,876,3,0,0
pay_00004010,152.93,DEBIT_CARD,DIGITAL_SERVICES,10.5_VISA_EASY_PAYMENT,0,1,473,0,1,1
pay_00004011,846.15,NETBANKING,ELECTRONICS,10.4_FRAUDULENT_TRANSACTION,1,0,447,0,0,0
pay_00004012,1891.84,UPI,ELECTRONICS,10.4_FRAUDULENT_TRANSACTION,1,1,76,0,0,0
pay_00004013,422.46,DEBIT_CARD,ELECTRONICS,13.1_MERCHANDISE_NOT_RECEIVED,1,1,643,0,0,0
pay_00004014,1638.76,UPI,GAMING,13.1_MERCHANDISE_NOT_RECEIVED,0,0,152,0,0,0
pay_00004015,551.31,UPI,GAMING,10.4_FRAUDULENT_TRANSACTION,1,1,730,0,0,0
pay_00004016,3358.47,NETBANKING,ELECTRONICS,13.1_MERCHANDISE_NOT_RECEIVED,1,1,591,0,0,0
pay_00004017,3490.58,UPI,GAMING,10.4_FRAUDULENT_TRANSACTION,1,1,863,0,0,0
pay_00004018,629.21,WALLET,ELECTRONICS,10.5_VISA_EASY_PAYMENT,1,2,491,0,0,0
pay_00004019,492.03,UPI,TRAVEL,13.1_MERCHANDISE_NOT_RECEIVED,1,0,938,0,1,1
pay_00004020,894.77,DEBIT_CARD,GAMING,10.4_FRAUDULENT_TRANSACTION,1,0,405,0,0,0
pay_00004021,512.7,UPI,RETAIL,10.4_FRAUDULENT_TRANSACTION,1,0,252,0,0,0
pay_00004022,1773.87,UPI,GAMING,13.1_MERCHANDISE_NOT_RECEIVED,1,0,725,0,0,0
pay_00004023,2723.61,UPI,ELECTRONICS,13.1_MERCHANDISE_NOT_RECEIVED,1,0,375,0,0,0
pay_00004024,1777.12,CREDIT_CARD,RETAIL,13.3_NOT_AS_DESCRIBED,1,0,341,0,0,0
pay_00004025,2708.9,UPI,DIGITAL_SERVICES,10.5_VISA_EASY_PAYMENT,1,0,119,0,0,0
pay_00004026,858.74,CREDIT_CARD,RETAIL,10.4_FRAUDULENT_TRANSACTION,1,2,153,0,0,0
pay_00004027,354.97,UPI,RETAIL,13.3_NOT_AS_DESCRIBED,1,0,524,0,1,0
pay_00004028,2108.84,UPI,GAMING,13.1_MERCHANDISE_NOT_RECEIVED,1,0,816,0,0,0
pay_00004029,770.54,UPI,RETAIL,10.4_FRAUDULENT_TRANSACTION,1,0,613,0,0,0
pay_00004030,1768.78,UPI,RETAIL,13.1_MERCHANDISE_NOT_RECEIVED,1,1,722,0,0,0
pay_00004031,573.39,DEBIT_CARD,ELECTRONICS,10.4_FRAUDULENT_TRANSACTION,1,0,74,0,0,1
pay_00004032,227.08,NETBANKING,GAMING,10.4_FRAUDULENT_TRANSACTION,1,0,710,0,0,0
pay_00004033,7455.73,UPI,ELECTRONICS,13.3_NOT_AS_DESCRIBED,1,1,697,0,0,0
pay_00004034,354.76,CREDIT_CARD,GAMING,13.1_MERCHANDISE_NOT_RECEIVED,1,0,797,0,0,0
pay_00004035,6787.84,DEBIT_CARD,DIGITAL_SERVICES,10.5_VISA_EASY_PAYMENT,1,0,157,0,0,0
pay_00004036,5776.76,UPI,RETAIL,10.4_FRAUDULENT_TRANSACTION,1,0,221,0,0,0
pay_00004037,2468.49,UPI,GAMING,10.4_FRAUDULENT_TRANSACTION,1,2,174,0,0,0
pay_00004038,1715.67,CREDIT_CARD,RETAIL,10.4_FRAUDULENT_TRANSACTION,1,0,238,0,0,0
pay_00004039,1393.44,UPI,RETAIL,10.4_FRAUDULENT_TRANSACTION,1,0,521,0,0,0
pay_00004040,3116.01,UPI,TRAVEL,10.5_VISA_EASY_PAYMENT,1,1,764,0,0,0
pay_00004041,612.55,UPI,ELECTRONICS,10.4_FRAUDULENT_TRANSACTION,1,1,544,0,0,0
pay_00004042,1045.77,CREDIT_CARD,GAMING,13.1_MERCHANDISE_NOT_RECEIVED,1,3,496,0,0,1
pay_00004043,1548.97,UPI,DIGITAL_SERVICES,13.1_MERCHANDISE_NOT_RECEIVED,1,0,141,0,0,0
pay_00004044,894.48,UPI,TRAVEL,13.3_NOT_AS_DESCRIBED,1,1,878,0,0,0
pay_00004045,936.58,UPI,ELECTRONICS,13.1_MERCHANDISE_NOT_RECEIVED,1,1,181,0,0,0
pay_00004046,701.35,UPI,DIGITAL_SERVICES,13.1_MERCHANDISE_NOT_RECEIVED,1,0,843,0,0,0
pay_00004047,1345.97,UPI,DIGITAL_SERVICES,13.3_NOT_AS_DESCRIBED,0,1,98,0,0,0
pay_00004048,2951.44,NETBANKING,RETAIL,10.4_FRAUDULENT_TRANSACTION,0,1,310,0,1,1
pay_00004049,437.58,UPI,ELECTRONICS,10.5_VISA_EASY_PAYMENT,1,0,380,0,0,0
pay_00004050,4187.03,CREDIT_CARD,TRAVEL,13.3_NOT_AS_DESCRIBED,1,0,372,0,0,0
pay_00004051,1852.37,UPI,GAMING,10.4_FRAUDULENT_TRANSACTION,0,1,413,1,0,0
pay_00004052,2699.73,CREDIT_CARD,GAMING,13.1_MERCHANDISE_NOT_RECEIVED,1,1,691,0,0,0
pay_00004053,1318.54,CREDIT_CARD,TRAVEL,13.3_NOT_AS_DESCRIBED,1,0,460,0,0,0
pay_00004054,2367.9,UPI,RETAIL,13.3_NOT_AS_DESCRIBED,1,0,177,0,0,0
pay_00004055,124.5,DEBIT_CARD,RETAIL,10.4_FRAUDULENT_TRANSACTION,1,0,863,0,0,0
pay_00004056,2658.76,UPI,DIGITAL_SERVICES,13.1_MERCHANDISE_NOT_RECEIVED,1,0,937,0,0,0
pay_00004057,161.45,DEBIT_CARD,ELECTRONICS,10.4_FRAUDULENT_TRANSACTION,1,0,470,0,0,0
pay_00004058,3409.73,UPI,DIGITAL_SERVICES,10.4_FRAUDULENT_TRANSACTION,0,0,730,0,0,0
pay_00004059,7335.5,WALLET,GAMING,13.3_NOT_AS_DESCRIBED,1,1,780,0,0,0
pay_00004060,622.35,DEBIT_CARD,TRAVEL,13.3_NOT_AS_DESCRIBED,1,0,803,0,0,0
pay_00004061,454.19,WALLET,ELECTRONICS,13.1_MERCHANDISE_NOT_RECEIVED,1,0,369,0,0,0
pay_00004062,2274.58,CREDIT_CARD,TRAVEL,13.1_MERCHANDISE_NOT_RECEIVED,1,0,486,2,0,0
pay_00004063,537.59,UPI,ELECTRONICS,13.1_MERCHANDISE_NOT_RECEIVED,0,0,772,0,0,0
pay_00004064,3109.98,DEBIT_CARD,GAMING,10.5_VISA_EASY_PAYMENT,1,0,557,0,0,0
pay_00004065,262.79,NETBANKING,GAMING,10.4_FRAUDULENT_TRANSACTION,1,0,817,0,0,0
pay_00004066,301.94,WALLET,ELECTRONICS,10.4_FRAUDULENT_TRANSACTION,1,0,970,0,0,0
pay_00004067,5905.71,UPI,RETAIL,13.3_NOT_AS_DESCRIBED,1,1,244,0,0,0
pay_00004068,1780.55,DEBIT_CARD,ELECTRONICS,10.4_FRAUDULENT_TRANSACTION,1,0,127,0,0,0
pay_00004069,2914.87,UPI,GAMING,10.4_FRAUDULENT_TRANSACTION,1,0,658,0,0,0
pay_00004070,688.07,CREDIT_CARD,TRAVEL,13.1_MERCHANDISE_NOT_RECEIVED,1,0,814,0,0,0
pay_00004071,1792.76,UPI,DIGITAL_SERVICES,13.1_MERCHANDISE_NOT_RECEIVED,1,0,112,0,0,0
pay_00004072,1453.0,UPI,TRAVEL,10.4_FRAUDULENT_TRANSACTION,1,0,979,0,1,0
pay_00004073,1486.3,NETBANKING,GAMING,13.3_NOT_AS_DESCRIBED,1,0,442,1,0,0
pay_00004074,1821.07,UPI,TRAVEL,10.4_FRAUDULENT_TRANSACTION,1,0,271,1,0,0
pay_00004075,1384.77,CREDIT_CARD,RETAIL,10.4_FRAUDULENT_TRANSACTION,1,0,314,0,0,0
pay_00004076,940.71,CREDIT_CARD,RETAIL,10.4_FRAUDULENT_TRANSACTION,1,0,663,0,0,0
pay_00004077,584.29,UPI,ELECTRONICS,10.4_FRAUDULENT_TRANSACTION,0,1,407,0,0,0
pay_00004078,2295.29,UPI,TRAVEL,13.1_MERCHANDISE_NOT_RECEIVED,1,1,853,0,0,0
pay_00004079,484.8,CREDIT_CARD,TRAVEL,10.4_FRAUDULENT_TRANSACTION,1,0,922,0,0,0
pay_00004080,1868.21,UPI,GAMING,13.3_NOT_AS_DESCRIBED,1,0,237,2,0,0
pay_00004081,498.55,DEBIT_CARD,ELECTRONICS,13.3_NOT_AS_DESCRIBED,1,0,162,0,0,0
pay_00004082,1572.57,WALLET,ELECTRONICS,10.4_FRAUDULENT_TRANSACTION,1,1,381,0,0,0
pay_00004083,2162.01,UPI,TRAVEL,10.4_FRAUDULENT_TRANSACTION,1,0,809,0,0,0
pay_00004084,470.22,UPI,DIGITAL_SERVICES,10.4_FRAUDULENT_TRANSACTION,1,1,461,0,1,1
pay_00004085,192.72,UPI,TRAVEL,13.1_MERCHANDISE_NOT_RECEIVED,1,0,313,0,0,0
pay_00004086,310.57,DEBIT_CARD,TRAVEL,10.4_FRAUDULENT_TRANSACTION,1,1,281,1,0,0
pay_00004087,1497.1,UPI,TRAVEL,13.3_NOT_AS_DESCRIBED,1,1,950,0,1,0
pay_00004088,2940.15,UPI,RETAIL,10.4_FRAUDULENT_TRANSACTION,1,1,556,0,0,0
pay_00004089,169.06,CREDIT_CARD,ELECTRONICS,10.5_VISA_EASY_PAYMENT,1,2,993,0,0,0
pay_00004090,2087.24,WALLET,RETAIL,13.1_MERCHANDISE_NOT_RECEIVED,1,0,732,1,1,0
pay_00004091,726.27,UPI,DIGITAL_SERVICES,13.3_NOT_AS_DESCRIBED,1,1,141,2,0,0
pay_00004092,1076.65,UPI,GAMING,13.1_MERCHANDISE_NOT_RECEIVED,1,2,54,0,0,0
pay_00004093,4064.65,WALLET,DIGITAL_SERVICES,13.1_MERCHANDISE_NOT_RECEIVED,1,0,539,0,1,0
pay_00004094,705.14,CREDIT_CARD,ELECTRONICS,13.1_MERCHANDISE_NOT_RECEIVED,1,0,520,2,0,1
pay_00004095,1039.18,DEBIT_CARD,GAMING,13.3_NOT_AS_DESCRIBED,1,3,484,0,0,0
pay_00004096,120.67,CREDIT_CARD,DIGITAL_SERVICES,13.1_MERCHANDISE_NOT_RECEIVED,0,1,502,0,0,0
pay_00004097,227.68,WALLET,ELECTRONICS,13.3_NOT_AS_DESCRIBED,1,1,171,0,0,0
pay_00004098,548.81,CREDIT_CARD,DIGITAL_SERVICES,10.4_FRAUDULENT_TRANSACTION,1,0,376,0,1,0
pay_00004099,142.37,NETBANKING,GAMING,10.4_FRAUDULENT_TRANSACTION,1,1,710,0,0,0
pay_00004100,1596.96,CREDIT_CARD,GAMING,10.4_FRAUDULENT_TRANSACTION,1,0,77,0,0,0
pay_00004101,933.73,DEBIT_CARD,DIGITAL_SERVICES,13.3_NOT_AS_DESCRIBED,1,0,852,2,0,1
pay_00004102,1291.59,UPI,RETAIL,10.4_FRAUDULENT_TRANSACTION,0,2,183,0,0,0
pay_00004103,387.92,UPI,DIGITAL_SERVICES,13.3_NOT_AS_DESCRIBED,1,1,704,0,0,1
pay_00004104,626.32,DEBIT_CARD,DIGITAL_SERVICES,10.4_FRAUDULENT_TRANSACTION,1,0,5,0,0,0
pay_00004105,1735.18,UPI,DIGITAL_SERVICES,10.4_FRAUDULENT_TRANSACTION,1,1,571,0,0,0
pay_00004106,5141.64,CREDIT_CARD,RETAIL,10.4_FRAUDULENT_TRANSACTION,0,1,237,0,0,0
pay_00004107,177.6,UPI,TRAVEL,10.4_FRAUDULENT_TRANSACTION,1,1,667,0,0,0
pay_00004108,3416.16,DEBIT_CARD,GAMING,13.1_MERCHANDISE_NOT_RECEIVED,0,0,499,0,1,0
pay_00004109,1390.15,UPI,ELECTRONICS,10.4_FRAUDULENT_TRANSACTION,1,1,19,0,0,0
pay_00004110,1344.89,DEBIT_CARD,GAMING,10.4_FRAUDULENT_TRANSACTION,1,1,65,0,0,0
pay_00004111,1140.56,CREDIT_CARD,GAMING,13.3_NOT_AS_DESCRIBED,1,0,836,0,0,0
pay_00004112,207.88,UPI,TRAVEL,10.4_FRAUDULENT_TRANSACTION,0,1,322,0,0,0
pay_00004113,241.26,CREDIT_CARD,GAMING,10.4_FRAUDULENT_TRANSACTION,1,1,236,0,0,0
pay_00004114,1477.86,UPI,GAMING,13.3_NOT_AS_DESCRIBED,1,1,666,0,0,0
pay_00004115,725.45,UPI,RETAIL,10.4_FRAUDULENT_TRANSACTION,1,1,289,0,0,0
pay_00004116,3838.22,UPI,RETAIL,10.4_FRAUDULENT_TRANSACTION,1,0,236,0,0,0
pay_00004117,882.81,UPI,RETAIL,10.4_FRAUDULENT_TRANSACTION,1,0,749,0,0,0
pay_00004118,331.97,WALLET,RETAIL,10.4_FRAUDULENT_TRANSACTION,1,0,422,0,0,0
pay_00004119,1981.42,UPI,RETAIL,10.4_FRAUDULENT_TRANSACTION,0,0,391,0,0,0
pay_00004120,620.84,CREDIT_CARD,ELECTRONICS,10.4_FRAUDULENT_TRANSACTION,1,1,733,0,1,1
pay_00004121,1218.15,UPI,TRAVEL,10.4_FRAUDULENT_TRANSACTION,1,0,756,0,0,0
pay_00004122,1895.16,CREDIT_CARD,DIGITAL_SERVICES,10.4_FRAUDULENT_TRANSACTION,1,0,5,0,0,0
pay_00004123,3557.84,UPI,RETAIL,10.4_FRAUDULENT_TRANSACTION,1,0,137,0,0,0
pay_00004124,2456.71,CREDIT_CARD,TRAVEL,10.4_FRAUDULENT_TRANSACTION,1,0,397,0,0,1
pay_00004125,1792.19,DEBIT_CARD,DIGITAL_SERVICES,10.4_FRAUDULENT_TRANSACTION,1,2,750,0,0,1
pay_00004126,1807.43,CREDIT_CARD,GAMING,10.4_FRAUDULENT_TRANSACTION,0,0,936,0,0,0
pay_00004127,4476.07,UPI,GAMING,13.1_MERCHANDISE_NOT_RECEIVED,1,0,48,0,1,0
pay_00004128,626.09,CREDIT_CARD,TRAVEL,13.3_NOT_AS_DESCRIBED,1,0,558,0,0,0
pay_00004129,101.67,UPI,ELECTRONICS,13.1_MERCHANDISE_NOT_RECEIVED,1,1,64,0,0,0
pay_00004130,576.09,UPI,ELECTRONICS,13.3_NOT_AS_DESCRIBED,1,2,704,1,0,0
pay_00004131,468.64,UPI,TRAVEL,13.1_MERCHANDISE_NOT_RECEIVED,0,0,541,0,0,0
pay_00004132,1726.33,UPI,ELECTRONICS,13.1_MERCHANDISE_NOT_RECEIVED,1,1,530,0,0,0
pay_00004133,1606.5,UPI,ELECTRONICS,10.4_FRAUDULENT_TRANSACTION,1,0,670,0,0,0
pay_00004134,1450.11,DEBIT_CARD,GAMING,10.4_FRAUDULENT_TRANSACTION,1,2,714,0,0,0
pay_00004135,124.57,UPI,ELECTRONICS,10.4_FRAUDULENT_TRANSACTION,0,0,19,1,1,0
pay_00004136,2057.23,UPI,ELECTRONICS,10.4_FRAUDULENT_TRANSACTION,0,1,176,0,0,0
pay_00004137,686.3,UPI,TRAVEL,10.5_VISA_EASY_PAYMENT,1,0,777,0,0,0
pay_00004138,1740.69,CREDIT_CARD,ELECTRONICS,10.5_VISA_EASY_PAYMENT,1,1,725,0,1,0
pay_00004139,1319.85,CREDIT_CARD,RETAIL,10.4_FRAUDULENT_TRANSACTION,0,0,513,0,0,0
pay_00004140,729.49,UPI,RETAIL,13.1_MERCHANDISE_NOT_RECEIVED,1,0,745,0,0,0
pay_00004141,316.8,DEBIT_CARD,TRAVEL,10.4_FRAUDULENT_TRANSACTION,1,0,760,0,0,0
pay_00004142,248.77,CREDIT_CARD,RETAIL,13.1_MERCHANDISE_NOT_RECEIVED,1,3,218,1,0,0
pay_00004143,2771.39,UPI,GAMING,13.1_MERCHANDISE_NOT_RECEIVED,1,0,974,0,0,0
pay_00004144,3858.84,CREDIT_CARD,TRAVEL,10.4_FRAUDULENT_TRANSACTION,1,0,551,1,0,0
pay_00004145,1673.83,CREDIT_CARD,ELECTRONICS,13.1_MERCHANDISE_NOT_RECEIVED,1,1,733,0,1,1
pay_00004146,263.78,CREDIT_CARD,RETAIL,13.1_MERCHANDISE_NOT_RECEIVED,1,0,567,0,0,0
pay_00004147,871.32,UPI,GAMING,13.1_MERCHANDISE_NOT_RECEIVED,1,1,760,0,0,0
pay_00004148,2058.12,UPI,TRAVEL,10.4_FRAUDULENT_TRANSACTION,0,0,491,0,0,0
pay_00004149,2369.97,UPI,TRAVEL,10.5_VISA_EASY_PAYMENT,1,0,308,0,0,0
pay_00004150,288.72,CREDIT_CARD,ELECTRONICS,13.3_NOT_AS_DESCRIBED,1,2,455,0,0,0
pay_00004151,100.05,NETBANKING,DIGITAL_SERVICES,13.1_MERCHANDISE_NOT_RECEIVED,1,2,832,0,0,0
pay_00004152,1967.91,UPI,RETAIL,10.4_FRAUDULENT_TRANSACTION,0,0,24,0,0,1
pay_00004153,761.47,UPI,GAMING,10.4_FRAUDULENT_TRANSACTION,1,0,283,0,0,0
pay_00004154,540.51,DEBIT_CARD,TRAVEL,13.1_MERCHANDISE_NOT_RECEIVED,1,0,746,0,0,0
pay_00004155,119.47,DEBIT_CARD,RETAIL,10.4_FRAUDULENT_TRANSACTION,1,1,371,0,0,0
pay_00004156,1265.77,NETBANKING,GAMING,10.4_FRAUDULENT_TRANSACTION,0,1,578,0,0,0
pay_00004157,2957.23,CREDIT_CARD,GAMING,10.4_FRAUDULENT_TRANSACTION,0,1,706,0,0,0
pay_00004158,4842.03,NETBANKING,TRAVEL,10.4_FRAUDULENT_TRANSACTION,1,0,119,0,0,0
pay_00004159,1351.18,UPI,RETAIL,10.4_FRAUDULENT_TRANSACTION,1,1,249,0,1,0
pay_00004160,1183.74,UPI,GAMING,10.4_FRAUDULENT_TRANSACTION,1,3,62,0,0,0
pay_00004161,233.34,UPI,TRAVEL,10.4_FRAUDULENT_TRANSACTION,1,1,400,0,1,0
pay_00004162,1294.01,DEBIT_CARD,RETAIL,13.3_NOT_AS_DESCRIBED,1,1,140,0,0,0
pay_00004163,817.0,UPI,RETAIL,10.4_FRAUDULENT_TRANSACTION,1,0,552,0,0,0
pay_00004164,1501.43,UPI,TRAVEL,10.4_FRAUDULENT_TRANSACTION,1,1,218,0,0,0
pay_00004165,838.32,UPI,RETAIL,13.3_NOT_AS_DESCRIBED,1,1,10,1,0,0
pay_00004166,512.25,UPI,DIGITAL_SERVICES,10.4_FRAUDULENT_TRANSACTION,1,0,960,0,0,0
pay_00004167,249.67,NETBANKING,GAMING,10.4_FRAUDULENT_TRANSACTION,1,0,567,0,0,0
pay_00004168,667.33,UPI,GAMING,10.4_FRAUDULENT_TRANSACTION,1,0,847,0,0,0
pay_00004169,252.46,UPI,RETAIL,13.3_NOT_AS_DESCRIBED,0,0,89,0,0,1
pay_00004170,392.01,DEBIT_CARD,TRAVEL,13.1_MERCHANDISE_NOT_RECEIVED,1,0,516,0,0,0
pay_00004171,6653.51,UPI,ELECTRONICS,10.4_FRAUDULENT_TRANSACTION,1,1,474,0,0,0
pay_00004172,980.76,CREDIT_CARD,RETAIL,13.1_MERCHANDISE_NOT_RECEIVED,1,0,253,0,0,0
pay_00004173,1238.52,DEBIT_CARD,ELECTRONICS,10.5_VISA_EASY_PAYMENT,0,0,383,0,0,0
pay_00004174,3202.68,NETBANKING,RETAIL,10.4_FRAUDULENT_TRANSACTION,1,3,23,0,0,0
pay_00004175,8228.66,NETBANKING,ELECTRONICS,13.1_MERCHANDISE_NOT_RECEIVED,0,0,613,0,0,0
pay_00004176,1410.98,UPI,RETAIL,10.4_FRAUDULENT_TRANSACTION,1,0,561,0,0,0
pay_00004177,2610.76,CREDIT_CARD,TRAVEL,13.1_MERCHANDISE_NOT_RECEIVED,1,1,362,0,0,0
pay_00004178,693.88,UPI,ELECTRONICS,13.1_MERCHANDISE_NOT_RECEIVED,1,0,772,0,0,0
pay_00004179,647.37,UPI,DIGITAL_SERVICES,13.3_NOT_AS_DESCRIBED,1,1,385,0,1,0
pay_00004180,873.01,UPI,TRAVEL,13.1_MERCHANDISE_NOT_RECEIVED,0,1,961,0,0,0
pay_00004181,1774.43,UPI,RETAIL,13.1_MERCHANDISE_NOT_RECEIVED,0,0,679,0,0,0
pay_00004182,1819.46,NETBANKING,ELECTRONICS,10.4_FRAUDULENT_TRANSACTION,1,0,387,0,0,0
pay_00004183,668.03,UPI,GAMING,10.4_FRAUDULENT_TRANSACTION,1,0,240,0,0,0
pay_00004184,314.44,CREDIT_CARD,TRAVEL,13.1_MERCHANDISE_NOT_RECEIVED,1,0,825,0,0,1
pay_00004185,1601.12,UPI,ELECTRONICS,10.4_FRAUDULENT_TRANSACTION,1,0,315,0,0,0
pay_00004186,306.01,UPI,TRAVEL,10.4_FRAUDULENT_TRANSACTION,1,0,624,1,0,0
pay_00004187,1395.88,WALLET,ELECTRONICS,10.4_FRAUDULENT_TRANSACTION,1,1,207,0,0,0
pay_00004188,1873.43,UPI,GAMING,10.4_FRAUDULENT_TRANSACTION,1,3,759,0,0,0
pay_00004189,1909.02,CREDIT_CARD,DIGITAL_SERVICES,10.4_FRAUDULENT_TRANSACTION,1,0,235,0,0,0
pay_00004190,2200.42,UPI,GAMING,13.1_MERCHANDISE_NOT_RECEIVED,1,0,886,0,0,0
pay_00004191,3193.69,UPI,RETAIL,10.4_FRAUDULENT_TRANSACTION,1,1,274,0,0,0
pay_00004192,1139.6,UPI,TRAVEL,13.1_MERCHANDISE_NOT_RECEIVED,1,0,149,0,0,0
pay_00004193,2065.39,DEBIT_CARD,DIGITAL_SERVICES,10.4_FRAUDULENT_TRANSACTION,1,1,568,0,0,0
pay_00004194,1548.11,UPI,TRAVEL,13.3_NOT_AS_DESCRIBED,1,3,692,1,0,1
pay_00004195,409.87,UPI,ELECTRONICS,10.4_FRAUDULENT_TRANSACTION,1,0,894,0,0,0
pay_00004196,139.04,UPI,RETAIL,13.3_NOT_AS_DESCRIBED,1,0,904,0,0,0
pay_00004197,602.25,DEBIT_CARD,RETAIL,10.4_FRAUDULENT_TRANSACTION,0,0,281,0,0,0
pay_00004198,977.88,DEBIT_CARD,TRAVEL,13.1_MERCHANDISE_NOT_RECEIVED,1,0,160,2,0,0
pay_00004199,1540.0,CREDIT_CARD,RETAIL,10.4_FRAUDULENT_TRANSACTION,1,2,888,0,0,1
pay_00004200,2945.27,UPI,TRAVEL,13.1_MERCHANDISE_NOT_RECEIVED,1,1,70,0,0,0
pay_00004201,427.69,NETBANKING,ELECTRONICS,10.4_FRAUDULENT_TRANSACTION,1,0,808,0,1,0
pay_00004202,301.24,DEBIT_CARD,ELECTRONICS,10.4_FRAUDULENT_TRANSACTION,1,1,340,1,0,0
pay_00004203,5064.84,DEBIT_CARD,TRAVEL,10.4_FRAUDULENT_TRANSACTION,1,2,241,0,0,0
pay_00004204,271.51,DEBIT_CARD,GAMING,13.3_NOT_AS_DESCRIBED,1,1,925,0,0,0
pay_00004205,1076.54,CREDIT_CARD,GAMING,10.4_FRAUDULENT_TRANSACTION,1,0,709,0,1,1
pay_00004206,1421.25,UPI,ELECTRONICS,13.1_MERCHANDISE_NOT_RECEIVED,1,0,163,0,0,0
pay_00004207,1269.28,NETBANKING,DIGITAL_SERVICES,10.5_VISA_EASY_PAYMENT,1,2,83,0,0,0
pay_00004208,234.94,NETBANKING,GAMING,10.4_FRAUDULENT_TRANSACTION,1,0,615,0,0,0
pay_00004209,188.08,UPI,TRAVEL,10.5_VISA_EASY_PAYMENT,1,0,460,0,0,0
pay_00004210,267.21,UPI,ELECTRONICS,10.4_FRAUDULENT_TRANSACTION,1,0,161,0,0,1
pay_00004211,1421.34,WALLET,RETAIL,13.3_NOT_AS_DESCRIBED,1,0,867,0,0,0
pay_00004212,1279.03,UPI,RETAIL,10.5_VISA_EASY_PAYMENT,1,0,874,0,0,0
pay_00004213,499.35,NETBANKING,GAMING,10.5_VISA_EASY_PAYMENT,0,0,614,0,0,1
pay_00004214,1623.23,UPI,DIGITAL_SERVICES,10.4_FRAUDULENT_TRANSACTION,1,0,240,0,0,0
pay_00004215,2672.76,UPI,GAMING,13.3_NOT_AS_DESCRIBED,1,0,942,0,0,0
pay_00004216,163.7,UPI,DIGITAL_SERVICES,10.4_FRAUDULENT_TRANSACTION,1,0,712,1,0,1
pay_00004217,1134.12,UPI,GAMING,10.4_FRAUDULENT_TRANSACTION,1,0,486,0,0,0
pay_00004218,1853.44,UPI,RETAIL,10.4_FRAUDULENT_TRANSACTION,1,2,671,1,0,0
pay_00004219,536.15,UPI,DIGITAL_SERVICES,10.4_FRAUDULENT_TRANSACTION,1,1,203,0,0,0
pay_00004220,651.76,DEBIT_CARD,RETAIL,13.1_MERCHANDISE_NOT_RECEIVED,0,0,836,0,0,1
pay_00004221,1526.47,WALLET,TRAVEL,10.4_FRAUDULENT_TRANSACTION,1,0,424,0,0,0
pay_00004222,3523.22,UPI,TRAVEL,10.5_VISA_EASY_PAYMENT,0,0,197,0,0,0
pay_00004223,2590.5,CREDIT_CARD,ELECTRONICS,13.1_MERCHANDISE_NOT_RECEIVED,1,1,42,0,0,0
pay_00004224,1412.47,CREDIT_CARD,RETAIL,13.3_NOT_AS_DESCRIBED,1,0,214,1,0,0
pay_00004225,2065.23,CREDIT_CARD,RETAIL,13.3_NOT_AS_DESCRIBED,1,0,684,0,0,1
pay_00004226,780.78,CREDIT_CARD,ELECTRONICS,13.3_NOT_AS_DESCRIBED,1,1,253,0,0,1
pay_00004227,1636.51,UPI,TRAVEL,10.4_FRAUDULENT_TRANSACTION,0,2,17,0,0,0
pay_00004228,1041.55,UPI,TRAVEL,13.1_MERCHANDISE_NOT_RECEIVED,0,1,660,0,0,0
pay_00004229,415.96,UPI,DIGITAL_SERVICES,10.4_FRAUDULENT_TRANSACTION,1,0,116,0,0,0
pay_00004230,1914.68,UPI,DIGITAL_SERVICES,10.4_FRAUDULENT_TRANSACTION,1,3,892,0,0,0
pay_00004231,1319.47,DEBIT_CARD,TRAVEL,10.4_FRAUDULENT_TRANSACTION,0,1,204,0,0,0
pay_00004232,766.2,UPI,GAMING,13.1_MERCHANDISE_NOT_RECEIVED,0,1,693,0,0,0
pay_00004233,3734.41,NETBANKING,RETAIL,10.4_FRAUDULENT_TRANSACTION,1,1,812,0,0,0
pay_00004234,131.73,NETBANKING,DIGITAL_SERVICES,10.4_FRAUDULENT_TRANSACTION,1,2,913,0,0,0
pay_00004235,669.2,WALLET,GAMING,10.4_FRAUDULENT_TRANSACTION,1,0,795,0,0,0
pay_00004236,187.84,NETBANKING,DIGITAL_SERVICES,10.4_FRAUDULENT_TRANSACTION,1,0,151,2,0,0
pay_00004237,2282.04,UPI,ELECTRONICS,13.1_MERCHANDISE_NOT_RECEIVED,1,0,246,0,0,0
pay_00004238,1916.53,CREDIT_CARD,RETAIL,13.1_MERCHANDISE_NOT_RECEIVED,1,1,58,0,0,0
pay_00004239,703.75,UPI,DIGITAL_SERVICES,10.5_VISA_EASY_PAYMENT,1,0,709,0,1,0
pay_00004240,1788.96,DEBIT_CARD,TRAVEL,10.4_FRAUDULENT_TRANSACTION,1,0,507,0,0,0
pay_00004241,856.12,NETBANKING,ELECTRONICS,10.4_FRAUDULENT_TRANSACTION,1,0,241,0,0,0
pay_00004242,2217.44,NETBANKING,ELECTRONICS,10.4_FRAUDULENT_TRANSACTION,1,0,696,2,0,0
pay_00004243,1008.21,UPI,TRAVEL,10.5_VISA_EASY_PAYMENT,1,0,92,0,0,0
pay_00004244,897.26,DEBIT_CARD,ELECTRONICS,10.4_FRAUDULENT_TRANSACTION,1,1,613,2,0,0
pay_00004245,4193.83,UPI,RETAIL,10.4_FRAUDULENT_TRANSACTION,1,1,606,0,0,0
pay_00004246,533.28,UPI,DIGITAL_SERVICES,10.4_FRAUDULENT_TRANSACTION,1,1,941,1,0,0
pay_00004247,292.51,DEBIT_CARD,ELECTRONICS,10.4_FRAUDULENT_TRANSACTION,0,1,925,0,0,0
pay_00004248,1417.56,UPI,RETAIL,10.4_FRAUDULENT_TRANSACTION,1,0,398,1,1,0
pay_00004249,5326.31,WALLET,TRAVEL,13.1_MERCHANDISE_NOT_RECEIVED,0,0,392,0,0,1
pay_00004250,811.84,UPI,DIGITAL_SERVICES,13.1_MERCHANDISE_NOT_RECEIVED,1,0,46,1,0,0
pay_00004251,196.07,NETBANKING,TRAVEL,10.4_FRAUDULENT_TRANSACTION,1,0,155,0,0,0
pay_00004252,721.7,UPI,DIGITAL_SERVICES,10.4_FRAUDULENT_TRANSACTION,1,0,70,1,0,0
pay_00004253,1157.62,DEBIT_CARD,ELECTRONICS,10.4_FRAUDULENT_TRANSACTION,1,0,903,0,0,0
pay_00004254,364.97,DEBIT_CARD,ELECTRONICS,13.1_MERCHANDISE_NOT_RECEIVED,1,1,511,0,0,0
pay_00004255,1709.87,NETBANKING,DIGITAL_SERVICES,13.3_NOT_AS_DESCRIBED,1,1,282,0,0,0
pay_00004256,9244.83,UPI,RETAIL,13.3_NOT_AS_DESCRIBED,1,1,426,0,0,0
pay_00004257,1001.51,NETBANKING,RETAIL,10.4_FRAUDULENT_TRANSACTION,1,0,30,0,0,0
pay_00004258,757.13,UPI,RETAIL,13.1_MERCHANDISE_NOT_RECEIVED,1,1,721,0,1,0
pay_00004259,868.0,UPI,GAMING,10.5_VISA_EASY_PAYMENT,1,0,262,0,0,0
pay_00004260,283.5,UPI,RETAIL,13.1_MERCHANDISE_NOT_RECEIVED,1,0,323,0,0,0
pay_00004261,3321.88,DEBIT_CARD,ELECTRONICS,10.4_FRAUDULENT_TRANSACTION,1,1,83,0,1,1
pay_00004262,903.77,UPI,GAMING,13.1_MERCHANDISE_NOT_RECEIVED,1,0,467,0,0,0
pay_00004263,834.76,DEBIT_CARD,RETAIL,13.1_MERCHANDISE_NOT_RECEIVED,1,2,950,0,0,0
pay_00004264,1716.85,DEBIT_CARD,ELECTRONICS,10.4_FRAUDULENT_TRANSACTION,0,0,216,0,0,1
pay_00004265,975.18,UPI,GAMING,10.4_FRAUDULENT_TRANSACTION,0,0,732,0,0,0
pay_00004266,1667.18,NETBANKING,ELECTRONICS,13.1_MERCHANDISE_NOT_RECEIVED,1,0,803,0,0,0
pay_00004267,195.12,UPI,DIGITAL_SERVICES,13.3_NOT_AS_DESCRIBED,1,0,35,0,0,0
pay_00004268,2620.78,NETBANKING,ELECTRONICS,10.5_VISA_EASY_PAYMENT,0,1,5,0,0,0
pay_00004269,4332.77,UPI,GAMING,10.4_FRAUDULENT_TRANSACTION,0,0,870,0,0,1
pay_00004270,1669.45,CREDIT_CARD,RETAIL,13.1_MERCHANDISE_NOT_RECEIVED,1,0,6,0,0,0
pay_00004271,4737.24,UPI,GAMING,10.4_FRAUDULENT_TRANSACTION,1,0,247,1,0,0
pay_00004272,346.31,UPI,RETAIL,10.5_VISA_EASY_PAYMENT,1,0,93,0,0,0
pay_00004273,1073.45,UPI,RETAIL,10.4_FRAUDULENT_TRANSACTION,1,0,791,0,0,0
pay_00004274,1481.23,UPI,TRAVEL,10.4_FRAUDULENT_TRANSACTION,1,0,315,0,0,0
pay_00004275,1407.47,UPI,DIGITAL_SERVICES,10.4_FRAUDULENT_TRANSACTION,1,0,435,0,0,0
pay_00004276,869.9,UPI,TRAVEL,13.1_MERCHANDISE_NOT_RECEIVED,1,1,190,0,1,0
pay_00004277,718.93,UPI,GAMING,10.4_FRAUDULENT_TRANSACTION,1,1,869,1,0,0
pay_00004278,303.43,DEBIT_CARD,TRAVEL,13.1_MERCHANDISE_NOT_RECEIVED,1,0,544,0,0,0
pay_00004279,845.74,CREDIT_CARD,RETAIL,10.4_FRAUDULENT_TRANSACTION,1,0,769,0,0,0
pay_00004280,366.29,NETBANKING,GAMING,10.4_FRAUDULENT_TRANSACTION,0,0,433,0,0,0
pay_00004281,2088.45,CREDIT_CARD,TRAVEL,10.4_FRAUDULENT_TRANSACTION,1,0,226,0,0,0
pay_00004282,451.37,CREDIT_CARD,ELECTRONICS,10.4_FRAUDULENT_TRANSACTION,1,1,236,0,0,0
pay_00004283,190.53,CREDIT_CARD,DIGITAL_SERVICES,10.4_FRAUDULENT_TRANSACTION,1,0,540,1,0,0
pay_00004284,1305.67,UPI,ELECTRONICS,13.1_MERCHANDISE_NOT_RECEIVED,1,1,882,0,0,0
pay_00004285,1456.65,CREDIT_CARD,GAMING,10.4_FRAUDULENT_TRANSACTION,1,2,199,0,0,0
pay_00004286,3182.57,UPI,TRAVEL,10.4_FRAUDULENT_TRANSACTION,1,1,421,0,1,0
pay_00004287,1390.51,NETBANKING,RETAIL,13.1_MERCHANDISE_NOT_RECEIVED,0,1,541,0,0,1
pay_00004288,735.78,DEBIT_CARD,TRAVEL,10.4_FRAUDULENT_TRANSACTION,1,0,147,0,0,0
pay_00004289,2536.92,UPI,GAMING,13.1_MERCHANDISE_NOT_RECEIVED,1,1,112,0,0,0
pay_00004290,1265.7,DEBIT_CARD,GAMING,10.5_VISA_EASY_PAYMENT,1,0,108,0,0,0
pay_00004291,223.9,UPI,GAMING,10.4_FRAUDULENT_TRANSACTION,1,0,531,0,0,0
pay_00004292,1351.55,UPI,GAMING,13.1_MERCHANDISE_NOT_RECEIVED,1,3,435,0,1,1
pay_00004293,3679.25,UPI,TRAVEL,13.1_MERCHANDISE_NOT_RECEIVED,1,2,468,0,0,0
pay_00004294,857.05,DEBIT_CARD,ELECTRONICS,10.4_FRAUDULENT_TRANSACTION,1,0,373,0,0,0
pay_00004295,627.16,DEBIT_CARD,RETAIL,13.1_MERCHANDISE_NOT_RECEIVED,1,0,271,1,0,0
pay_00004296,332.3,DEBIT_CARD,RETAIL,10.4_FRAUDULENT_TRANSACTION,1,0,920,1,0,0
pay_00004297,346.33,UPI,DIGITAL_SERVICES,10.4_FRAUDULENT_TRANSACTION,1,3,873,0,0,0
pay_00004298,950.49,CREDIT_CARD,GAMING,13.3_NOT_AS_DESCRIBED,1,2,189,0,0,0
pay_00004299,1458.32,DEBIT_CARD,GAMING,13.1_MERCHANDISE_NOT_RECEIVED,1,3,565,0,0,0
pay_00004300,226.08,UPI,GAMING,10.5_VISA_EASY_PAYMENT,1,0,712,0,0,0
pay_00004301,4309.37,CREDIT_CARD,ELECTRONICS,13.1_MERCHANDISE_NOT_RECEIVED,1,1,512,0,0,0
pay_00004302,2210.56,UPI,GAMING,10.4_FRAUDULENT_TRANSACTION,1,0,115,0,1,0
pay_00004303,1425.1,UPI,DIGITAL_SERVICES,13.1_MERCHANDISE_NOT_RECEIVED,1,0,699,0,0,0
pay_00004304,2744.22,UPI,DIGITAL_SERVICES,13.1_MERCHANDISE_NOT_RECEIVED,1,0,7,0,0,0
pay_00004305,225.38,CREDIT_CARD,ELECTRONICS,13.1_MERCHANDISE_NOT_RECEIVED,0,0,467,0,0,0
pay_00004306,1071.8,UPI,GAMING,13.3_NOT_AS_DESCRIBED,1,1,348,0,0,0
pay_00004307,1591.76,UPI,TRAVEL,10.5_VISA_EASY_PAYMENT,1,0,76,0,0,0
pay_00004308,2746.1,UPI,TRAVEL,10.4_FRAUDULENT_TRANSACTION,1,3,858,0,0,0
pay_00004309,2395.04,UPI,RETAIL,10.4_FRAUDULENT_TRANSACTION,0,1,611,0,0,0
pay_00004310,586.66,UPI,ELECTRONICS,13.1_MERCHANDISE_NOT_RECEIVED,1,0,580,0,0,0
pay_00004311,4342.28,UPI,TRAVEL,13.1_MERCHANDISE_NOT_RECEIVED,1,1,34,0,0,0
pay_00004312,299.18,CREDIT_CARD,RETAIL,13.1_MERCHANDISE_NOT_RECEIVED,1,0,519,0,0,0
pay_00004313,3220.77,UPI,DIGITAL_SERVICES,10.4_FRAUDULENT_TRANSACTION,1,1,438,0,0,0
pay_00004314,5407.6,DEBIT_CARD,RETAIL,10.4_FRAUDULENT_TRANSACTION,1,0,731,0,0,0
pay_00004315,392.48,DEBIT_CARD,GAMING,10.4_FRAUDULENT_TRANSACTION,1,0,451,0,0,0
pay_00004316,2020.56,UPI,GAMING,13.1_MERCHANDISE_NOT_RECEIVED,1,1,353,0,0,0
pay_00004317,161.68,UPI,DIGITAL_SERVICES,10.4_FRAUDULENT_TRANSACTION,1,0,140,0,1,1
pay_00004318,879.86,NETBANKING,ELECTRONICS,13.1_MERCHANDISE_NOT_RECEIVED,1,0,314,0,0,0
pay_00004319,1189.38,UPI,GAMING,10.5_VISA_EASY_PAYMENT,0,0,467,0,0,0
pay_00004320,1403.56,UPI,GAMING,10.4_FRAUDULENT_TRANSACTION,1,0,820,0,0,0
pay_00004321,4221.84,UPI,RETAIL,10.4_FRAUDULENT_TRANSACTION,0,1,634,0,0,0
pay_00004322,1773.26,CREDIT_CARD,RETAIL,10.4_FRAUDULENT_TRANSACTION,1,1,209,0,1,0
pay_00004323,1084.58,CREDIT_CARD,RETAIL,10.4_FRAUDULENT_TRANSACTION,1,0,824,0,0,0
pay_00004324,2588.53,WALLET,TRAVEL,10.4_FRAUDULENT_TRANSACTION,1,2,82,0,0,0
pay_00004325,4609.67,NETBANKING,DIGITAL_SERVICES,10.4_FRAUDULENT_TRANSACTION,1,1,771,0,0,0
pay_00004326,133.47,UPI,ELECTRONICS,13.1_MERCHANDISE_NOT_RECEIVED,1,0,397,3,0,0
pay_00004327,6170.16,UPI,RETAIL,10.4_FRAUDULENT_TRANSACTION,1,0,96,0,0,0
pay_00004328,235.1,UPI,ELECTRONICS,13.1_MERCHANDISE_NOT_RECEIVED,1,0,319,0,0,0
pay_00004329,2626.14,UPI,RETAIL,10.5_VISA_EASY_PAYMENT,1,0,389,0,0,0
pay_00004330,593.45,UPI,GAMING,10.4_FRAUDULENT_TRANSACTION,1,1,665,0,0,0
pay_00004331,312.66,UPI,ELECTRONICS,13.3_NOT_AS_DESCRIBED,1,0,86,0,0,0
pay_00004332,969.34,UPI,TRAVEL,10.4_FRAUDULENT_TRANSACTION,1,1,371,0,0,0
pay_00004333,1649.05,UPI,RETAIL,10.4_FRAUDULENT_TRANSACTION,0,1,883,0,0,0
pay_00004334,819.36,UPI,DIGITAL_SERVICES,13.1_MERCHANDISE_NOT_RECEIVED,0,1,72,0,0,0
pay_00004335,184.17,WALLET,GAMING,10.4_FRAUDULENT_TRANSACTION,0,1,52,0,0,0
pay_00004336,1472.42,CREDIT_CARD,RETAIL,10.4_FRAUDULENT_TRANSACTION,1,0,464,0,0,0
pay_00004337,3590.37,WALLET,ELECTRONICS,10.4_FRAUDULENT_TRANSACTION,1,0,96,0,0,0
pay_00004338,824.85,UPI,RETAIL,10.5_VISA_EASY_PAYMENT,1,0,261,3,1,1
pay_00004339,465.66,UPI,GAMING,10.4_FRAUDULENT_TRANSACTION,1,0,868,0,0,0
pay_00004340,976.65,UPI,DIGITAL_SERVICES,13.3_NOT_AS_DESCRIBED,1,0,827,0,1,0
pay_00004341,174.36,UPI,DIGITAL_SERVICES,13.1_MERCHANDISE_NOT_RECEIVED,1,1,793,0,0,0
pay_00004342,2676.27,UPI,DIGITAL_SERVICES,10.4_FRAUDULENT_TRANSACTION,0,0,336,0,0,0
pay_00004343,2725.99,NETBANKING,GAMING,10.4_FRAUDULENT_TRANSACTION,1,0,856,0,0,0
pay_00004344,1430.1,WALLET,RETAIL,10.4_FRAUDULENT_TRANSACTION,0,1,14,2,0,0
pay_00004345,753.35,UPI,GAMING,10.4_FRAUDULENT_TRANSACTION,1,0,717,0,1,0
pay_00004346,2512.53,UPI,GAMING,10.4_FRAUDULENT_TRANSACTION,1,0,471,0,0,0
pay_00004347,1313.47,UPI,RETAIL,10.4_FRAUDULENT_TRANSACTION,1,2,564,0,0,0
pay_00004348,2722.47,UPI,TRAVEL,10.4_FRAUDULENT_TRANSACTION,1,0,281,0,0,0
pay_00004349,1597.3,UPI,DIGITAL_SERVICES,10.4_FRAUDULENT_TRANSACTION,1,0,219,0,0,0
pay_00004350,2401.53,UPI,ELECTRONICS,13.1_MERCHANDISE_NOT_RECEIVED,1,2,72,0,0,0
pay_00004351,1469.06,UPI,ELECTRONICS,10.4_FRAUDULENT_TRANSACTION,1,2,56,0,0,0
pay_00004352,902.01,UPI,RETAIL,10.5_VISA_EASY_PAYMENT,0,0,210,0,0,0
pay_00004353,4853.2,UPI,ELECTRONICS,10.4_FRAUDULENT_TRANSACTION,1,0,293,0,0,0
pay_00004354,1268.43,UPI,TRAVEL,13.1_MERCHANDISE_NOT_RECEIVED,0,0,710,0,0,0
pay_00004355,1493.64,UPI,GAMING,10.5_VISA_EASY_PAYMENT,1,1,390,0,1,0
pay_00004356,473.63,WALLET,DIGITAL_SERVICES,10.4_FRAUDULENT_TRANSACTION,1,0,409,0,1,0
pay_00004357,1573.85,UPI,ELECTRONICS,13.1_MERCHANDISE_NOT_RECEIVED,1,0,404,0,0,0
pay_00004358,1371.57,NETBANKING,ELECTRONICS,10.4_FRAUDULENT_TRANSACTION,1,1,791,1,0,0
pay_00004359,406.55,DEBIT_CARD,RETAIL,10.5_VISA_EASY_PAYMENT,1,2,569,0,0,0
pay_00004360,192.15,WALLET,RETAIL,13.1_MERCHANDISE_NOT_RECEIVED,0,0,181,0,0,0
pay_00004361,1490.87,DEBIT_CARD,GAMING,10.4_FRAUDULENT_TRANSACTION,1,0,955,0,0,0
pay_00004362,2263.93,CREDIT_CARD,DIGITAL_SERVICES,13.1_MERCHANDISE_NOT_RECEIVED,1,0,118,0,0,0
pay_00004363,1211.62,NETBANKING,ELECTRONICS,13.1_MERCHANDISE_NOT_RECEIVED,1,0,337,0,1,0
pay_00004364,485.77,UPI,GAMING,10.4_FRAUDULENT_TRANSACTION,1,0,224,1,0,0
pay_00004365,1747.27,UPI,DIGITAL_SERVICES,13.3_NOT_AS_DESCRIBED,1,1,317,0,0,0
pay_00004366,225.24,WALLET,GAMING,13.1_MERCHANDISE_NOT_RECEIVED,1,1,823,1,0,0
pay_00004367,974.65,DEBIT_CARD,ELECTRONICS,10.4_FRAUDULENT_TRANSACTION,1,0,336,0,0,0
pay_00004368,367.55,WALLET,RETAIL,13.3_NOT_AS_DESCRIBED,0,0,485,0,1,1
pay_00004369,405.86,DEBIT_CARD,RETAIL,10.4_FRAUDULENT_TRANSACTION,1,0,276,0,0,0
pay_00004370,439.02,NETBANKING,RETAIL,13.1_MERCHANDISE_NOT_RECEIVED,1,0,259,0,0,0
pay_00004371,833.37,DEBIT_CARD,TRAVEL,10.4_FRAUDULENT_TRANSACTION,1,1,833,1,0,0
pay_00004372,178.76,DEBIT_CARD,GAMING,13.3_NOT_AS_DESCRIBED,1,1,293,0,0,0
pay_00004373,860.73,CREDIT_CARD,ELECTRONICS,13.1_MERCHANDISE_NOT_RECEIVED,1,1,163,0,0,0
pay_00004374,1175.26,NETBANKING,GAMING,13.1_MERCHANDISE_NOT_RECEIVED,1,1,504,0,0,0
pay_00004375,1090.42,DEBIT_CARD,RETAIL,10.5_VISA_EASY_PAYMENT,1,0,636,0,0,0
pay_00004376,823.8,DEBIT_CARD,GAMING,10.4_FRAUDULENT_TRANSACTION,1,0,511,0,0,0
pay_00004377,2840.89,CREDIT_CARD,DIGITAL_SERVICES,10.4_FRAUDULENT_TRANSACTION,1,0,528,0,0,0
pay_00004378,335.55,UPI,GAMING,13.1_MERCHANDISE_NOT_RECEIVED,1,1,368,0,1,0
pay_00004379,1156.91,UPI,TRAVEL,10.4_FRAUDULENT_TRANSACTION,1,0,4,0,1,0
pay_00004380,196.07,NETBANKING,TRAVEL,10.4_FRAUDULENT_TRANSACTION,1,0,771,3,0,0
pay_00004381,210.72,CREDIT_CARD,RETAIL,13.1_MERCHANDISE_NOT_RECEIVED,0,0,620,0,0,0
pay_00004382,1379.5,UPI,ELECTRONICS,13.1_MERCHANDISE_NOT_RECEIVED,1,0,273,0,0,0
pay_00004383,1352.13,UPI,DIGITAL_SERVICES,10.4_FRAUDULENT_TRANSACTION,1,1,684,0,0,0
pay_00004384,3256.01,DEBIT_CARD,ELECTRONICS,13.3_NOT_AS_DESCRIBED,1,0,191,1,0,1
pay_00004385,1324.24,DEBIT_CARD,ELECTRONICS,13.1_MERCHANDISE_NOT_RECEIVED,1,1,98,0,0,0
pay_00004386,4920.5,DEBIT_CARD,DIGITAL_SERVICES,13.3_NOT_AS_DESCRIBED,1,0,682,0,0,0
pay_00004387,174.88,CREDIT_CARD,TRAVEL,10.5_VISA_EASY_PAYMENT,1,1,610,0,0,1
pay_00004388,254.72,UPI,RETAIL,10.4_FRAUDULENT_TRANSACTION,1,1,657,0,0,0
pay_00004389,167.6,UPI,GAMING,13.1_MERCHANDISE_NOT_RECEIVED,1,1,536,0,0,0
pay_00004390,407.36,UPI,TRAVEL,10.4_FRAUDULENT_TRANSACTION,1,0,677,0,0,0
pay_00004391,1268.94,DEBIT_CARD,RETAIL,13.3_NOT_AS_DESCRIBED,1,1,258,0,0,0
pay_00004392,1655.88,UPI,TRAVEL,13.1_MERCHANDISE_NOT_RECEIVED,1,0,632,0,0,0
pay_00004393,169.99,CREDIT_CARD,DIGITAL_SERVICES,10.4_FRAUDULENT_TRANSACTION,1,0,782,1,0,1
pay_00004394,4477.35,CREDIT_CARD,ELECTRONICS,10.5_VISA_EASY_PAYMENT,0,1,394,0,0,0
pay_00004395,2869.31,CREDIT_CARD,DIGITAL_SERVICES,13.1_MERCHANDISE_NOT_RECEIVED,1,0,783,0,0,0
pay_00004396,627.77,NETBANKING,GAMING,10.5_VISA_EASY_PAYMENT,1,1,549,0,0,0
pay_00004397,220.49,UPI,DIGITAL_SERVICES,10.4_FRAUDULENT_TRANSACTION,1,0,314,0,0,0
pay_00004398,379.29,DEBIT_CARD,ELECTRONICS,13.3_NOT_AS_DESCRIBED,0,0,430,1,0,0
pay_00004399,303.63,UPI,TRAVEL,13.1_MERCHANDISE_NOT_RECEIVED,1,2,693,0,0,0
pay_00004400,297.36,UPI,RETAIL,13.1_MERCHANDISE_NOT_RECEIVED,0,0,594,3,0,0
pay_00004401,1196.47,UPI,GAMING,13.3_NOT_AS_DESCRIBED,0,1,254,0,0,0
pay_00004402,523.24,UPI,TRAVEL,13.1_MERCHANDISE_NOT_RECEIVED,1,2,824,0,0,0
pay_00004403,765.08,DEBIT_CARD,RETAIL,13.1_MERCHANDISE_NOT_RECEIVED,1,1,749,0,0,0
pay_00004404,6935.33,CREDIT_CARD,ELECTRONICS,10.4_FRAUDULENT_TRANSACTION,1,0,525,0,0,0
pay_00004405,1829.51,UPI,DIGITAL_SERVICES,13.3_NOT_AS_DESCRIBED,1,1,675,0,0,0
pay_00004406,4563.33,UPI,TRAVEL,13.1_MERCHANDISE_NOT_RECEIVED,1,1,164,0,0,0
pay_00004407,330.7,CREDIT_CARD,RETAIL,13.3_NOT_AS_DESCRIBED,0,0,997,0,0,0
pay_00004408,822.24,DEBIT_CARD,RETAIL,10.4_FRAUDULENT_TRANSACTION,1,0,330,0,0,0
pay_00004409,1313.62,UPI,DIGITAL_SERVICES,10.4_FRAUDULENT_TRANSACTION,0,0,505,0,0,0
pay_00004410,219.8,CREDIT_CARD,TRAVEL,10.4_FRAUDULENT_TRANSACTION,1,1,349,0,0,0
pay_00004411,106.29,DEBIT_CARD,TRAVEL,13.3_NOT_AS_DESCRIBED,1,1,930,0,0,0
pay_00004412,1764.97,CREDIT_CARD,ELECTRONICS,10.4_FRAUDULENT_TRANSACTION,0,1,536,0,0,1
pay_00004413,1640.08,UPI,TRAVEL,10.4_FRAUDULENT_TRANSACTION,1,0,181,0,0,0
pay_00004414,893.46,CREDIT_CARD,DIGITAL_SERVICES,13.1_MERCHANDISE_NOT_RECEIVED,1,2,539,0,0,0
pay_00004415,1108.97,CREDIT_CARD,TRAVEL,10.4_FRAUDULENT_TRANSACTION,1,1,457,0,0,0
pay_00004416,905.35,DEBIT_CARD,ELECTRONICS,10.5_VISA_EASY_PAYMENT,1,1,969,0,0,0
pay_00004417,136.45,CREDIT_CARD,RETAIL,13.1_MERCHANDISE_NOT_RECEIVED,1,0,74,0,0,1
pay_00004418,712.79,WALLET,TRAVEL,10.5_VISA_EASY_PAYMENT,1,2,140,0,0,0
pay_00004419,392.35,UPI,DIGITAL_SERVICES,10.4_FRAUDULENT_TRANSACTION,0,0,655,2,0,1
pay_00004420,255.42,WALLET,TRAVEL,10.4_FRAUDULENT_TRANSACTION,1,1,3,1,0,0
pay_00004421,4810.11,CREDIT_CARD,GAMING,10.4_FRAUDULENT_TRANSACTION,1,1,796,0,0,0
pay_00004422,1472.04,CREDIT_CARD,ELECTRONICS,13.1_MERCHANDISE_NOT_RECEIVED,1,2,265,0,0,0
pay_00004423,2056.55,UPI,RETAIL,10.4_FRAUDULENT_TRANSACTION,1,1,423,0,0,0
pay_00004424,668.3,UPI,GAMING,10.4_FRAUDULENT_TRANSACTION,1,0,542,0,0,0
pay_00004425,849.2,DEBIT_CARD,DIGITAL_SERVICES,10.5_VISA_EASY_PAYMENT,1,0,569,0,1,0
pay_00004426,505.6,DEBIT_CARD,TRAVEL,10.4_FRAUDULENT_TRANSACTION,0,1,791,0,0,1
pay_00004427,252.99,UPI,ELECTRONICS,13.1_MERCHANDISE_NOT_RECEIVED,0,0,414,3,0,1
pay_00004428,395.91,CREDIT_CARD,TRAVEL,13.1_MERCHANDISE_NOT_RECEIVED,1,1,320,0,0,0
pay_00004429,2495.63,UPI,TRAVEL,10.4_FRAUDULENT_TRANSACTION,1,1,400,0,0,0
pay_00004430,1797.69,WALLET,TRAVEL,13.1_MERCHANDISE_NOT_RECEIVED,0,0,120,0,0,1
pay_00004431,1287.56,NETBANKING,TRAVEL,13.1_MERCHANDISE_NOT_RECEIVED,1,0,420,0,0,0
pay_00004432,1066.79,UPI,ELECTRONICS,10.4_FRAUDULENT_TRANSACTION,1,0,286,0,0,0
pay_00004433,3934.94,NETBANKING,GAMING,10.4_FRAUDULENT_TRANSACTION,1,2,46,0,0,0
pay_00004434,213.27,NETBANKING,DIGITAL_SERVICES,13.3_NOT_AS_DESCRIBED,0,2,357,0,1,1
pay_00004435,594.01,UPI,GAMING,10.4_FRAUDULENT_TRANSACTION,1,0,80,1,0,0
pay_00004436,746.03,DEBIT_CARD,ELECTRONICS,13.1_MERCHANDISE_NOT_RECEIVED,0,1,768,0,0,1
pay_00004437,2387.82,UPI,DIGITAL_SERVICES,13.1_MERCHANDISE_NOT_RECEIVED,0,1,860,0,0,0
pay_00004438,7442.21,CREDIT_CARD,RETAIL,10.4_FRAUDULENT_TRANSACTION,1,0,886,0,1,0
pay_00004439,512.98,UPI,GAMING,10.5_VISA_EASY_PAYMENT,0,0,404,0,0,0
pay_00004440,3210.87,UPI,ELECTRONICS,10.4_FRAUDULENT_TRANSACTION,1,0,462,0,0,0
pay_00004441,2763.44,UPI,ELECTRONICS,10.4_FRAUDULENT_TRANSACTION,1,2,109,1,0,1
pay_00004442,481.68,UPI,ELECTRONICS,13.1_MERCHANDISE_NOT_RECEIVED,1,1,568,0,0,0
pay_00004443,864.57,DEBIT_CARD,DIGITAL_SERVICES,10.4_FRAUDULENT_TRANSACTION,1,1,221,0,0,0
pay_00004444,890.62,UPI,TRAVEL,13.1_MERCHANDISE_NOT_RECEIVED,1,2,238,0,1,0
pay_00004445,5840.19,UPI,RETAIL,10.5_VISA_EASY_PAYMENT,1,0,805,0,0,0
pay_00004446,399.31,NETBANKING,DIGITAL_SERVICES,10.4_FRAUDULENT_TRANSACTION,1,0,467,0,0,0
pay_00004447,2507.85,UPI,DIGITAL_SERVICES,10.4_FRAUDULENT_TRANSACTION,1,0,209,0,0,0
pay_00004448,710.13,CREDIT_CARD,GAMING,10.4_FRAUDULENT_TRANSACTION,1,1,190,2,0,0
pay_00004449,2068.84,WALLET,RETAIL,13.3_NOT_AS_DESCRIBED,1,1,961,0,0,0
pay_00004450,917.12,NETBANKING,ELECTRONICS,10.4_FRAUDULENT_TRANSACTION,1,2,669,0,0,0
pay_00004451,1395.4,UPI,DIGITAL_SERVICES,10.4_FRAUDULENT_TRANSACTION,1,0,126,0,0,0
pay_00004452,2781.16,UPI,RETAIL,13.1_MERCHANDISE_NOT_RECEIVED,1,0,638,0,0,0
pay_00004453,2545.73,WALLET,GAMING,10.4_FRAUDULENT_TRANSACTION,1,0,640,2,1,1
pay_00004454,3119.62,UPI,TRAVEL,10.4_FRAUDULENT_TRANSACTION,1,0,605,0,0,0
pay_00004455,192.2,UPI,RETAIL,10.5_VISA_EASY_PAYMENT,1,1,472,0,0,0
pay_00004456,1866.73,UPI,ELECTRONICS,10.4_FRAUDULENT_TRANSACTION,1,0,83,0,0,0
pay_00004457,326.21,UPI,DIGITAL_SERVICES,10.4_FRAUDULENT_TRANSACTION,1,1,43,0,0,0
pay_00004458,906.32,DEBIT_CARD,TRAVEL,10.4_FRAUDULENT_TRANSACTION,1,0,714,0,0,0
pay_00004459,1293.06,DEBIT_CARD,GAMING,13.3_NOT_AS_DESCRIBED,1,2,292,0,1,1
pay_00004460,873.1,WALLET,ELECTRONICS,10.4_FRAUDULENT_TRANSACTION,1,0,887,0,0,0
pay_00004461,1199.74,DEBIT_CARD,TRAVEL,10.4_FRAUDULENT_TRANSACTION,1,0,145,0,0,0
pay_00004462,8593.81,UPI,GAMING,10.4_FRAUDULENT_TRANSACTION,1,1,182,0,1,0
pay_00004463,317.92,UPI,ELECTRONICS,10.5_VISA_EASY_PAYMENT,1,0,145,0,0,0
pay_00004464,1788.0,WALLET,DIGITAL_SERVICES,10.4_FRAUDULENT_TRANSACTION,0,1,160,0,0,0
pay_00004465,856.27,UPI,GAMING,10.4_FRAUDULENT_TRANSACTION,1,1,912,0,0,0
pay_00004466,314.09,UPI,TRAVEL,13.1_MERCHANDISE_NOT_RECEIVED,1,0,307,0,0,0
pay_00004467,359.28,NETBANKING,ELECTRONICS,10.4_FRAUDULENT_TRANSACTION,1,0,372,0,0,0
pay_00004468,4571.95,CREDIT_CARD,RETAIL,13.3_NOT_AS_DESCRIBED,1,1,443,2,1,1
pay_00004469,3275.42,UPI,ELECTRONICS,13.1_MERCHANDISE_NOT_RECEIVED,0,1,767,0,0,0
pay_00004470,3663.41,NETBANKING,TRAVEL,10.4_FRAUDULENT_TRANSACTION,1,0,791,0,0,0
pay_00004471,7257.33,WALLET,TRAVEL,13.1_MERCHANDISE_NOT_RECEIVED,1,2,656,0,1,0
pay_00004472,450.39,UPI,RETAIL,10.4_FRAUDULENT_TRANSACTION,1,0,544,0,0,0
pay_00004473,758.78,NETBANKING,TRAVEL,10.4_FRAUDULENT_TRANSACTION,1,0,578,0,0,0
pay_00004474,1759.45,UPI,ELECTRONICS,13.1_MERCHANDISE_NOT_RECEIVED,1,1,872,0,0,0
pay_00004475,1091.9,CREDIT_CARD,GAMING,10.4_FRAUDULENT_TRANSACTION,1,1,838,0,0,0
pay_00004476,912.93,NETBANKING,ELECTRONICS,10.4_FRAUDULENT_TRANSACTION,1,0,714,0,0,0
pay_00004477,764.31,WALLET,TRAVEL,10.4_FRAUDULENT_TRANSACTION,1,0,994,0,0,0
pay_00004478,1451.29,UPI,RETAIL,13.3_NOT_AS_DESCRIBED,1,1,702,0,0,0
pay_00004479,1385.6,UPI,RETAIL,13.3_NOT_AS_DESCRIBED,1,1,414,0,0,1
pay_00004480,364.14,UPI,DIGITAL_SERVICES,10.4_FRAUDULENT_TRANSACTION,1,2,627,0,1,0
pay_00004481,1057.25,CREDIT_CARD,RETAIL,10.4_FRAUDULENT_TRANSACTION,1,1,420,0,0,0
pay_00004482,1309.38,UPI,RETAIL,10.5_VISA_EASY_PAYMENT,1,2,262,1,0,1
pay_00004483,1366.96,UPI,TRAVEL,13.1_MERCHANDISE_NOT_RECEIVED,1,0,813,0,0,0
pay_00004484,453.79,UPI,GAMING,10.4_FRAUDULENT_TRANSACTION,1,1,801,0,0,0
pay_00004485,2133.77,UPI,GAMING,13.1_MERCHANDISE_NOT_RECEIVED,1,1,5,0,0,0
pay_00004486,138.28,UPI,TRAVEL,10.4_FRAUDULENT_TRANSACTION,1,1,312,0,0,0
pay_00004487,757.37,DEBIT_CARD,RETAIL,13.1_MERCHANDISE_NOT_RECEIVED,0,3,540,0,1,0
pay_00004488,2372.64,UPI,ELECTRONICS,13.3_NOT_AS_DESCRIBED,1,0,903,1,0,0
pay_00004489,1344.8,UPI,GAMING,10.4_FRAUDULENT_TRANSACTION,1,1,750,0,0,0
pay_00004490,554.02,NETBANKING,TRAVEL,13.1_MERCHANDISE_NOT_RECEIVED,1,1,59,0,1,0
pay_00004491,1880.93,DEBIT_CARD,ELECTRONICS,13.1_MERCHANDISE_NOT_RECEIVED,1,0,915,0,0,0
pay_00004492,1356.88,UPI,RETAIL,10.5_VISA_EASY_PAYMENT,1,0,830,0,0,1
pay_00004493,2486.25,UPI,TRAVEL,10.4_FRAUDULENT_TRANSACTION,1,0,299,0,0,0
pay_00004494,2092.18,DEBIT_CARD,GAMING,13.3_NOT_AS_DESCRIBED,1,0,50,0,0,0
pay_00004495,1512.83,UPI,ELECTRONICS,10.4_FRAUDULENT_TRANSACTION,0,0,754,0,0,0
pay_00004496,1104.67,DEBIT_CARD,ELECTRONICS,10.4_FRAUDULENT_TRANSACTION,1,0,986,0,0,0
pay_00004497,314.39,UPI,GAMING,10.4_FRAUDULENT_TRANSACTION,1,0,949,1,0,0
pay_00004498,554.36,UPI,ELECTRONICS,13.3_NOT_AS_DESCRIBED,1,0,632,0,0,0
pay_00004499,914.76,UPI,GAMING,10.4_FRAUDULENT_TRANSACTION,1,0,870,0,0,0
pay_00004500,1471.81,DEBIT_CARD,TRAVEL,13.3_NOT_AS_DESCRIBED,1,1,550,0,0,0
pay_00004501,1181.42,NETBANKING,DIGITAL_SERVICES,10.4_FRAUDULENT_TRANSACTION,0,1,743,0,0,0
pay_00004502,609.9,UPI,RETAIL,13.3_NOT_AS_DESCRIBED,1,1,401,0,0,0
pay_00004503,109.73,CREDIT_CARD,TRAVEL,10.4_FRAUDULENT_TRANSACTION,1,1,723,0,0,0
pay_00004504,1128.48,UPI,RETAIL,10.4_FRAUDULENT_TRANSACTION,0,0,283,0,0,0
pay_00004505,604.52,UPI,RETAIL,13.1_MERCHANDISE_NOT_RECEIVED,1,1,165,0,0,0
pay_00004506,2089.82,NETBANKING,GAMING,13.1_MERCHANDISE_NOT_RECEIVED,1,0,895,0,0,0
pay_00004507,136.36,UPI,DIGITAL_SERVICES,10.4_FRAUDULENT_TRANSACTION,1,0,263,0,0,0
pay_00004508,1418.59,NETBANKING,RETAIL,13.1_MERCHANDISE_NOT_RECEIVED,1,0,294,0,0,0
pay_00004509,4357.43,CREDIT_CARD,RETAIL,10.4_FRAUDULENT_TRANSACTION,1,0,209,0,0,0
pay_00004510,387.48,NETBANKING,TRAVEL,13.1_MERCHANDISE_NOT_RECEIVED,1,2,889,0,1,0
pay_00004511,1056.99,DEBIT_CARD,DIGITAL_SERVICES,10.4_FRAUDULENT_TRANSACTION,1,0,669,0,0,0
pay_00004512,243.81,UPI,DIGITAL_SERVICES,10.4_FRAUDULENT_TRANSACTION,1,0,307,1,0,0
pay_00004513,1573.97,UPI,RETAIL,10.5_VISA_EASY_PAYMENT,1,1,364,0,0,0
pay_00004514,1299.53,UPI,DIGITAL_SERVICES,10.4_FRAUDULENT_TRANSACTION,1,0,103,0,0,0
pay_00004515,884.77,UPI,TRAVEL,13.3_NOT_AS_DESCRIBED,1,0,492,0,0,1
pay_00004516,1205.26,UPI,GAMING,10.4_FRAUDULENT_TRANSACTION,1,0,977,0,0,0
pay_00004517,3503.36,UPI,RETAIL,10.4_FRAUDULENT_TRANSACTION,1,0,399,0,1,0
pay_00004518,427.78,WALLET,ELECTRONICS,10.4_FRAUDULENT_TRANSACTION,1,3,656,1,0,0
pay_00004519,134.23,UPI,RETAIL,10.4_FRAUDULENT_TRANSACTION,0,0,609,0,0,0
pay_00004520,3067.11,DEBIT_CARD,RETAIL,10.4_FRAUDULENT_TRANSACTION,1,0,779,0,0,0
pay_00004521,1390.99,NETBANKING,GAMING,10.4_FRAUDULENT_TRANSACTION,1,0,929,0,0,0
pay_00004522,3419.92,NETBANKING,ELECTRONICS,10.4_FRAUDULENT_TRANSACTION,0,0,352,0,0,0
pay_00004523,1463.02,UPI,ELECTRONICS,10.4_FRAUDULENT_TRANSACTION,1,0,237,0,0,0
pay_00004524,2592.37,UPI,ELECTRONICS,13.3_NOT_AS_DESCRIBED,1,0,92,0,0,0
pay_00004525,942.32,UPI,GAMING,10.4_FRAUDULENT_TRANSACTION,1,1,895,0,0,0
pay_00004526,2178.6,UPI,DIGITAL_SERVICES,13.1_MERCHANDISE_NOT_RECEIVED,1,2,148,0,0,0
pay_00004527,3763.49,UPI,ELECTRONICS,10.4_FRAUDULENT_TRANSACTION,0,0,29,0,0,1
pay_00004528,1373.38,DEBIT_CARD,DIGITAL_SERVICES,13.3_NOT_AS_DESCRIBED,1,0,16,0,0,0
pay_00004529,399.11,UPI,TRAVEL,10.4_FRAUDULENT_TRANSACTION,1,1,862,0,1,0
pay_00004530,569.6,CREDIT_CARD,GAMING,10.4_FRAUDULENT_TRANSACTION,1,0,401,0,0,0
pay_00004531,432.18,WALLET,DIGITAL_SERVICES,10.4_FRAUDULENT_TRANSACTION,0,0,953,0,0,1
pay_00004532,525.25,UPI,ELECTRONICS,10.4_FRAUDULENT_TRANSACTION,1,0,206,0,0,0
pay_00004533,648.82,UPI,ELECTRONICS,13.3_NOT_AS_DESCRIBED,1,1,728,0,0,0
pay_00004534,1314.97,DEBIT_CARD,DIGITAL_SERVICES,10.4_FRAUDULENT_TRANSACTION,1,0,805,1,1,1
pay_00004535,1430.07,UPI,DIGITAL_SERVICES,10.5_VISA_EASY_PAYMENT,1,1,845,0,0,0
pay_00004536,934.0,CREDIT_CARD,TRAVEL,13.3_NOT_AS_DESCRIBED,1,0,18,0,0,1
pay_00004537,1533.41,UPI,GAMING,10.4_FRAUDULENT_TRANSACTION,0,0,839,0,0,1
pay_00004538,227.64,NETBANKING,RETAIL,10.4_FRAUDULENT_TRANSACTION,1,0,892,0,0,0
pay_00004539,237.82,UPI,TRAVEL,10.5_VISA_EASY_PAYMENT,1,1,177,0,0,0
pay_00004540,382.8,UPI,TRAVEL,10.4_FRAUDULENT_TRANSACTION,0,0,651,0,0,0
pay_00004541,1194.96,CREDIT_CARD,TRAVEL,13.3_NOT_AS_DESCRIBED,0,1,441,0,0,0
pay_00004542,461.19,UPI,ELECTRONICS,10.5_VISA_EASY_PAYMENT,1,0,721,0,1,0
pay_00004543,599.61,UPI,DIGITAL_SERVICES,13.3_NOT_AS_DESCRIBED,1,1,531,0,0,0
pay_00004544,867.02,UPI,GAMING,13.1_MERCHANDISE_NOT_RECEIVED,1,0,70,0,0,0
pay_00004545,2605.9,UPI,ELECTRONICS,13.3_NOT_AS_DESCRIBED,1,0,628,0,0,0
pay_00004546,120.94,CREDIT_CARD,TRAVEL,13.1_MERCHANDISE_NOT_RECEIVED,1,1,978,0,0,0
pay_00004547,1672.07,CREDIT_CARD,GAMING,10.4_FRAUDULENT_TRANSACTION,1,0,821,1,1,0
pay_00004548,1757.9,CREDIT_CARD,ELECTRONICS,10.4_FRAUDULENT_TRANSACTION,1,1,522,0,0,1
pay_00004549,2504.11,CREDIT_CARD,RETAIL,13.3_NOT_AS_DESCRIBED,1,1,257,0,0,0
pay_00004550,4149.07,UPI,TRAVEL,10.5_VISA_EASY_PAYMENT,1,0,257,0,0,0
pay_00004551,130.52,UPI,ELECTRONICS,13.1_MERCHANDISE_NOT_RECEIVED,1,0,559,0,0,0
pay_00004552,350.47,DEBIT_CARD,ELECTRONICS,13.1_MERCHANDISE_NOT_RECEIVED,1,1,230,0,0,0
pay_00004553,3359.59,NETBANKING,TRAVEL,10.4_FRAUDULENT_TRANSACTION,0,1,667,0,0,0
pay_00004554,1020.17,UPI,RETAIL,13.3_NOT_AS_DESCRIBED,1,0,665,1,0,0
pay_00004555,1347.2,UPI,DIGITAL_SERVICES,10.4_FRAUDULENT_TRANSACTION,1,0,218,0,0,0
pay_00004556,1731.63,UPI,RETAIL,13.1_MERCHANDISE_NOT_RECEIVED,1,0,615,0,0,0
pay_00004557,1804.78,CREDIT_CARD,TRAVEL,10.5_VISA_EASY_PAYMENT,1,0,906,1,0,0
pay_00004558,4126.66,CREDIT_CARD,DIGITAL_SERVICES,10.4_FRAUDULENT_TRANSACTION,1,1,164,0,0,0
pay_00004559,8788.63,UPI,ELECTRONICS,10.5_VISA_EASY_PAYMENT,1,0,942,0,0,0
pay_00004560,2010.29,DEBIT_CARD,RETAIL,10.5_VISA_EASY_PAYMENT,1,3,392,0,0,0
pay_00004561,607.88,UPI,RETAIL,10.5_VISA_EASY_PAYMENT,1,0,993,0,0,0
pay_00004562,3277.3,UPI,DIGITAL_SERVICES,10.4_FRAUDULENT_TRANSACTION,1,0,958,0,1,0
pay_00004563,175.71,DEBIT_CARD,ELECTRONICS,10.4_FRAUDULENT_TRANSACTION,1,0,925,0,0,0
pay_00004564,494.15,UPI,RETAIL,13.1_MERCHANDISE_NOT_RECEIVED,1,0,53,0,0,0
pay_00004565,3515.17,UPI,DIGITAL_SERVICES,10.4_FRAUDULENT_TRANSACTION,0,0,994,2,1,1
pay_00004566,543.96,WALLET,RETAIL,10.4_FRAUDULENT_TRANSACTION,1,0,475,0,0,0
pay_00004567,473.94,NETBANKING,ELECTRONICS,10.5_VISA_EASY_PAYMENT,1,0,874,0,0,0
pay_00004568,322.97,DEBIT_CARD,ELECTRONICS,13.1_MERCHANDISE_NOT_RECEIVED,1,0,4,0,0,0
pay_00004569,3039.68,UPI,GAMING,10.4_FRAUDULENT_TRANSACTION,1,0,561,0,0,0
pay_00004570,1139.9,UPI,DIGITAL_SERVICES,10.4_FRAUDULENT_TRANSACTION,1,0,624,0,0,0
pay_00004571,1785.4,NETBANKING,TRAVEL,13.1_MERCHANDISE_NOT_RECEIVED,0,0,197,1,0,1
pay_00004572,509.81,CREDIT_CARD,RETAIL,13.3_NOT_AS_DESCRIBED,1,0,682,0,0,0
pay_00004573,2228.48,NETBANKING,ELECTRONICS,10.4_FRAUDULENT_TRANSACTION,1,1,630,0,0,0
pay_00004574,2240.71,UPI,RETAIL,10.4_FRAUDULENT_TRANSACTION,1,2,75,2,0,0
pay_00004575,662.25,UPI,RETAIL,13.1_MERCHANDISE_NOT_RECEIVED,1,1,833,0,0,0
pay_00004576,893.19,WALLET,TRAVEL,10.4_FRAUDULENT_TRANSACTION,1,0,205,2,0,1
pay_00004577,453.0,CREDIT_CARD,ELECTRONICS,10.4_FRAUDULENT_TRANSACTION,1,1,596,0,0,0
pay_00004578,5730.03,UPI,GAMING,13.1_MERCHANDISE_NOT_RECEIVED,1,1,546,0,0,1
pay_00004579,1656.0,UPI,DIGITAL_SERVICES,10.4_FRAUDULENT_TRANSACTION,1,2,353,0,0,0
pay_00004580,4189.56,UPI,RETAIL,13.1_MERCHANDISE_NOT_RECEIVED,0,1,526,2,0,0
pay_00004581,642.28,UPI,TRAVEL,13.3_NOT_AS_DESCRIBED,0,0,949,0,0,0
pay_00004582,2384.14,UPI,TRAVEL,10.4_FRAUDULENT_TRANSACTION,1,2,332,0,0,0
pay_00004583,2277.75,UPI,DIGITAL_SERVICES,10.5_VISA_EASY_PAYMENT,1,0,203,0,0,0
pay_00004584,1864.81,DEBIT_CARD,DIGITAL_SERVICES,13.3_NOT_AS_DESCRIBED,1,0,769,0,0,0
pay_00004585,5156.25,UPI,ELECTRONICS,13.1_MERCHANDISE_NOT_RECEIVED,1,0,238,0,0,0
pay_00004586,850.21,WALLET,RETAIL,10.4_FRAUDULENT_TRANSACTION,1,1,776,0,0,0
pay_00004587,310.13,UPI,RETAIL,13.3_NOT_AS_DESCRIBED,1,2,402,0,0,0
pay_00004588,1770.78,CREDIT_CARD,DIGITAL_SERVICES,10.5_VISA_EASY_PAYMENT,0,1,389,0,0,1
pay_00004589,2060.17,UPI,GAMING,10.4_FRAUDULENT_TRANSACTION,1,1,895,0,0,0
pay_00004590,1383.71,DEBIT_CARD,RETAIL,13.1_MERCHANDISE_NOT_RECEIVED,1,1,640,0,0,0
pay_00004591,447.55,WALLET,TRAVEL,10.4_FRAUDULENT_TRANSACTION,1,1,735,1,0,0
pay_00004592,1153.15,DEBIT_CARD,DIGITAL_SERVICES,10.4_FRAUDULENT_TRANSACTION,1,0,67,0,1,0
pay_00004593,661.36,CREDIT_CARD,RETAIL,10.4_FRAUDULENT_TRANSACTION,1,0,150,0,0,0
pay_00004594,936.53,UPI,ELECTRONICS,10.4_FRAUDULENT_TRANSACTION,0,0,134,0,0,0
pay_00004595,1654.38,DEBIT_CARD,DIGITAL_SERVICES,10.4_FRAUDULENT_TRANSACTION,1,4,856,0,0,0
pay_00004596,2151.0,NETBANKING,TRAVEL,10.4_FRAUDULENT_TRANSACTION,1,0,411,0,0,0
pay_00004597,496.39,WALLET,ELECTRONICS,13.3_NOT_AS_DESCRIBED,1,1,213,3,1,0
pay_00004598,879.61,UPI,DIGITAL_SERVICES,13.3_NOT_AS_DESCRIBED,1,0,549,0,0,0
pay_00004599,570.34,WALLET,DIGITAL_SERVICES,10.5_VISA_EASY_PAYMENT,1,0,501,0,0,0
pay_00004600,432.15,UPI,RETAIL,10.4_FRAUDULENT_TRANSACTION,1,1,633,0,0,0
pay_00004601,2394.47,UPI,ELECTRONICS,13.1_MERCHANDISE_NOT_RECEIVED,1,0,226,0,0,1
pay_00004602,3699.51,UPI,DIGITAL_SERVICES,13.3_NOT_AS_DESCRIBED,1,0,803,0,0,0
pay_00004603,793.61,UPI,TRAVEL,13.1_MERCHANDISE_NOT_RECEIVED,1,0,383,0,0,0
pay_00004604,2187.13,DEBIT_CARD,ELECTRONICS,10.4_FRAUDULENT_TRANSACTION,1,2,548,0,0,0
pay_00004605,3509.47,NETBANKING,RETAIL,10.4_FRAUDULENT_TRANSACTION,1,1,189,0,0,0
pay_00004606,2907.41,DEBIT_CARD,GAMING,10.5_VISA_EASY_PAYMENT,0,0,759,0,0,1
pay_00004607,402.83,CREDIT_CARD,DIGITAL_SERVICES,10.4_FRAUDULENT_TRANSACTION,1,0,218,1,0,0
pay_00004608,4795.33,CREDIT_CARD,GAMING,10.4_FRAUDULENT_TRANSACTION,1,0,380,0,0,0
pay_00004609,809.03,DEBIT_CARD,DIGITAL_SERVICES,10.4_FRAUDULENT_TRANSACTION,1,0,769,0,0,0
pay_00004610,721.55,UPI,RETAIL,10.5_VISA_EASY_PAYMENT,1,0,176,0,0,0
pay_00004611,196.7,DEBIT_CARD,RETAIL,10.4_FRAUDULENT_TRANSACTION,1,0,211,0,0,0
pay_00004612,1098.8,CREDIT_CARD,RETAIL,13.1_MERCHANDISE_NOT_RECEIVED,1,1,730,0,0,0
pay_00004613,273.14,CREDIT_CARD,RETAIL,10.4_FRAUDULENT_TRANSACTION,1,0,343,1,0,1
pay_00004614,528.61,CREDIT_CARD,ELECTRONICS,13.1_MERCHANDISE_NOT_RECEIVED,0,1,488,0,0,1
pay_00004615,671.76,NETBANKING,ELECTRONICS,13.1_MERCHANDISE_NOT_RECEIVED,0,0,994,0,0,0
pay_00004616,2581.86,UPI,DIGITAL_SERVICES,10.4_FRAUDULENT_TRANSACTION,1,2,347,0,0,0
pay_00004617,3225.04,UPI,ELECTRONICS,10.5_VISA_EASY_PAYMENT,1,1,323,0,0,0
pay_00004618,640.31,DEBIT_CARD,DIGITAL_SERVICES,13.3_NOT_AS_DESCRIBED,1,2,494,0,0,0
pay_00004619,3035.29,UPI,ELECTRONICS,10.4_FRAUDULENT_TRANSACTION,1,0,487,0,0,0
pay_00004620,3019.79,NETBANKING,ELECTRONICS,10.4_FRAUDULENT_TRANSACTION,1,2,77,1,0,0
pay_00004621,2270.03,UPI,ELECTRONICS,10.4_FRAUDULENT_TRANSACTION,1,2,935,0,1,0
pay_00004622,337.96,UPI,TRAVEL,13.3_NOT_AS_DESCRIBED,1,0,976,0,0,0
pay_00004623,1858.34,NETBANKING,RETAIL,10.4_FRAUDULENT_TRANSACTION,1,1,3,1,0,0
pay_00004624,4451.29,UPI,TRAVEL,10.4_FRAUDULENT_TRANSACTION,1,1,538,0,0,0
pay_00004625,1821.11,CREDIT_CARD,ELECTRONICS,10.4_FRAUDULENT_TRANSACTION,0,0,453,0,0,0
pay_00004626,704.34,UPI,ELECTRONICS,10.4_FRAUDULENT_TRANSACTION,1,2,951,0,0,0
pay_00004627,1141.46,UPI,TRAVEL,10.4_FRAUDULENT_TRANSACTION,1,1,3,0,0,0
pay_00004628,1656.52,CREDIT_CARD,DIGITAL_SERVICES,13.1_MERCHANDISE_NOT_RECEIVED,1,1,824,0,0,0
pay_00004629,1171.77,UPI,RETAIL,10.4_FRAUDULENT_TRANSACTION,1,0,796,0,1,0
pay_00004630,291.67,NETBANKING,DIGITAL_SERVICES,13.3_NOT_AS_DESCRIBED,1,0,239,0,0,0
pay_00004631,661.09,DEBIT_CARD,RETAIL,10.5_VISA_EASY_PAYMENT,1,0,244,0,1,0
pay_00004632,2532.24,UPI,GAMING,10.4_FRAUDULENT_TRANSACTION,1,0,427,0,0,0
pay_00004633,3064.44,CREDIT_CARD,RETAIL,13.1_MERCHANDISE_NOT_RECEIVED,1,1,542,0,0,0
pay_00004634,321.53,CREDIT_CARD,DIGITAL_SERVICES,13.1_MERCHANDISE_NOT_RECEIVED,0,2,343,1,0,1
pay_00004635,4666.97,UPI,RETAIL,13.1_MERCHANDISE_NOT_RECEIVED,1,0,402,0,0,0
pay_00004636,698.08,UPI,GAMING,10.4_FRAUDULENT_TRANSACTION,1,0,517,0,0,0
pay_00004637,1728.46,UPI,GAMING,10.4_FRAUDULENT_TRANSACTION,0,3,854,0,0,0
pay_00004638,2190.43,CREDIT_CARD,ELECTRONICS,13.3_NOT_AS_DESCRIBED,0,0,621,1,0,0
pay_00004639,2606.54,CREDIT_CARD,GAMING,10.4_FRAUDULENT_TRANSACTION,1,0,829,0,0,0
pay_00004640,4471.22,CREDIT_CARD,TRAVEL,13.1_MERCHANDISE_NOT_RECEIVED,1,1,257,0,0,0
pay_00004641,662.96,DEBIT_CARD,DIGITAL_SERVICES,13.1_MERCHANDISE_NOT_RECEIVED,1,0,64,0,0,0
pay_00004642,3033.25,DEBIT_CARD,TRAVEL,10.4_FRAUDULENT_TRANSACTION,1,1,731,0,1,0
pay_00004643,311.8,CREDIT_CARD,TRAVEL,13.3_NOT_AS_DESCRIBED,1,1,142,0,0,1
pay_00004644,1931.38,DEBIT_CARD,DIGITAL_SERVICES,13.3_NOT_AS_DESCRIBED,1,0,297,0,0,0
pay_00004645,2132.06,UPI,TRAVEL,10.4_FRAUDULENT_TRANSACTION,1,0,766,1,0,0
pay_00004646,1798.52,NETBANKING,TRAVEL,13.3_NOT_AS_DESCRIBED,1,1,73,0,0,0
pay_00004647,536.16,CREDIT_CARD,TRAVEL,10.4_FRAUDULENT_TRANSACTION,0,0,964,1,0,0
pay_00004648,3195.86,DEBIT_CARD,GAMING,13.3_NOT_AS_DESCRIBED,0,0,693,0,0,0
pay_00004649,377.43,CREDIT_CARD,DIGITAL_SERVICES,13.1_MERCHANDISE_NOT_RECEIVED,1,2,729,0,0,0
pay_00004650,182.69,UPI,DIGITAL_SERVICES,13.1_MERCHANDISE_NOT_RECEIVED,1,0,415,1,1,0
pay_00004651,1995.93,CREDIT_CARD,DIGITAL_SERVICES,10.4_FRAUDULENT_TRANSACTION,1,0,122,0,0,0
pay_00004652,1067.9,UPI,TRAVEL,10.4_FRAUDULENT_TRANSACTION,1,2,315,0,0,0
pay_00004653,2936.69,CREDIT_CARD,GAMING,10.5_VISA_EASY_PAYMENT,1,2,736,0,0,0
pay_00004654,825.3,UPI,DIGITAL_SERVICES,10.4_FRAUDULENT_TRANSACTION,1,0,450,0,0,0
pay_00004655,376.39,DEBIT_CARD,RETAIL,13.1_MERCHANDISE_NOT_RECEIVED,1,2,752,0,1,0
pay_00004656,2815.88,CREDIT_CARD,DIGITAL_SERVICES,10.5_VISA_EASY_PAYMENT,1,0,805,1,0,1
pay_00004657,1294.13,CREDIT_CARD,ELECTRONICS,10.4_FRAUDULENT_TRANSACTION,1,3,756,0,0,0
pay_00004658,414.59,UPI,RETAIL,10.4_FRAUDULENT_TRANSACTION,1,0,562,0,0,0
pay_00004659,2011.51,WALLET,DIGITAL_SERVICES,13.3_NOT_AS_DESCRIBED,1,0,194,0,0,0
pay_00004660,1173.44,DEBIT_CARD,TRAVEL,10.5_VISA_EASY_PAYMENT,1,1,526,1,1,0
pay_00004661,1490.7,DEBIT_CARD,DIGITAL_SERVICES,10.4_FRAUDULENT_TRANSACTION,1,2,399,0,0,0
pay_00004662,1026.78,UPI,GAMING,13.1_MERCHANDISE_NOT_RECEIVED,0,1,281,0,0,0
pay_00004663,2746.59,CREDIT_CARD,GAMING,10.5_VISA_EASY_PAYMENT,1,1,458,0,1,0
pay_00004664,2754.08,UPI,DIGITAL_SERVICES,10.4_FRAUDULENT_TRANSACTION,1,1,348,0,0,0
pay_00004665,1953.65,CREDIT_CARD,TRAVEL,10.4_FRAUDULENT_TRANSACTION,0,0,752,0,0,0
pay_00004666,267.07,UPI,TRAVEL,13.1_MERCHANDISE_NOT_RECEIVED,1,1,520,0,0,0
pay_00004667,2838.17,CREDIT_CARD,TRAVEL,10.4_FRAUDULENT_TRANSACTION,1,1,698,0,0,0
pay_00004668,1767.61,CREDIT_CARD,DIGITAL_SERVICES,13.1_MERCHANDISE_NOT_RECEIVED,1,0,378,0,0,0
pay_00004669,1891.15,UPI,DIGITAL_SERVICES,13.1_MERCHANDISE_NOT_RECEIVED,1,1,760,0,0,0
pay_00004670,776.44,UPI,ELECTRONICS,10.4_FRAUDULENT_TRANSACTION,1,0,440,0,0,0
pay_00004671,3271.42,NETBANKING,GAMING,13.3_NOT_AS_DESCRIBED,1,0,501,0,0,0
pay_00004672,2038.5,UPI,RETAIL,10.4_FRAUDULENT_TRANSACTION,1,2,910,0,0,0
pay_00004673,279.17,DEBIT_CARD,RETAIL,10.4_FRAUDULENT_TRANSACTION,1,0,84,3,0,0
pay_00004674,885.81,UPI,GAMING,10.4_FRAUDULENT_TRANSACTION,1,0,42,0,0,0
pay_00004675,3362.35,UPI,ELECTRONICS,13.3_NOT_AS_DESCRIBED,1,0,269,2,0,0
pay_00004676,172.52,UPI,GAMING,10.4_FRAUDULENT_TRANSACTION,1,0,531,3,0,0
pay_00004677,4982.4,DEBIT_CARD,ELECTRONICS,10.4_FRAUDULENT_TRANSACTION,1,0,34,0,0,0
pay_00004678,1805.23,UPI,ELECTRONICS,10.5_VISA_EASY_PAYMENT,1,0,474,1,0,0
pay_00004679,1596.97,NETBANKING,TRAVEL,10.5_VISA_EASY_PAYMENT,1,2,869,0,0,0
pay_00004680,573.22,CREDIT_CARD,GAMING,10.4_FRAUDULENT_TRANSACTION,1,0,174,0,0,0
pay_00004681,529.11,UPI,RETAIL,10.4_FRAUDULENT_TRANSACTION,1,0,728,0,0,0
pay_00004682,4372.47,DEBIT_CARD,DIGITAL_SERVICES,13.1_MERCHANDISE_NOT_RECEIVED,0,1,373,0,0,0
pay_00004683,631.32,UPI,DIGITAL_SERVICES,13.1_MERCHANDISE_NOT_RECEIVED,1,1,823,0,0,0
pay_00004684,2340.85,DEBIT_CARD,GAMING,10.5_VISA_EASY_PAYMENT,1,0,981,0,0,0
pay_00004685,849.14,UPI,DIGITAL_SERVICES,10.4_FRAUDULENT_TRANSACTION,1,0,960,0,0,0
pay_00004686,324.93,UPI,ELECTRONICS,10.4_FRAUDULENT_TRANSACTION,1,0,506,0,0,0
pay_00004687,116.16,DEBIT_CARD,DIGITAL_SERVICES,13.1_MERCHANDISE_NOT_RECEIVED,0,0,185,0,0,0
pay_00004688,1278.74,WALLET,ELECTRONICS,13.1_MERCHANDISE_NOT_RECEIVED,1,0,984,1,0,0
pay_00004689,5680.79,UPI,ELECTRONICS,13.1_MERCHANDISE_NOT_RECEIVED,1,0,200,2,0,1
pay_00004690,791.0,DEBIT_CARD,RETAIL,13.3_NOT_AS_DESCRIBED,1,1,960,0,0,0
pay_00004691,762.86,UPI,DIGITAL_SERVICES,13.1_MERCHANDISE_NOT_RECEIVED,1,1,609,0,0,0
pay_00004692,732.6,DEBIT_CARD,RETAIL,10.4_FRAUDULENT_TRANSACTION,1,1,133,1,0,0
pay_00004693,1202.65,CREDIT_CARD,DIGITAL_SERVICES,13.1_MERCHANDISE_NOT_RECEIVED,0,0,985,0,0,0
pay_00004694,971.51,UPI,ELECTRONICS,10.4_FRAUDULENT_TRANSACTION,0,0,43,0,0,0
pay_00004695,3279.33,UPI,DIGITAL_SERVICES,10.4_FRAUDULENT_TRANSACTION,1,1,104,0,0,0
pay_00004696,1156.38,UPI,RETAIL,10.5_VISA_EASY_PAYMENT,1,1,17,0,0,0
pay_00004697,1163.18,UPI,TRAVEL,13.1_MERCHANDISE_NOT_RECEIVED,1,1,89,0,0,0
pay_00004698,323.4,UPI,RETAIL,10.4_FRAUDULENT_TRANSACTION,1,0,490,0,0,0
pay_00004699,6189.01,CREDIT_CARD,TRAVEL,10.4_FRAUDULENT_TRANSACTION,1,1,686,0,0,1
pay_00004700,531.47,WALLET,GAMING,10.4_FRAUDULENT_TRANSACTION,1,0,161,1,0,0
pay_00004701,214.29,UPI,RETAIL,10.4_FRAUDULENT_TRANSACTION,1,1,837,0,0,0
pay_00004702,1732.16,CREDIT_CARD,DIGITAL_SERVICES,13.1_MERCHANDISE_NOT_RECEIVED,1,1,783,0,0,0
pay_00004703,1457.16,CREDIT_CARD,TRAVEL,13.1_MERCHANDISE_NOT_RECEIVED,1,0,554,2,0,0
pay_00004704,904.59,NETBANKING,DIGITAL_SERVICES,10.4_FRAUDULENT_TRANSACTION,0,2,911,0,1,0
pay_00004705,922.77,CREDIT_CARD,TRAVEL,10.4_FRAUDULENT_TRANSACTION,0,0,961,0,0,0
pay_00004706,2406.12,CREDIT_CARD,RETAIL,10.4_FRAUDULENT_TRANSACTION,1,0,703,1,0,0
pay_00004707,426.7,UPI,RETAIL,10.4_FRAUDULENT_TRANSACTION,0,0,56,0,0,0
pay_00004708,2674.31,UPI,DIGITAL_SERVICES,10.4_FRAUDULENT_TRANSACTION,1,0,683,0,0,0
pay_00004709,1669.37,UPI,RETAIL,13.3_NOT_AS_DESCRIBED,1,0,594,0,0,0
pay_00004710,914.43,UPI,DIGITAL_SERVICES,13.3_NOT_AS_DESCRIBED,1,0,966,0,0,0
pay_00004711,1018.81,UPI,ELECTRONICS,10.5_VISA_EASY_PAYMENT,1,0,802,0,0,0
pay_00004712,544.88,CREDIT_CARD,TRAVEL,13.1_MERCHANDISE_NOT_RECEIVED,1,0,194,0,0,0
pay_00004713,2192.18,UPI,DIGITAL_SERVICES,13.1_MERCHANDISE_NOT_RECEIVED,0,0,465,0,0,0
pay_00004714,1178.85,CREDIT_CARD,TRAVEL,10.4_FRAUDULENT_TRANSACTION,1,0,886,1,1,0
pay_00004715,680.38,UPI,ELECTRONICS,10.4_FRAUDULENT_TRANSACTION,1,0,69,1,0,0
pay_00004716,1459.7,NETBANKING,TRAVEL,13.1_MERCHANDISE_NOT_RECEIVED,1,1,20,0,0,0
pay_00004717,8285.78,NETBANKING,DIGITAL_SERVICES,10.4_FRAUDULENT_TRANSACTION,1,1,654,0,0,0
pay_00004718,957.09,UPI,RETAIL,13.3_NOT_AS_DESCRIBED,1,1,204,2,0,0
pay_00004719,3901.61,UPI,TRAVEL,10.4_FRAUDULENT_TRANSACTION,1,0,836,0,0,0
pay_00004720,734.72,CREDIT_CARD,TRAVEL,10.5_VISA_EASY_PAYMENT,1,0,297,0,0,0
pay_00004721,184.43,UPI,ELECTRONICS,10.4_FRAUDULENT_TRANSACTION,1,0,187,0,0,0
pay_00004722,442.69,UPI,GAMING,10.4_FRAUDULENT_TRANSACTION,1,1,50,0,0,0
pay_00004723,913.72,UPI,RETAIL,13.3_NOT_AS_DESCRIBED,0,2,202,0,0,0
pay_00004724,471.99,NETBANKING,DIGITAL_SERVICES,10.4_FRAUDULENT_TRANSACTION,1,0,423,0,0,0
pay_00004725,100.34,NETBANKING,ELECTRONICS,13.3_NOT_AS_DESCRIBED,1,0,158,1,0,0
pay_00004726,3797.68,CREDIT_CARD,DIGITAL_SERVICES,10.4_FRAUDULENT_TRANSACTION,1,0,165,0,0,0
pay_00004727,2885.69,CREDIT_CARD,DIGITAL_SERVICES,13.1_MERCHANDISE_NOT_RECEIVED,1,0,303,0,1,0
pay_00004728,2133.89,NETBANKING,TRAVEL,10.4_FRAUDULENT_TRANSACTION,1,1,126,0,0,0
pay_00004729,375.55,NETBANKING,ELECTRONICS,10.4_FRAUDULENT_TRANSACTION,1,0,730,0,0,0
pay_00004730,292.37,WALLET,ELECTRONICS,13.1_MERCHANDISE_NOT_RECEIVED,1,0,941,0,1,1
pay_00004731,205.0,UPI,RETAIL,10.4_FRAUDULENT_TRANSACTION,0,0,313,1,0,0
pay_00004732,2031.19,UPI,GAMING,10.4_FRAUDULENT_TRANSACTION,0,1,900,0,0,1
pay_00004733,4063.56,CREDIT_CARD,DIGITAL_SERVICES,13.3_NOT_AS_DESCRIBED,1,0,262,2,0,0
pay_00004734,944.59,CREDIT_CARD,RETAIL,10.5_VISA_EASY_PAYMENT,1,0,911,0,0,0
pay_00004735,290.29,UPI,RETAIL,10.4_FRAUDULENT_TRANSACTION,1,0,621,0,0,0
pay_00004736,1177.37,UPI,DIGITAL_SERVICES,10.4_FRAUDULENT_TRANSACTION,1,0,941,0,0,0
pay_00004737,743.48,NETBANKING,TRAVEL,13.1_MERCHANDISE_NOT_RECEIVED,0,1,594,0,0,0
pay_00004738,804.59,NETBANKING,TRAVEL,13.3_NOT_AS_DESCRIBED,1,0,849,0,0,0
pay_00004739,1556.64,UPI,DIGITAL_SERVICES,10.5_VISA_EASY_PAYMENT,1,1,444,0,0,0
pay_00004740,2002.6,NETBANKING,ELECTRONICS,10.4_FRAUDULENT_TRANSACTION,1,1,481,0,0,0
pay_00004741,275.82,CREDIT_CARD,GAMING,13.1_MERCHANDISE_NOT_RECEIVED,1,0,612,1,0,1
pay_00004742,154.36,DEBIT_CARD,TRAVEL,10.4_FRAUDULENT_TRANSACTION,1,0,619,0,0,0
pay_00004743,7858.93,UPI,GAMING,10.4_FRAUDULENT_TRANSACTION,1,0,857,0,0,0
pay_00004744,497.37,UPI,RETAIL,10.4_FRAUDULENT_TRANSACTION,1,0,627,0,0,0
pay_00004745,183.0,UPI,RETAIL,10.4_FRAUDULENT_TRANSACTION,1,0,924,0,1,0
pay_00004746,415.85,UPI,DIGITAL_SERVICES,13.1_MERCHANDISE_NOT_RECEIVED,1,0,333,0,0,0
pay_00004747,159.61,CREDIT_CARD,DIGITAL_SERVICES,10.4_FRAUDULENT_TRANSACTION,1,0,288,0,0,0
pay_00004748,845.9,UPI,DIGITAL_SERVICES,13.3_NOT_AS_DESCRIBED,1,0,944,0,0,0
pay_00004749,2532.28,WALLET,TRAVEL,13.1_MERCHANDISE_NOT_RECEIVED,1,0,403,0,0,0
pay_00004750,726.1,UPI,GAMING,10.4_FRAUDULENT_TRANSACTION,1,0,31,0,0,0
pay_00004751,980.98,UPI,RETAIL,13.3_NOT_AS_DESCRIBED,1,0,719,0,0,0
pay_00004752,1788.61,CREDIT_CARD,GAMING,10.5_VISA_EASY_PAYMENT,0,2,956,0,0,0
pay_00004753,1166.64,CREDIT_CARD,TRAVEL,13.1_MERCHANDISE_NOT_RECEIVED,1,0,556,0,0,0
pay_00004754,3064.74,UPI,GAMING,10.4_FRAUDULENT_TRANSACTION,1,0,407,0,0,0
pay_00004755,3115.27,DEBIT_CARD,GAMING,10.4_FRAUDULENT_TRANSACTION,1,3,488,2,0,1
pay_00004756,114.94,CREDIT_CARD,DIGITAL_SERVICES,10.4_FRAUDULENT_TRANSACTION,1,1,27,0,0,0
pay_00004757,2357.93,CREDIT_CARD,GAMING,10.4_FRAUDULENT_TRANSACTION,1,0,502,0,1,0
pay_00004758,1026.32,DEBIT_CARD,GAMING,10.4_FRAUDULENT_TRANSACTION,1,1,641,0,0,0
pay_00004759,6843.2,UPI,GAMING,13.1_MERCHANDISE_NOT_RECEIVED,1,1,150,0,0,0
pay_00004760,1090.24,CREDIT_CARD,ELECTRONICS,10.4_FRAUDULENT_TRANSACTION,0,0,904,0,0,1
pay_00004761,6602.25,NETBANKING,RETAIL,10.4_FRAUDULENT_TRANSACTION,1,0,325,1,0,0
pay_00004762,2207.11,UPI,RETAIL,10.4_FRAUDULENT_TRANSACTION,1,0,280,0,0,0
pay_00004763,528.74,UPI,GAMING,10.4_FRAUDULENT_TRANSACTION,1,0,636,2,0,0
pay_00004764,1259.57,NETBANKING,DIGITAL_SERVICES,10.4_FRAUDULENT_TRANSACTION,0,0,289,0,0,0
pay_00004765,7368.12,UPI,DIGITAL_SERVICES,10.4_FRAUDULENT_TRANSACTION,1,1,908,0,1,0
pay_00004766,3022.94,UPI,DIGITAL_SERVICES,13.3_NOT_AS_DESCRIBED,0,0,772,0,0,1
pay_00004767,253.66,WALLET,RETAIL,13.1_MERCHANDISE_NOT_RECEIVED,1,0,576,0,0,0
pay_00004768,1938.16,UPI,TRAVEL,10.4_FRAUDULENT_TRANSACTION,1,2,719,1,0,0
pay_00004769,736.01,UPI,GAMING,10.5_VISA_EASY_PAYMENT,0,0,828,0,0,0
pay_00004770,110.51,NETBANKING,RETAIL,13.3_NOT_AS_DESCRIBED,1,1,905,0,0,0
pay_00004771,874.97,NETBANKING,DIGITAL_SERVICES,10.4_FRAUDULENT_TRANSACTION,1,0,554,0,1,0
pay_00004772,501.34,UPI,RETAIL,10.4_FRAUDULENT_TRANSACTION,1,1,821,0,0,0
pay_00004773,2662.8,CREDIT_CARD,RETAIL,10.4_FRAUDULENT_TRANSACTION,1,1,973,0,0,0
pay_00004774,717.22,DEBIT_CARD,RETAIL,10.4_FRAUDULENT_TRANSACTION,1,0,202,0,0,0
pay_00004775,2736.24,DEBIT_CARD,DIGITAL_SERVICES,10.4_FRAUDULENT_TRANSACTION,1,1,572,0,1,1
pay_00004776,100.9,UPI,TRAVEL,13.1_MERCHANDISE_NOT_RECEIVED,1,0,362,0,0,0
pay_00004777,651.86,UPI,ELECTRONICS,13.3_NOT_AS_DESCRIBED,1,1,910,0,0,0
pay_00004778,513.96,UPI,GAMING,10.4_FRAUDULENT_TRANSACTION,0,0,307,0,0,0
pay_00004779,499.01,NETBANKING,GAMING,10.4_FRAUDULENT_TRANSACTION,1,0,377,0,0,0
pay_00004780,205.93,NETBANKING,RETAIL,10.4_FRAUDULENT_TRANSACTION,1,0,65,0,0,0
pay_00004781,410.77,WALLET,TRAVEL,10.5_VISA_EASY_PAYMENT,1,1,923,0,0,0
pay_00004782,1316.38,NETBANKING,DIGITAL_SERVICES,10.4_FRAUDULENT_TRANSACTION,1,1,534,0,1,0
pay_00004783,616.61,CREDIT_CARD,ELECTRONICS,10.4_FRAUDULENT_TRANSACTION,1,0,278,0,0,0
pay_00004784,910.37,UPI,ELECTRONICS,10.4_FRAUDULENT_TRANSACTION,1,0,474,0,0,0
pay_00004785,809.49,DEBIT_CARD,RETAIL,13.1_MERCHANDISE_NOT_RECEIVED,1,1,448,0,0,0
pay_00004786,3230.06,DEBIT_CARD,RETAIL,10.4_FRAUDULENT_TRANSACTION,1,1,383,0,0,0
pay_00004787,3635.55,CREDIT_CARD,DIGITAL_SERVICES,13.3_NOT_AS_DESCRIBED,1,0,24,0,0,0
pay_00004788,1118.74,UPI,DIGITAL_SERVICES,10.4_FRAUDULENT_TRANSACTION,1,0,542,0,0,0
pay_00004789,701.07,NETBANKING,DIGITAL_SERVICES,10.4_FRAUDULENT_TRANSACTION,1,0,40,0,0,0
pay_00004790,269.42,UPI,RETAIL,10.4_FRAUDULENT_TRANSACTION,1,0,81,0,0,0
pay_00004791,4699.32,UPI,TRAVEL,13.3_NOT_AS_DESCRIBED,1,0,919,0,1,0
pay_00004792,193.18,CREDIT_CARD,RETAIL,10.4_FRAUDULENT_TRANSACTION,0,0,650,1,0,0
pay_00004793,629.99,CREDIT_CARD,RETAIL,13.3_NOT_AS_DESCRIBED,1,0,801,0,1,0
pay_00004794,630.87,UPI,ELECTRONICS,10.4_FRAUDULENT_TRANSACTION,0,2,584,0,1,0
pay_00004795,679.38,DEBIT_CARD,DIGITAL_SERVICES,10.4_FRAUDULENT_TRANSACTION,1,1,773,0,0,0
pay_00004796,369.2,UPI,GAMING,13.3_NOT_AS_DESCRIBED,1,1,482,0,0,0
pay_00004797,2392.9,UPI,DIGITAL_SERVICES,10.4_FRAUDULENT_TRANSACTION,1,0,243,0,0,0
pay_00004798,296.01,UPI,TRAVEL,10.4_FRAUDULENT_TRANSACTION,0,1,667,0,0,0
pay_00004799,1611.4,DEBIT_CARD,TRAVEL,10.4_FRAUDULENT_TRANSACTION,1,1,318,0,0,0
pay_00004800,298.32,WALLET,DIGITAL_SERVICES,10.4_FRAUDULENT_TRANSACTION,1,0,735,0,0,0
pay_00004801,209.72,DEBIT_CARD,DIGITAL_SERVICES,10.4_FRAUDULENT_TRANSACTION,1,2,921,0,0,1
pay_00004802,3702.44,NETBANKING,RETAIL,10.4_FRAUDULENT_TRANSACTION,1,0,450,0,0,0
pay_00004803,416.32,UPI,GAMING,10.4_FRAUDULENT_TRANSACTION,1,1,532,0,1,0
pay_00004804,2682.65,UPI,RETAIL,10.4_FRAUDULENT_TRANSACTION,1,0,119,0,0,0
pay_00004805,1279.97,CREDIT_CARD,ELECTRONICS,13.1_MERCHANDISE_NOT_RECEIVED,1,2,632,2,0,0
pay_00004806,221.58,UPI,ELECTRONICS,10.4_FRAUDULENT_TRANSACTION,1,0,811,2,0,0
pay_00004807,4766.65,DEBIT_CARD,TRAVEL,13.1_MERCHANDISE_NOT_RECEIVED,1,0,579,0,0,0
pay_00004808,525.46,CREDIT_CARD,TRAVEL,10.4_FRAUDULENT_TRANSACTION,1,0,698,0,0,0
pay_00004809,3045.37,WALLET,GAMING,13.1_MERCHANDISE_NOT_RECEIVED,1,0,506,1,0,0
pay_00004810,377.35,UPI,TRAVEL,13.1_MERCHANDISE_NOT_RECEIVED,1,0,425,0,0,0
pay_00004811,2985.64,UPI,ELECTRONICS,13.1_MERCHANDISE_NOT_RECEIVED,0,0,232,1,0,1
pay_00004812,119.98,CREDIT_CARD,GAMING,13.1_MERCHANDISE_NOT_RECEIVED,1,0,576,0,0,0
pay_00004813,1175.49,UPI,ELECTRONICS,10.4_FRAUDULENT_TRANSACTION,1,1,870,1,1,0
pay_00004814,2300.88,CREDIT_CARD,DIGITAL_SERVICES,10.4_FRAUDULENT_TRANSACTION,1,0,302,0,0,0
pay_00004815,4195.34,UPI,DIGITAL_SERVICES,13.1_MERCHANDISE_NOT_RECEIVED,1,0,444,3,0,0
pay_00004816,3698.68,UPI,GAMING,10.4_FRAUDULENT_TRANSACTION,1,0,744,0,0,0
pay_00004817,2669.07,UPI,RETAIL,10.4_FRAUDULENT_TRANSACTION,1,0,911,0,0,0
pay_00004818,3386.45,UPI,TRAVEL,10.4_FRAUDULENT_TRANSACTION,1,0,539,0,0,0
pay_00004819,433.25,CREDIT_CARD,GAMING,10.4_FRAUDULENT_TRANSACTION,1,0,186,0,0,0
pay_00004820,601.5,UPI,TRAVEL,13.1_MERCHANDISE_NOT_RECEIVED,1,1,152,0,0,0
pay_00004821,611.56,UPI,ELECTRONICS,10.4_FRAUDULENT_TRANSACTION,1,1,931,1,0,1
pay_00004822,809.94,UPI,RETAIL,10.4_FRAUDULENT_TRANSACTION,0,0,535,0,0,0
pay_00004823,849.63,UPI,TRAVEL,10.5_VISA_EASY_PAYMENT,1,0,520,0,0,0
pay_00004824,1279.72,UPI,DIGITAL_SERVICES,10.4_FRAUDULENT_TRANSACTION,0,0,892,0,0,0
pay_00004825,361.32,UPI,DIGITAL_SERVICES,10.4_FRAUDULENT_TRANSACTION,1,2,214,2,0,1
pay_00004826,1862.82,CREDIT_CARD,ELECTRONICS,13.3_NOT_AS_DESCRIBED,1,1,656,0,0,0
pay_00004827,375.1,CREDIT_CARD,GAMING,10.4_FRAUDULENT_TRANSACTION,1,1,966,0,1,0
pay_00004828,657.27,CREDIT_CARD,TRAVEL,10.5_VISA_EASY_PAYMENT,1,2,487,0,0,0
pay_00004829,1149.79,DEBIT_CARD,ELECTRONICS,10.4_FRAUDULENT_TRANSACTION,1,1,957,0,0,0
pay_00004830,2487.7,UPI,DIGITAL_SERVICES,10.4_FRAUDULENT_TRANSACTION,1,0,877,0,0,0
pay_00004831,2117.55,CREDIT_CARD,DIGITAL_SERVICES,10.4_FRAUDULENT_TRANSACTION,1,0,698,0,0,0
pay_00004832,1655.72,DEBIT_CARD,DIGITAL_SERVICES,13.1_MERCHANDISE_NOT_RECEIVED,1,0,413,0,0,0
pay_00004833,354.0,UPI,RETAIL,10.5_VISA_EASY_PAYMENT,1,0,767,0,1,0
pay_00004834,1287.94,DEBIT_CARD,RETAIL,13.3_NOT_AS_DESCRIBED,1,0,319,0,0,0
pay_00004835,237.26,UPI,DIGITAL_SERVICES,13.1_MERCHANDISE_NOT_RECEIVED,0,0,666,0,0,0
pay_00004836,810.69,UPI,GAMING,10.4_FRAUDULENT_TRANSACTION,0,1,905,0,0,0
pay_00004837,900.42,DEBIT_CARD,RETAIL,13.3_NOT_AS_DESCRIBED,1,2,403,0,0,1
pay_00004838,160.94,UPI,TRAVEL,13.3_NOT_AS_DESCRIBED,1,1,839,0,0,0
pay_00004839,580.28,UPI,RETAIL,10.4_FRAUDULENT_TRANSACTION,1,0,624,0,0,0
pay_00004840,4773.45,UPI,TRAVEL,13.3_NOT_AS_DESCRIBED,1,0,793,1,0,0
pay_00004841,4706.74,UPI,RETAIL,13.3_NOT_AS_DESCRIBED,0,0,536,0,0,0
pay_00004842,751.55,UPI,DIGITAL_SERVICES,13.1_MERCHANDISE_NOT_RECEIVED,1,0,39,0,1,0
pay_00004843,166.08,CREDIT_CARD,TRAVEL,10.4_FRAUDULENT_TRANSACTION,1,2,687,0,0,0
pay_00004844,396.02,DEBIT_CARD,GAMING,10.5_VISA_EASY_PAYMENT,1,0,701,1,0,1
pay_00004845,846.91,DEBIT_CARD,RETAIL,10.4_FRAUDULENT_TRANSACTION,0,0,613,0,0,1
pay_00004846,4528.43,UPI,RETAIL,13.1_MERCHANDISE_NOT_RECEIVED,1,0,738,0,0,0
pay_00004847,328.33,WALLET,DIGITAL_SERVICES,10.4_FRAUDULENT_TRANSACTION,0,0,157,0,0,0
pay_00004848,2262.81,CREDIT_CARD,TRAVEL,10.5_VISA_EASY_PAYMENT,1,1,866,0,0,0
pay_00004849,272.58,UPI,DIGITAL_SERVICES,10.4_FRAUDULENT_TRANSACTION,1,0,788,2,1,1
pay_00004850,6065.45,DEBIT_CARD,TRAVEL,13.1_MERCHANDISE_NOT_RECEIVED,1,1,773,0,0,0
pay_00004851,820.97,DEBIT_CARD,RETAIL,10.4_FRAUDULENT_TRANSACTION,1,0,236,0,0,0
pay_00004852,2339.05,DEBIT_CARD,RETAIL,13.1_MERCHANDISE_NOT_RECEIVED,0,1,420,0,0,0
pay_00004853,729.17,UPI,RETAIL,10.5_VISA_EASY_PAYMENT,1,1,478,0,0,0
pay_00004854,1581.96,UPI,RETAIL,10.5_VISA_EASY_PAYMENT,1,0,379,0,0,0
pay_00004855,419.82,NETBANKING,ELECTRONICS,10.4_FRAUDULENT_TRANSACTION,1,0,702,0,0,0
pay_00004856,336.77,CREDIT_CARD,RETAIL,10.4_FRAUDULENT_TRANSACTION,1,1,690,0,0,0
pay_00004857,4272.48,CREDIT_CARD,RETAIL,10.4_FRAUDULENT_TRANSACTION,1,0,788,0,0,1
pay_00004858,3845.12,CREDIT_CARD,TRAVEL,10.4_FRAUDULENT_TRANSACTION,1,0,651,1,0,1
pay_00004859,3376.79,DEBIT_CARD,RETAIL,13.3_NOT_AS_DESCRIBED,1,0,125,1,0,0
pay_00004860,1572.98,UPI,RETAIL,13.1_MERCHANDISE_NOT_RECEIVED,1,0,469,0,0,0
pay_00004861,2577.49,CREDIT_CARD,TRAVEL,10.4_FRAUDULENT_TRANSACTION,1,0,148,0,0,0
pay_00004862,207.3,UPI,RETAIL,10.4_FRAUDULENT_TRANSACTION,1,0,774,0,0,0
pay_00004863,711.48,CREDIT_CARD,RETAIL,13.1_MERCHANDISE_NOT_RECEIVED,1,1,685,0,0,0
pay_00004864,664.67,DEBIT_CARD,DIGITAL_SERVICES,10.4_FRAUDULENT_TRANSACTION,1,0,282,0,0,0
pay_00004865,1614.44,UPI,ELECTRONICS,10.4_FRAUDULENT_TRANSACTION,1,0,151,0,0,0
pay_00004866,759.99,CREDIT_CARD,TRAVEL,10.4_FRAUDULENT_TRANSACTION,1,1,389,0,0,0
pay_00004867,341.15,UPI,DIGITAL_SERVICES,10.4_FRAUDULENT_TRANSACTION,1,0,921,0,0,0
pay_00004868,1461.25,UPI,GAMING,10.4_FRAUDULENT_TRANSACTION,1,0,477,0,0,0
pay_00004869,2626.11,UPI,GAMING,10.5_VISA_EASY_PAYMENT,1,0,4,0,0,0
pay_00004870,822.2,UPI,ELECTRONICS,10.4_FRAUDULENT_TRANSACTION,1,2,859,0,0,0
pay_00004871,312.81,UPI,GAMING,13.3_NOT_AS_DESCRIBED,1,0,906,0,0,0
pay_00004872,428.52,UPI,ELECTRONICS,13.1_MERCHANDISE_NOT_RECEIVED,1,1,162,0,0,0
pay_00004873,506.7,DEBIT_CARD,GAMING,13.1_MERCHANDISE_NOT_RECEIVED,1,0,603,0,0,0
pay_00004874,634.79,DEBIT_CARD,GAMING,10.4_FRAUDULENT_TRANSACTION,1,1,442,0,0,0
pay_00004875,1644.17,CREDIT_CARD,DIGITAL_SERVICES,10.4_FRAUDULENT_TRANSACTION,1,0,776,2,0,0
pay_00004876,1477.99,UPI,GAMING,10.4_FRAUDULENT_TRANSACTION,1,0,126,0,0,0
pay_00004877,1886.49,NETBANKING,ELECTRONICS,13.1_MERCHANDISE_NOT_RECEIVED,1,0,948,0,0,0
pay_00004878,775.31,CREDIT_CARD,RETAIL,13.1_MERCHANDISE_NOT_RECEIVED,1,1,116,0,0,0
pay_00004879,2705.89,UPI,RETAIL,10.5_VISA_EASY_PAYMENT,1,0,867,0,0,0
pay_00004880,442.4,DEBIT_CARD,RETAIL,10.4_FRAUDULENT_TRANSACTION,1,1,540,0,0,0
pay_00004881,1049.6,UPI,ELECTRONICS,10.4_FRAUDULENT_TRANSACTION,1,2,137,1,0,1
pay_00004882,2521.21,CREDIT_CARD,ELECTRONICS,10.4_FRAUDULENT_TRANSACTION,0,0,674,0,0,1
pay_00004883,397.97,UPI,RETAIL,10.4_FRAUDULENT_TRANSACTION,1,1,187,0,0,0
pay_00004884,274.57,UPI,GAMING,10.4_FRAUDULENT_TRANSACTION,1,0,478,1,0,0
pay_00004885,3327.17,NETBANKING,RETAIL,13.3_NOT_AS_DESCRIBED,1,1,401,0,0,0
pay_00004886,729.95,UPI,TRAVEL,10.4_FRAUDULENT_TRANSACTION,1,2,380,0,0,0
pay_00004887,1827.4,UPI,ELECTRONICS,13.3_NOT_AS_DESCRIBED,1,0,33,0,0,0
pay_00004888,138.51,NETBANKING,TRAVEL,10.4_FRAUDULENT_TRANSACTION,0,1,824,1,0,1
pay_00004889,1857.0,NETBANKING,TRAVEL,10.4_FRAUDULENT_TRANSACTION,0,1,829,0,0,1
pay_00004890,669.92,CREDIT_CARD,ELECTRONICS,13.1_MERCHANDISE_NOT_RECEIVED,1,1,989,0,0,0
pay_00004891,186.03,UPI,RETAIL,10.4_FRAUDULENT_TRANSACTION,1,0,881,0,0,0
pay_00004892,1511.69,UPI,DIGITAL_SERVICES,10.5_VISA_EASY_PAYMENT,1,0,805,0,0,0
pay_00004893,513.24,DEBIT_CARD,TRAVEL,13.3_NOT_AS_DESCRIBED,1,0,13,0,0,0
pay_00004894,833.61,UPI,RETAIL,13.1_MERCHANDISE_NOT_RECEIVED,1,0,925,0,0,0
pay_00004895,226.02,UPI,DIGITAL_SERVICES,10.5_VISA_EASY_PAYMENT,1,0,296,2,0,0
pay_00004896,338.78,CREDIT_CARD,TRAVEL,10.4_FRAUDULENT_TRANSACTION,1,1,254,1,0,0
pay_00004897,630.68,UPI,RETAIL,10.4_FRAUDULENT_TRANSACTION,1,1,359,0,0,0
pay_00004898,241.07,UPI,TRAVEL,13.3_NOT_AS_DESCRIBED,1,1,823,0,0,0
pay_00004899,3725.75,UPI,RETAIL,10.4_FRAUDULENT_TRANSACTION,1,0,14,1,1,0
pay_00004900,109.1,UPI,GAMING,10.4_FRAUDULENT_TRANSACTION,1,0,264,0,0,0
pay_00004901,1092.07,UPI,GAMING,10.4_FRAUDULENT_TRANSACTION,1,0,160,0,0,0
pay_00004902,297.3,UPI,ELECTRONICS,10.4_FRAUDULENT_TRANSACTION,1,1,907,0,0,0
pay_00004903,651.56,UPI,DIGITAL_SERVICES,13.1_MERCHANDISE_NOT_RECEIVED,1,0,739,0,0,0
pay_00004904,4006.74,DEBIT_CARD,TRAVEL,10.4_FRAUDULENT_TRANSACTION,1,1,325,0,0,0
pay_00004905,364.56,DEBIT_CARD,TRAVEL,10.4_FRAUDULENT_TRANSACTION,0,1,690,0,0,1
pay_00004906,5164.71,UPI,RETAIL,10.4_FRAUDULENT_TRANSACTION,1,0,677,3,0,0
pay_00004907,445.62,CREDIT_CARD,DIGITAL_SERVICES,10.4_FRAUDULENT_TRANSACTION,1,1,45,0,0,0
pay_00004908,2129.67,UPI,TRAVEL,13.3_NOT_AS_DESCRIBED,1,0,453,0,0,0
pay_00004909,1286.73,UPI,DIGITAL_SERVICES,13.1_MERCHANDISE_NOT_RECEIVED,1,0,834,0,0,0
pay_00004910,3337.45,UPI,DIGITAL_SERVICES,10.4_FRAUDULENT_TRANSACTION,0,1,666,2,0,1
pay_00004911,1311.13,CREDIT_CARD,GAMING,10.4_FRAUDULENT_TRANSACTION,1,0,798,1,0,0
pay_00004912,1247.16,DEBIT_CARD,TRAVEL,10.4_FRAUDULENT_TRANSACTION,1,2,333,2,0,0
pay_00004913,426.22,CREDIT_CARD,TRAVEL,10.4_FRAUDULENT_TRANSACTION,1,0,892,2,0,0
pay_00004914,372.7,UPI,ELECTRONICS,13.1_MERCHANDISE_NOT_RECEIVED,1,0,550,1,0,0
pay_00004915,3824.17,UPI,DIGITAL_SERVICES,10.4_FRAUDULENT_TRANSACTION,1,0,104,1,0,0
pay_00004916,695.88,DEBIT_CARD,RETAIL,10.4_FRAUDULENT_TRANSACTION,1,0,155,0,0,0
pay_00004917,798.02,UPI,GAMING,13.1_MERCHANDISE_NOT_RECEIVED,1,0,81,0,0,0
pay_00004918,2239.57,DEBIT_CARD,ELECTRONICS,13.1_MERCHANDISE_NOT_RECEIVED,1,0,179,1,1,1
pay_00004919,720.6,CREDIT_CARD,GAMING,13.1_MERCHANDISE_NOT_RECEIVED,1,0,399,0,0,0
pay_00004920,4656.78,DEBIT_CARD,RETAIL,13.1_MERCHANDISE_NOT_RECEIVED,1,0,318,1,0,0
pay_00004921,2108.7,NETBANKING,ELECTRONICS,10.4_FRAUDULENT_TRANSACTION,1,0,609,0,0,0
pay_00004922,1464.83,NETBANKING,GAMING,10.4_FRAUDULENT_TRANSACTION,1,2,30,0,0,0
pay_00004923,3291.63,CREDIT_CARD,RETAIL,13.1_MERCHANDISE_NOT_RECEIVED,1,3,160,1,0,0
pay_00004924,176.32,CREDIT_CARD,ELECTRONICS,10.4_FRAUDULENT_TRANSACTION,1,1,434,0,0,1
pay_00004925,545.72,UPI,RETAIL,10.4_FRAUDULENT_TRANSACTION,1,1,7,0,0,0
pay_00004926,1038.33,NETBANKING,ELECTRONICS,13.3_NOT_AS_DESCRIBED,1,1,807,0,0,0
pay_00004927,486.17,UPI,TRAVEL,13.1_MERCHANDISE_NOT_RECEIVED,1,0,445,0,1,0
pay_00004928,2143.31,UPI,TRAVEL,10.4_FRAUDULENT_TRANSACTION,1,1,784,0,0,0
pay_00004929,3873.82,UPI,GAMING,10.4_FRAUDULENT_TRANSACTION,0,0,715,0,1,0
pay_00004930,926.87,UPI,DIGITAL_SERVICES,13.1_MERCHANDISE_NOT_RECEIVED,0,0,933,1,0,0
pay_00004931,728.13,CREDIT_CARD,DIGITAL_SERVICES,10.4_FRAUDULENT_TRANSACTION,1,0,309,0,0,0
pay_00004932,4987.62,CREDIT_CARD,RETAIL,10.4_FRAUDULENT_TRANSACTION,1,1,590,0,0,0
pay_00004933,982.78,UPI,ELECTRONICS,13.1_MERCHANDISE_NOT_RECEIVED,1,0,663,0,0,0
pay_00004934,1107.22,UPI,TRAVEL,10.4_FRAUDULENT_TRANSACTION,0,0,378,0,1,1
pay_00004935,749.99,NETBANKING,DIGITAL_SERVICES,10.4_FRAUDULENT_TRANSACTION,1,0,187,1,1,1
pay_00004936,3704.41,DEBIT_CARD,TRAVEL,10.4_FRAUDULENT_TRANSACTION,1,0,351,0,0,0
pay_00004937,1362.32,DEBIT_CARD,RETAIL,13.3_NOT_AS_DESCRIBED,1,0,28,0,0,0
pay_00004938,2254.33,UPI,RETAIL,13.3_NOT_AS_DESCRIBED,1,0,490,1,0,0
pay_00004939,2605.43,DEBIT_CARD,ELECTRONICS,13.3_NOT_AS_DESCRIBED,1,1,965,0,0,0
pay_00004940,727.48,UPI,DIGITAL_SERVICES,10.4_FRAUDULENT_TRANSACTION,1,0,344,0,0,0
pay_00004941,952.93,UPI,RETAIL,13.3_NOT_AS_DESCRIBED,1,2,691,0,0,0
pay_00004942,2930.48,UPI,RETAIL,13.3_NOT_AS_DESCRIBED,1,2,722,1,0,1
pay_00004943,777.08,UPI,TRAVEL,10.4_FRAUDULENT_TRANSACTION,1,1,506,0,0,0
pay_00004944,2469.35,UPI,GAMING,10.4_FRAUDULENT_TRANSACTION,0,1,196,0,0,1
pay_00004945,4345.13,WALLET,DIGITAL_SERVICES,13.1_MERCHANDISE_NOT_RECEIVED,0,0,255,2,0,0
pay_00004946,1564.1,UPI,ELECTRONICS,10.5_VISA_EASY_PAYMENT,0,0,215,0,0,1
pay_00004947,2130.03,UPI,ELECTRONICS,10.5_VISA_EASY_PAYMENT,1,0,713,0,0,0
pay_00004948,2552.88,UPI,TRAVEL,10.4_FRAUDULENT_TRANSACTION,1,0,115,0,0,0
pay_00004949,2896.88,UPI,ELECTRONICS,10.5_VISA_EASY_PAYMENT,1,0,651,0,0,0
pay_00004950,853.92,CREDIT_CARD,RETAIL,10.4_FRAUDULENT_TRANSACTION,1,0,803,0,1,1
pay_00004951,178.94,UPI,DIGITAL_SERVICES,10.4_FRAUDULENT_TRANSACTION,1,0,139,0,0,0
pay_00004952,870.94,DEBIT_CARD,ELECTRONICS,10.5_VISA_EASY_PAYMENT,1,1,711,0,0,0
pay_00004953,1780.17,UPI,DIGITAL_SERVICES,13.3_NOT_AS_DESCRIBED,0,0,529,0,0,1
pay_00004954,997.71,CREDIT_CARD,ELECTRONICS,13.1_MERCHANDISE_NOT_RECEIVED,1,0,55,0,0,0
pay_00004955,2173.23,DEBIT_CARD,GAMING,13.3_NOT_AS_DESCRIBED,0,0,594,1,0,1
pay_00004956,762.37,NETBANKING,GAMING,13.1_MERCHANDISE_NOT_RECEIVED,1,0,538,0,0,0
pay_00004957,1610.74,DEBIT_CARD,DIGITAL_SERVICES,10.4_FRAUDULENT_TRANSACTION,1,0,559,0,1,0
pay_00004958,409.47,CREDIT_CARD,GAMING,10.5_VISA_EASY_PAYMENT,1,2,510,2,0,0
pay_00004959,2175.66,UPI,GAMING,10.5_VISA_EASY_PAYMENT,1,0,497,0,0,0
pay_00004960,1283.48,CREDIT_CARD,RETAIL,10.4_FRAUDULENT_TRANSACTION,0,1,538,0,0,0
pay_00004961,442.36,DEBIT_CARD,ELECTRONICS,10.4_FRAUDULENT_TRANSACTION,1,0,313,0,0,0
pay_00004962,617.78,NETBANKING,GAMING,10.4_FRAUDULENT_TRANSACTION,1,0,209,0,0,0
pay_00004963,2171.12,UPI,DIGITAL_SERVICES,13.3_NOT_AS_DESCRIBED,1,0,120,0,0,0
pay_00004964,1088.41,UPI,RETAIL,13.3_NOT_AS_DESCRIBED,0,0,458,0,0,0
pay_00004965,465.08,DEBIT_CARD,GAMING,10.5_VISA_EASY_PAYMENT,1,0,222,1,0,0
pay_00004966,5229.25,UPI,DIGITAL_SERVICES,10.4_FRAUDULENT_TRANSACTION,0,0,591,0,0,0
pay_00004967,1983.56,UPI,ELECTRONICS,13.1_MERCHANDISE_NOT_RECEIVED,1,0,503,0,0,0
pay_00004968,4824.54,UPI,GAMING,13.3_NOT_AS_DESCRIBED,0,0,944,0,0,0
pay_00004969,935.58,CREDIT_CARD,DIGITAL_SERVICES,10.4_FRAUDULENT_TRANSACTION,1,1,794,1,0,1
pay_00004970,1066.82,WALLET,DIGITAL_SERVICES,13.1_MERCHANDISE_NOT_RECEIVED,1,0,41,0,0,0
pay_00004971,3523.52,UPI,TRAVEL,13.1_MERCHANDISE_NOT_RECEIVED,1,0,668,0,0,0
pay_00004972,1216.82,UPI,DIGITAL_SERVICES,13.1_MERCHANDISE_NOT_RECEIVED,1,0,403,2,0,0
pay_00004973,1942.8,UPI,TRAVEL,13.1_MERCHANDISE_NOT_RECEIVED,0,1,1,0,1,0
pay_00004974,535.88,UPI,ELECTRONICS,13.3_NOT_AS_DESCRIBED,1,0,768,0,1,0
pay_00004975,987.85,CREDIT_CARD,ELECTRONICS,10.4_FRAUDULENT_TRANSACTION,1,1,34,0,0,0
pay_00004976,297.64,CREDIT_CARD,RETAIL,10.4_FRAUDULENT_TRANSACTION,1,0,870,0,0,0
pay_00004977,445.97,UPI,TRAVEL,13.3_NOT_AS_DESCRIBED,0,0,344,1,0,1
pay_00004978,101.42,CREDIT_CARD,DIGITAL_SERVICES,10.4_FRAUDULENT_TRANSACTION,1,0,425,2,0,0
pay_00004979,160.09,DEBIT_CARD,RETAIL,10.4_FRAUDULENT_TRANSACTION,1,0,856,0,0,0
pay_00004980,5777.02,UPI,RETAIL,10.4_FRAUDULENT_TRANSACTION,1,1,978,1,0,1
pay_00004981,516.31,UPI,ELECTRONICS,10.4_FRAUDULENT_TRANSACTION,0,0,65,1,0,0
pay_00004982,1732.89,WALLET,DIGITAL_SERVICES,13.3_NOT_AS_DESCRIBED,1,0,767,0,0,0
pay_00004983,2840.46,UPI,TRAVEL,13.1_MERCHANDISE_NOT_RECEIVED,1,0,586,1,0,0
pay_00004984,1299.96,DEBIT_CARD,ELECTRONICS,13.1_MERCHANDISE_NOT_RECEIVED,1,0,516,0,0,0
pay_00004985,349.34,UPI,RETAIL,13.1_MERCHANDISE_NOT_RECEIVED,0,0,398,1,0,0
pay_00004986,2053.57,DEBIT_CARD,GAMING,10.4_FRAUDULENT_TRANSACTION,1,0,959,0,0,0
pay_00004987,1475.38,DEBIT_CARD,RETAIL,10.4_FRAUDULENT_TRANSACTION,1,1,21,0,0,0
pay_00004988,2070.96,CREDIT_CARD,GAMING,13.3_NOT_AS_DESCRIBED,1,0,832,0,0,1
pay_00004989,2302.86,NETBANKING,ELECTRONICS,10.4_FRAUDULENT_TRANSACTION,1,0,154,1,0,0
pay_00004990,5658.15,NETBANKING,TRAVEL,10.4_FRAUDULENT_TRANSACTION,1,0,870,0,0,0
pay_00004991,1378.44,CREDIT_CARD,DIGITAL_SERVICES,13.1_MERCHANDISE_NOT_RECEIVED,1,0,244,0,0,0
pay_00004992,727.01,UPI,GAMING,10.4_FRAUDULENT_TRANSACTION,1,1,69,0,0,0
pay_00004993,1668.17,UPI,DIGITAL_SERVICES,10.4_FRAUDULENT_TRANSACTION,1,1,975,0,1,0
pay_00004994,206.34,DEBIT_CARD,ELECTRONICS,10.4_FRAUDULENT_TRANSACTION,1,1,920,0,1,0
pay_00004995,3515.34,CREDIT_CARD,ELECTRONICS,10.5_VISA_EASY_PAYMENT,1,0,522,0,0,0
pay_00004996,290.7,UPI,ELECTRONICS,10.4_FRAUDULENT_TRANSACTION,0,0,611,0,0,0
pay_00004997,695.89,UPI,TRAVEL,10.4_FRAUDULENT_TRANSACTION,1,0,465,0,0,0
pay_00004998,2637.16,CREDIT_CARD,GAMING,13.3_NOT_AS_DESCRIBED,1,0,32,0,0,1
pay_00004999,1464.39,UPI,DIGITAL_SERVICES,13.3_NOT_AS_DESCRIBED,0,0,585,0,0,0
pay_00005000,850.41,UPI,RETAIL,13.1_MERCHANDISE_NOT_RECEIVED,1,0,415,0,0,0
pay_00005001,1062.07,DEBIT_CARD,ELECTRONICS,10.4_FRAUDULENT_TRANSACTION,1,0,233,1,0,0
pay_00005002,2991.86,CREDIT_CARD,DIGITAL_SERVICES,10.4_FRAUDULENT_TRANSACTION,1,0,399,0,0,0
pay_00005003,723.28,UPI,DIGITAL_SERVICES,10.4_FRAUDULENT_TRANSACTION,1,0,178,0,0,0
pay_00005004,3156.29,UPI,TRAVEL,13.1_MERCHANDISE_NOT_RECEIVED,1,1,515,0,0,0
pay_00005005,238.39,UPI,GAMING,13.1_MERCHANDISE_NOT_RECEIVED,1,2,104,0,0,0
pay_00005006,2349.52,UPI,TRAVEL,10.4_FRAUDULENT_TRANSACTION,1,0,35,0,1,0
pay_00005007,2921.35,CREDIT_CARD,TRAVEL,13.1_MERCHANDISE_NOT_RECEIVED,1,0,627,0,0,0
pay_00005008,401.01,CREDIT_CARD,DIGITAL_SERVICES,13.1_MERCHANDISE_NOT_RECEIVED,0,2,310,0,0,0
pay_00005009,944.09,UPI,GAMING,10.5_VISA_EASY_PAYMENT,1,0,717,1,0,1
pay_00005010,371.38,UPI,GAMING,13.1_MERCHANDISE_NOT_RECEIVED,0,1,854,0,0,0
pay_00005011,1939.35,UPI,GAMING,13.1_MERCHANDISE_NOT_RECEIVED,0,1,112,0,0,1
pay_00005012,1249.7,WALLET,ELECTRONICS,13.3_NOT_AS_DESCRIBED,1,1,711,1,0,0
pay_00005013,1613.12,UPI,GAMING,10.4_FRAUDULENT_TRANSACTION,0,0,762,0,0,0
pay_00005014,428.14,NETBANKING,DIGITAL_SERVICES,10.4_FRAUDULENT_TRANSACTION,0,0,852,0,0,0
pay_00005015,456.9,DEBIT_CARD,ELECTRONICS,13.3_NOT_AS_DESCRIBED,1,1,101,0,0,0
pay_00005016,163.57,CREDIT_CARD,RETAIL,10.4_FRAUDULENT_TRANSACTION,0,0,410,0,0,1
pay_00005017,683.06,DEBIT_CARD,TRAVEL,10.4_FRAUDULENT_TRANSACTION,1,2,595,0,0,0
pay_00005018,1330.6,UPI,GAMING,13.3_NOT_AS_DESCRIBED,0,0,222,1,0,0
pay_00005019,3027.2,CREDIT_CARD,RETAIL,13.1_MERCHANDISE_NOT_RECEIVED,1,0,354,0,0,0
pay_00005020,1749.09,UPI,GAMING,13.3_NOT_AS_DESCRIBED,1,1,803,1,0,0
pay_00005021,957.45,DEBIT_CARD,TRAVEL,13.3_NOT_AS_DESCRIBED,1,0,668,0,0,0
pay_00005022,4690.25,UPI,DIGITAL_SERVICES,10.4_FRAUDULENT_TRANSACTION,1,0,611,0,0,0
pay_00005023,2005.41,DEBIT_CARD,DIGITAL_SERVICES,13.1_MERCHANDISE_NOT_RECEIVED,1,1,765,0,0,0
pay_00005024,4092.43,UPI,TRAVEL,10.5_VISA_EASY_PAYMENT,1,0,738,2,0,0
pay_00005025,1224.86,NETBANKING,RETAIL,10.4_FRAUDULENT_TRANSACTION,0,0,240,0,1,0
pay_00005026,549.44,UPI,ELECTRONICS,13.1_MERCHANDISE_NOT_RECEIVED,1,1,625,0,0,0
pay_00005027,181.41,CREDIT_CARD,ELECTRONICS,13.1_MERCHANDISE_NOT_RECEIVED,1,0,379,0,0,1
pay_00005028,2042.41,UPI,GAMING,10.4_FRAUDULENT_TRANSACTION,1,0,144,0,0,0
pay_00005029,293.97,UPI,TRAVEL,10.4_FRAUDULENT_TRANSACTION,1,2,944,0,0,0
pay_00005030,640.97,CREDIT_CARD,TRAVEL,10.4_FRAUDULENT_TRANSACTION,1,1,243,0,0,0
pay_00005031,1240.44,NETBANKING,ELECTRONICS,10.4_FRAUDULENT_TRANSACTION,1,1,480,0,0,0
pay_00005032,1346.6,UPI,RETAIL,13.1_MERCHANDISE_NOT_RECEIVED,1,0,849,0,0,0
pay_00005033,1476.62,NETBANKING,TRAVEL,10.5_VISA_EASY_PAYMENT,1,0,344,0,0,0
pay_00005034,372.74,CREDIT_CARD,DIGITAL_SERVICES,10.4_FRAUDULENT_TRANSACTION,0,2,69,0,0,0
pay_00005035,816.42,DEBIT_CARD,DIGITAL_SERVICES,10.4_FRAUDULENT_TRANSACTION,1,2,716,0,0,0
pay_00005036,1540.34,UPI,TRAVEL,13.1_MERCHANDISE_NOT_RECEIVED,1,1,918,0,0,0
pay_00005037,5350.81,UPI,RETAIL,10.5_VISA_EASY_PAYMENT,1,0,12,1,1,0
pay_00005038,2050.9,NETBANKING,DIGITAL_SERVICES,13.1_MERCHANDISE_NOT_RECEIVED,1,1,93,0,1,0
pay_00005039,3938.23,UPI,RETAIL,13.3_NOT_AS_DESCRIBED,1,2,570,0,0,1
pay_00005040,2254.56,CREDIT_CARD,ELECTRONICS,13.1_MERCHANDISE_NOT_RECEIVED,0,1,487,0,0,1
pay_00005041,1443.69,UPI,GAMING,13.1_MERCHANDISE_NOT_RECEIVED,1,1,807,2,0,0
pay_00005042,419.83,UPI,ELECTRONICS,10.4_FRAUDULENT_TRANSACTION,1,0,420,2,0,0
pay_00005043,1748.0,CREDIT_CARD,GAMING,10.4_FRAUDULENT_TRANSACTION,1,1,774,0,0,0
pay_00005044,1564.78,DEBIT_CARD,DIGITAL_SERVICES,10.4_FRAUDULENT_TRANSACTION,1,0,688,0,0,0
pay_00005045,1483.72,CREDIT_CARD,GAMING,10.4_FRAUDULENT_TRANSACTION,1,1,8,0,0,0
pay_00005046,1109.39,UPI,GAMING,10.4_FRAUDULENT_TRANSACTION,1,0,70,0,0,0
pay_00005047,1228.25,UPI,TRAVEL,13.1_MERCHANDISE_NOT_RECEIVED,1,1,567,0,0,0
pay_00005048,710.7,UPI,GAMING,10.4_FRAUDULENT_TRANSACTION,1,1,350,0,0,0
pay_00005049,1198.81,UPI,TRAVEL,10.4_FRAUDULENT_TRANSACTION,1,0,61,0,0,0
pay_00005050,430.14,NETBANKING,GAMING,13.1_MERCHANDISE_NOT_RECEIVED,0,0,254,0,0,0
pay_00005051,2553.48,DEBIT_CARD,TRAVEL,10.4_FRAUDULENT_TRANSACTION,0,1,339,0,0,0
pay_00005052,408.28,UPI,DIGITAL_SERVICES,10.4_FRAUDULENT_TRANSACTION,1,1,862,0,0,1
pay_00005053,233.19,NETBANKING,DIGITAL_SERVICES,10.5_VISA_EASY_PAYMENT,1,0,985,0,0,0
pay_00005054,959.71,UPI,GAMING,10.4_FRAUDULENT_TRANSACTION,1,0,906,0,0,0
pay_00005055,1710.77,DEBIT_CARD,RETAIL,10.4_FRAUDULENT_TRANSACTION,1,1,304,0,1,0
pay_00005056,963.62,UPI,DIGITAL_SERVICES,10.4_FRAUDULENT_TRANSACTION,0,1,322,0,0,0
pay_00005057,586.01,CREDIT_CARD,ELECTRONICS,13.3_NOT_AS_DESCRIBED,0,0,878,0,0,1
pay_00005058,1325.25,UPI,ELECTRONICS,13.1_MERCHANDISE_NOT_RECEIVED,1,1,619,1,0,0
pay_00005059,739.27,UPI,TRAVEL,10.4_FRAUDULENT_TRANSACTION,1,2,152,0,0,0
pay_00005060,4151.63,UPI,RETAIL,13.1_MERCHANDISE_NOT_RECEIVED,1,0,376,0,0,0
pay_00005061,3939.03,UPI,TRAVEL,10.4_FRAUDULENT_TRANSACTION,1,2,284,0,0,0
pay_00005062,1146.85,UPI,GAMING,10.4_FRAUDULENT_TRANSACTION,1,2,34,0,0,0
pay_00005063,695.99,UPI,DIGITAL_SERVICES,13.1_MERCHANDISE_NOT_RECEIVED,0,1,313,0,1,0
pay_00005064,2104.16,UPI,RETAIL,10.4_FRAUDULENT_TRANSACTION,1,0,579,0,0,0
pay_00005065,156.11,CREDIT_CARD,TRAVEL,10.4_FRAUDULENT_TRANSACTION,1,0,282,1,0,0
pay_00005066,1065.88,UPI,TRAVEL,10.4_FRAUDULENT_TRANSACTION,1,1,703,2,0,0
pay_00005067,714.94,CREDIT_CARD,ELECTRONICS,10.5_VISA_EASY_PAYMENT,0,0,662,0,0,0
pay_00005068,3898.67,UPI,GAMING,10.5_VISA_EASY_PAYMENT,0,2,480,0,0,0
pay_00005069,118.11,NETBANKING,TRAVEL,13.1_MERCHANDISE_NOT_RECEIVED,0,0,619,0,0,0
pay_00005070,1307.17,NETBANKING,ELECTRONICS,13.3_NOT_AS_DESCRIBED,1,1,932,0,0,0
pay_00005071,2124.44,UPI,RETAIL,13.1_MERCHANDISE_NOT_RECEIVED,1,1,206,0,0,0
pay_00005072,1095.43,CREDIT_CARD,TRAVEL,13.3_NOT_AS_DESCRIBED,1,0,549,0,0,0
pay_00005073,233.91,UPI,ELECTRONICS,10.4_FRAUDULENT_TRANSACTION,1,1,643,0,1,1
pay_00005074,5488.25,NETBANKING,GAMING,13.1_MERCHANDISE_NOT_RECEIVED,1,1,988,0,0,0
pay_00005075,1194.75,CREDIT_CARD,DIGITAL_SERVICES,13.3_NOT_AS_DESCRIBED,0,1,858,0,0,1
pay_00005076,1528.6,UPI,RETAIL,10.5_VISA_EASY_PAYMENT,0,2,744,0,0,0
pay_00005077,504.98,UPI,TRAVEL,10.4_FRAUDULENT_TRANSACTION,1,0,970,0,1,0
pay_00005078,1091.01,UPI,ELECTRONICS,10.4_FRAUDULENT_TRANSACTION,1,0,64,0,0,0
pay_00005079,940.94,UPI,TRAVEL,10.5_VISA_EASY_PAYMENT,1,0,364,1,0,0
pay_00005080,216.77,CREDIT_CARD,DIGITAL_SERVICES,13.1_MERCHANDISE_NOT_RECEIVED,1,1,218,0,0,0
pay_00005081,268.34,UPI,TRAVEL,10.5_VISA_EASY_PAYMENT,1,0,616,0,0,0
pay_00005082,2825.36,UPI,TRAVEL,13.3_NOT_AS_DESCRIBED,1,1,407,1,0,0
pay_00005083,511.3,UPI,ELECTRONICS,13.3_NOT_AS_DESCRIBED,0,3,967,1,0,0
pay_00005084,425.29,UPI,DIGITAL_SERVICES,10.4_FRAUDULENT_TRANSACTION,0,0,994,0,0,1
pay_00005085,1154.53,UPI,RETAIL,10.4_FRAUDULENT_TRANSACTION,1,1,58,0,0,0
pay_00005086,2296.37,DEBIT_CARD,ELECTRONICS,13.1_MERCHANDISE_NOT_RECEIVED,0,1,908,1,0,0
pay_00005087,195.92,UPI,DIGITAL_SERVICES,13.3_NOT_AS_DESCRIBED,1,0,854,0,0,0
pay_00005088,1389.89,CREDIT_CARD,DIGITAL_SERVICES,13.1_MERCHANDISE_NOT_RECEIVED,1,1,564,0,0,0
pay_00005089,290.4,UPI,TRAVEL,10.4_FRAUDULENT_TRANSACTION,1,0,267,1,0,0
pay_00005090,155.71,UPI,GAMING,13.3_NOT_AS_DESCRIBED,0,0,265,0,0,0
pay_00005091,181.28,CREDIT_CARD,GAMING,13.1_MERCHANDISE_NOT_RECEIVED,1,0,901,0,0,0
pay_00005092,2795.13,UPI,RETAIL,10.5_VISA_EASY_PAYMENT,1,1,326,0,0,0
pay_00005093,288.3,UPI,TRAVEL,10.4_FRAUDULENT_TRANSACTION,1,0,583,0,0,0
pay_00005094,169.3,CREDIT_CARD,GAMING,10.4_FRAUDULENT_TRANSACTION,1,0,622,0,0,0
pay_00005095,964.11,UPI,ELECTRONICS,10.4_FRAUDULENT_TRANSACTION,1,3,146,0,1,0
pay_00005096,2886.79,UPI,RETAIL,10.4_FRAUDULENT_TRANSACTION,1,0,975,0,0,0
pay_00005097,556.55,CREDIT_CARD,TRAVEL,10.5_VISA_EASY_PAYMENT,1,1,65,0,0,0
pay_00005098,921.53,CREDIT_CARD,ELECTRONICS,10.4_FRAUDULENT_TRANSACTION,1,0,368,0,0,0
pay_00005099,161.11,UPI,GAMING,10.5_VISA_EASY_PAYMENT,1,1,591,0,1,0
pay_00005100,994.24,UPI,GAMING,10.5_VISA_EASY_PAYMENT,1,2,822,0,0,0
pay_00005101,1392.75,UPI,GAMING,10.4_FRAUDULENT_TRANSACTION,1,0,393,0,0,0
pay_00005102,1369.12,UPI,GAMING,13.3_NOT_AS_DESCRIBED,0,0,839,0,0,0
pay_00005103,706.16,CREDIT_CARD,DIGITAL_SERVICES,10.4_FRAUDULENT_TRANSACTION,1,1,444,0,0,0
pay_00005104,668.67,NETBANKING,RETAIL,13.3_NOT_AS_DESCRIBED,1,1,137,0,0,0
pay_00005105,269.12,NETBANKING,RETAIL,10.4_FRAUDULENT_TRANSACTION,1,0,684,0,0,0
pay_00005106,785.45,UPI,GAMING,10.5_VISA_EASY_PAYMENT,1,0,139,0,0,0
pay_00005107,257.2,UPI,RETAIL,13.1_MERCHANDISE_NOT_RECEIVED,0,0,131,1,0,1
pay_00005108,2282.48,CREDIT_CARD,ELECTRONICS,13.3_NOT_AS_DESCRIBED,0,2,717,0,0,0
pay_00005109,5184.24,UPI,ELECTRONICS,13.1_MERCHANDISE_NOT_RECEIVED,1,0,773,0,0,0
pay_00005110,5363.56,DEBIT_CARD,RETAIL,13.1_MERCHANDISE_NOT_RECEIVED,1,0,672,0,0,0
pay_00005111,3104.51,DEBIT_CARD,GAMING,10.4_FRAUDULENT_TRANSACTION,1,0,662,0,1,1
pay_00005112,1477.41,NETBANKING,TRAVEL,10.4_FRAUDULENT_TRANSACTION,1,0,822,0,0,0
pay_00005113,1910.29,UPI,GAMING,10.4_FRAUDULENT_TRANSACTION,1,0,949,0,0,0
pay_00005114,603.64,UPI,DIGITAL_SERVICES,13.3_NOT_AS_DESCRIBED,1,0,958,1,0,0
pay_00005115,1594.5,DEBIT_CARD,TRAVEL,10.4_FRAUDULENT_TRANSACTION,1,0,434,0,0,0
pay_00005116,1012.24,CREDIT_CARD,DIGITAL_SERVICES,10.5_VISA_EASY_PAYMENT,0,2,107,0,0,1
pay_00005117,1086.72,NETBANKING,RETAIL,13.3_NOT_AS_DESCRIBED,1,0,26,0,0,0
pay_00005118,2226.84,UPI,DIGITAL_SERVICES,10.4_FRAUDULENT_TRANSACTION,0,2,579,0,0,1
pay_00005119,596.76,CREDIT_CARD,RETAIL,10.4_FRAUDULENT_TRANSACTION,0,0,182,0,0,1
pay_00005120,674.18,CREDIT_CARD,DIGITAL_SERVICES,10.5_VISA_EASY_PAYMENT,1,0,937,0,0,0
pay_00005121,3978.25,UPI,TRAVEL,10.4_FRAUDULENT_TRANSACTION,1,3,639,0,0,0
pay_00005122,186.8,CREDIT_CARD,DIGITAL_SERVICES,10.4_FRAUDULENT_TRANSACTION,1,0,378,0,0,0
pay_00005123,1097.23,CREDIT_CARD,GAMING,10.4_FRAUDULENT_TRANSACTION,1,0,648,0,0,0
pay_00005124,3759.34,UPI,RETAIL,10.5_VISA_EASY_PAYMENT,1,0,24,0,0,0
pay_00005125,1513.81,UPI,ELECTRONICS,13.1_MERCHANDISE_NOT_RECEIVED,1,0,269,0,0,0
pay_00005126,1285.83,CREDIT_CARD,DIGITAL_SERVICES,10.4_FRAUDULENT_TRANSACTION,0,2,331,0,0,0
pay_00005127,531.01,UPI,RETAIL,10.4_FRAUDULENT_TRANSACTION,1,0,230,1,0,0
pay_00005128,730.74,NETBANKING,ELECTRONICS,10.4_FRAUDULENT_TRANSACTION,1,0,109,0,0,0
pay_00005129,2966.31,UPI,RETAIL,10.4_FRAUDULENT_TRANSACTION,1,0,188,0,0,0
pay_00005130,1328.81,UPI,RETAIL,13.3_NOT_AS_DESCRIBED,1,1,747,0,0,0
pay_00005131,1184.61,WALLET,ELECTRONICS,13.1_MERCHANDISE_NOT_RECEIVED,1,0,142,2,0,0
pay_00005132,257.34,NETBANKING,ELECTRONICS,13.1_MERCHANDISE_NOT_RECEIVED,1,0,46,0,0,0
pay_00005133,124.24,UPI,TRAVEL,10.4_FRAUDULENT_TRANSACTION,1,0,243,0,0,0
pay_00005134,5073.29,DEBIT_CARD,DIGITAL_SERVICES,13.1_MERCHANDISE_NOT_RECEIVED,0,1,773,0,0,0
pay_00005135,809.78,UPI,DIGITAL_SERVICES,10.4_FRAUDULENT_TRANSACTION,1,0,751,3,0,0
pay_00005136,1486.53,UPI,RETAIL,13.3_NOT_AS_DESCRIBED,1,0,141,0,0,0
pay_00005137,224.61,UPI,GAMING,13.3_NOT_AS_DESCRIBED,1,1,152,0,0,0
pay_00005138,1823.82,UPI,GAMING,10.4_FRAUDULENT_TRANSACTION,1,0,400,0,0,0
pay_00005139,4144.92,DEBIT_CARD,RETAIL,10.4_FRAUDULENT_TRANSACTION,1,0,541,0,0,0
pay_00005140,1385.85,DEBIT_CARD,TRAVEL,13.3_NOT_AS_DESCRIBED,1,1,19,0,1,0
pay_00005141,302.21,WALLET,ELECTRONICS,10.4_FRAUDULENT_TRANSACTION,1,0,593,0,0,0
pay_00005142,1407.41,DEBIT_CARD,RETAIL,13.1_MERCHANDISE_NOT_RECEIVED,1,2,956,0,0,0
pay_00005143,2280.88,UPI,DIGITAL_SERVICES,13.1_MERCHANDISE_NOT_RECEIVED,1,1,958,1,0,0
pay_00005144,882.37,CREDIT_CARD,GAMING,10.4_FRAUDULENT_TRANSACTION,1,0,479,0,0,0
pay_00005145,3278.37,WALLET,GAMING,13.1_MERCHANDISE_NOT_RECEIVED,1,0,176,0,0,0
pay_00005146,1669.1,DEBIT_CARD,GAMING,13.1_MERCHANDISE_NOT_RECEIVED,0,0,221,0,0,0
pay_00005147,3542.65,DEBIT_CARD,TRAVEL,13.1_MERCHANDISE_NOT_RECEIVED,1,0,288,0,0,0
pay_00005148,1565.28,NETBANKING,DIGITAL_SERVICES,10.4_FRAUDULENT_TRANSACTION,1,0,558,2,0,0
pay_00005149,311.12,UPI,TRAVEL,13.3_NOT_AS_DESCRIBED,1,1,593,0,0,0
pay_00005150,655.93,DEBIT_CARD,ELECTRONICS,10.4_FRAUDULENT_TRANSACTION,1,0,583,1,0,1
pay_00005151,438.08,NETBANKING,RETAIL,10.4_FRAUDULENT_TRANSACTION,1,1,742,2,0,0
pay_00005152,3692.49,WALLET,RETAIL,10.4_FRAUDULENT_TRANSACTION,1,0,325,0,0,0
pay_00005153,2243.18,UPI,GAMING,13.3_NOT_AS_DESCRIBED,1,1,984,1,0,0
pay_00005154,1792.36,CREDIT_CARD,GAMING,10.4_FRAUDULENT_TRANSACTION,1,1,952,0,0,0
pay_00005155,637.08,CREDIT_CARD,ELECTRONICS,13.3_NOT_AS_DESCRIBED,0,0,635,0,0,0
pay_00005156,405.09,UPI,TRAVEL,13.1_MERCHANDISE_NOT_RECEIVED,0,0,417,0,0,1
pay_00005157,2218.66,CREDIT_CARD,DIGITAL_SERVICES,13.3_NOT_AS_DESCRIBED,1,0,496,0,0,0
pay_00005158,1064.13,UPI,ELECTRONICS,13.1_MERCHANDISE_NOT_RECEIVED,1,1,23,0,0,0
pay_00005159,483.87,UPI,RETAIL,13.1_MERCHANDISE_NOT_RECEIVED,1,0,462,0,0,0
pay_00005160,1538.1,UPI,RETAIL,13.3_NOT_AS_DESCRIBED,1,0,379,0,0,0
pay_00005161,161.75,CREDIT_CARD,TRAVEL,13.1_MERCHANDISE_NOT_RECEIVED,1,0,610,0,0,1
pay_00005162,692.17,UPI,ELECTRONICS,13.3_NOT_AS_DESCRIBED,0,1,189,0,0,0
pay_00005163,1048.24,UPI,DIGITAL_SERVICES,10.4_FRAUDULENT_TRANSACTION,1,1,644,1,0,0
pay_00005164,340.18,UPI,ELECTRONICS,10.4_FRAUDULENT_TRANSACTION,0,0,449,0,0,0
pay_00005165,6365.4,UPI,ELECTRONICS,13.3_NOT_AS_DESCRIBED,1,0,642,1,0,0
pay_00005166,451.87,UPI,TRAVEL,13.3_NOT_AS_DESCRIBED,1,0,349,0,0,0
pay_00005167,309.5,UPI,DIGITAL_SERVICES,13.3_NOT_AS_DESCRIBED,1,1,698,1,0,1
pay_00005168,441.36,CREDIT_CARD,RETAIL,13.1_MERCHANDISE_NOT_RECEIVED,0,1,841,1,0,1
pay_00005169,2298.4,DEBIT_CARD,GAMING,10.5_VISA_EASY_PAYMENT,1,0,28,0,0,0
pay_00005170,931.4,UPI,DIGITAL_SERVICES,10.4_FRAUDULENT_TRANSACTION,1,2,673,0,0,0
pay_00005171,1350.05,UPI,RETAIL,10.4_FRAUDULENT_TRANSACTION,1,1,279,0,1,0
pay_00005172,131.85,DEBIT_CARD,TRAVEL,10.4_FRAUDULENT_TRANSACTION,1,0,596,0,0,0
pay_00005173,152.56,UPI,DIGITAL_SERVICES,10.5_VISA_EASY_PAYMENT,1,1,887,0,0,0
pay_00005174,985.41,WALLET,DIGITAL_SERVICES,10.4_FRAUDULENT_TRANSACTION,1,0,799,0,0,0
pay_00005175,2644.58,DEBIT_CARD,RETAIL,13.3_NOT_AS_DESCRIBED,1,1,48,2,0,0
pay_00005176,3347.35,UPI,RETAIL,10.4_FRAUDULENT_TRANSACTION,1,1,558,0,0,0
pay_00005177,236.05,UPI,ELECTRONICS,10.4_FRAUDULENT_TRANSACTION,1,0,383,0,0,0
pay_00005178,1259.46,CREDIT_CARD,ELECTRONICS,13.1_MERCHANDISE_NOT_RECEIVED,1,0,557,0,0,0
pay_00005179,3766.74,UPI,DIGITAL_SERVICES,13.1_MERCHANDISE_NOT_RECEIVED,1,1,218,3,0,0
pay_00005180,836.47,UPI,GAMING,10.4_FRAUDULENT_TRANSACTION,1,1,607,0,0,0
pay_00005181,2754.11,UPI,TRAVEL,10.4_FRAUDULENT_TRANSACTION,1,1,928,0,0,0
pay_00005182,315.28,DEBIT_CARD,RETAIL,10.4_FRAUDULENT_TRANSACTION,1,0,307,0,0,0
pay_00005183,4209.18,CREDIT_CARD,ELECTRONICS,13.1_MERCHANDISE_NOT_RECEIVED,1,0,815,1,0,0
pay_00005184,2188.01,UPI,TRAVEL,10.4_FRAUDULENT_TRANSACTION,1,0,829,1,0,0
pay_00005185,4353.85,CREDIT_CARD,DIGITAL_SERVICES,13.1_MERCHANDISE_NOT_RECEIVED,1,2,178,0,1,0
pay_00005186,1793.38,UPI,RETAIL,10.4_FRAUDULENT_TRANSACTION,0,0,547,0,0,1
pay_00005187,777.43,CREDIT_CARD,RETAIL,13.1_MERCHANDISE_NOT_RECEIVED,1,1,911,0,0,0
pay_00005188,4275.32,UPI,ELECTRONICS,10.4_FRAUDULENT_TRANSACTION,1,0,975,0,0,0
pay_00005189,583.55,CREDIT_CARD,GAMING,10.4_FRAUDULENT_TRANSACTION,1,0,421,0,1,1
pay_00005190,705.59,WALLET,RETAIL,10.4_FRAUDULENT_TRANSACTION,1,0,56,0,0,0
pay_00005191,1910.01,UPI,GAMING,13.3_NOT_AS_DESCRIBED,1,1,571,0,0,0
pay_00005192,2274.27,UPI,TRAVEL,13.1_MERCHANDISE_NOT_RECEIVED,1,0,921,0,0,0
pay_00005193,4076.16,UPI,RETAIL,10.5_VISA_EASY_PAYMENT,1,2,532,0,0,0
pay_00005194,443.75,UPI,RETAIL,10.5_VISA_EASY_PAYMENT,0,0,688,0,1,0
pay_00005195,2499.22,UPI,GAMING,13.1_MERCHANDISE_NOT_RECEIVED,1,0,86,0,0,0
pay_00005196,2112.25,DEBIT_CARD,ELECTRONICS,13.3_NOT_AS_DESCRIBED,1,1,660,0,0,0
pay_00005197,198.88,NETBANKING,DIGITAL_SERVICES,13.1_MERCHANDISE_NOT_RECEIVED,1,2,911,2,0,0
pay_00005198,834.63,UPI,TRAVEL,13.1_MERCHANDISE_NOT_RECEIVED,1,1,574,0,0,0
pay_00005199,598.53,CREDIT_CARD,RETAIL,13.1_MERCHANDISE_NOT_RECEIVED,1,1,606,0,0,0
pay_00005200,644.67,CREDIT_CARD,ELECTRONICS,10.4_FRAUDULENT_TRANSACTION,1,0,14,0,0,0
pay_00005201,6207.13,CREDIT_CARD,RETAIL,10.4_FRAUDULENT_TRANSACTION,1,2,105,0,0,0
pay_00005202,1644.09,UPI,TRAVEL,13.1_MERCHANDISE_NOT_RECEIVED,1,1,917,0,0,0
pay_00005203,1997.05,UPI,DIGITAL_SERVICES,13.1_MERCHANDISE_NOT_RECEIVED,1,1,178,0,0,0
pay_00005204,5733.66,UPI,RETAIL,10.4_FRAUDULENT_TRANSACTION,1,1,209,0,0,0
pay_00005205,810.3,UPI,GAMING,10.4_FRAUDULENT_TRANSACTION,0,0,69,1,0,0
pay_00005206,2528.02,DEBIT_CARD,ELECTRONICS,10.4_FRAUDULENT_TRANSACTION,1,0,911,0,0,0
pay_00005207,955.15,DEBIT_CARD,DIGITAL_SERVICES,10.5_VISA_EASY_PAYMENT,1,1,63,0,0,0
pay_00005208,3154.96,UPI,RETAIL,10.4_FRAUDULENT_TRANSACTION,1,0,171,0,0,0
pay_00005209,398.88,UPI,DIGITAL_SERVICES,13.1_MERCHANDISE_NOT_RECEIVED,0,0,795,2,1,1
pay_00005210,4525.74,NETBANKING,GAMING,10.5_VISA_EASY_PAYMENT,0,0,382,0,0,0
pay_00005211,470.33,CREDIT_CARD,RETAIL,10.4_FRAUDULENT_TRANSACTION,1,0,829,0,0,0
pay_00005212,692.28,NETBANKING,DIGITAL_SERVICES,13.3_NOT_AS_DESCRIBED,1,0,310,0,0,0
pay_00005213,2217.06,UPI,RETAIL,13.3_NOT_AS_DESCRIBED,1,1,699,0,0,0
pay_00005214,850.71,CREDIT_CARD,RETAIL,10.4_FRAUDULENT_TRANSACTION,1,1,748,0,0,0
pay_00005215,1505.55,CREDIT_CARD,DIGITAL_SERVICES,10.4_FRAUDULENT_TRANSACTION,0,1,167,0,0,1
pay_00005216,982.03,NETBANKING,RETAIL,10.4_FRAUDULENT_TRANSACTION,1,1,724,0,1,0
pay_00005217,2134.35,UPI,GAMING,10.4_FRAUDULENT_TRANSACTION,1,1,629,0,0,0
pay_00005218,488.8,UPI,DIGITAL_SERVICES,10.5_VISA_EASY_PAYMENT,1,0,233,0,0,0
pay_00005219,190.35,UPI,DIGITAL_SERVICES,10.4_FRAUDULENT_TRANSACTION,1,0,163,0,0,0
pay_00005220,634.86,NETBANKING,GAMING,10.5_VISA_EASY_PAYMENT,0,0,593,0,0,0
pay_00005221,1064.56,NETBANKING,GAMING,10.4_FRAUDULENT_TRANSACTION,1,0,504,0,1,0
pay_00005222,375.92,WALLET,GAMING,10.5_VISA_EASY_PAYMENT,1,2,265,1,0,0
pay_00005223,757.29,WALLET,RETAIL,10.4_FRAUDULENT_TRANSACTION,1,0,875,1,0,1
pay_00005224,866.2,UPI,RETAIL,13.1_MERCHANDISE_NOT_RECEIVED,0,0,878,0,0,0
pay_00005225,188.66,UPI,TRAVEL,10.4_FRAUDULENT_TRANSACTION,1,2,506,0,0,0
pay_00005226,1413.11,UPI,RETAIL,10.4_FRAUDULENT_TRANSACTION,0,1,635,0,0,0
pay_00005227,3335.7,UPI,GAMING,10.4_FRAUDULENT_TRANSACTION,0,0,60,0,0,0
pay_00005228,346.86,DEBIT_CARD,TRAVEL,10.4_FRAUDULENT_TRANSACTION,1,0,62,0,0,0
pay_00005229,1466.24,NETBANKING,GAMING,10.4_FRAUDULENT_TRANSACTION,0,0,767,0,0,0
pay_00005230,1739.27,UPI,ELECTRONICS,13.1_MERCHANDISE_NOT_RECEIVED,1,0,106,0,1,0
pay_00005231,915.37,CREDIT_CARD,DIGITAL_SERVICES,10.4_FRAUDULENT_TRANSACTION,0,0,836,0,0,1
pay_00005232,1911.46,NETBANKING,ELECTRONICS,13.1_MERCHANDISE_NOT_RECEIVED,1,1,144,0,0,0
pay_00005233,893.31,UPI,GAMING,13.1_MERCHANDISE_NOT_RECEIVED,1,0,400,0,0,0
pay_00005234,1153.7,UPI,RETAIL,13.3_NOT_AS_DESCRIBED,1,0,989,0,0,1
pay_00005235,111.07,UPI,DIGITAL_SERVICES,13.3_NOT_AS_DESCRIBED,1,1,748,0,0,0
pay_00005236,1865.12,UPI,RETAIL,13.3_NOT_AS_DESCRIBED,1,0,864,0,0,0
pay_00005237,1724.15,CREDIT_CARD,RETAIL,10.4_FRAUDULENT_TRANSACTION,1,0,544,0,0,0
pay_00005238,158.74,UPI,DIGITAL_SERVICES,10.4_FRAUDULENT_TRANSACTION,1,0,358,0,0,0
pay_00005239,788.89,UPI,DIGITAL_SERVICES,13.1_MERCHANDISE_NOT_RECEIVED,0,0,487,0,0,0
pay_00005240,5897.13,WALLET,ELECTRONICS,13.1_MERCHANDISE_NOT_RECEIVED,1,0,247,0,0,0
pay_00005241,919.0,CREDIT_CARD,GAMING,10.4_FRAUDULENT_TRANSACTION,1,0,232,0,0,0
pay_00005242,1145.57,UPI,RETAIL,13.1_MERCHANDISE_NOT_RECEIVED,0,4,38,0,0,1
pay_00005243,3710.75,WALLET,GAMING,10.4_FRAUDULENT_TRANSACTION,0,1,679,0,0,1
pay_00005244,1994.85,UPI,GAMING,10.4_FRAUDULENT_TRANSACTION,1,2,446,0,0,0
pay_00005245,1408.66,UPI,TRAVEL,13.1_MERCHANDISE_NOT_RECEIVED,1,1,447,0,0,0
pay_00005246,2497.78,DEBIT_CARD,ELECTRONICS,10.4_FRAUDULENT_TRANSACTION,1,0,617,2,0,0
pay_00005247,3096.7,UPI,RETAIL,10.4_FRAUDULENT_TRANSACTION,1,0,16,1,0,0
pay_00005248,1015.66,DEBIT_CARD,DIGITAL_SERVICES,10.4_FRAUDULENT_TRANSACTION,0,0,54,0,0,0
pay_00005249,1066.85,UPI,DIGITAL_SERVICES,10.4_FRAUDULENT_TRANSACTION,1,2,766,0,0,0
pay_00005250,831.76,UPI,GAMING,10.4_FRAUDULENT_TRANSACTION,1,0,749,0,0,0
pay_00005251,5203.57,CREDIT_CARD,ELECTRONICS,10.4_FRAUDULENT_TRANSACTION,1,0,911,0,0,1
pay_00005252,1891.86,UPI,ELECTRONICS,10.4_FRAUDULENT_TRANSACTION,1,1,18,0,0,0
pay_00005253,230.34,DEBIT_CARD,RETAIL,10.4_FRAUDULENT_TRANSACTION,1,0,772,0,0,0
pay_00005254,3081.22,CREDIT_CARD,RETAIL,10.4_FRAUDULENT_TRANSACTION,1,0,549,0,0,0
pay_00005255,1082.51,NETBANKING,GAMING,10.4_FRAUDULENT_TRANSACTION,1,1,296,0,0,0
pay_00005256,206.85,DEBIT_CARD,GAMING,10.4_FRAUDULENT_TRANSACTION,1,0,575,0,0,0
pay_00005257,1296.82,UPI,GAMING,13.3_NOT_AS_DESCRIBED,1,0,68,0,0,0
pay_00005258,909.77,DEBIT_CARD,TRAVEL,13.1_MERCHANDISE_NOT_RECEIVED,1,1,401,0,0,0
pay_00005259,3252.52,CREDIT_CARD,ELECTRONICS,13.1_MERCHANDISE_NOT_RECEIVED,0,1,977,0,0,1
pay_00005260,442.22,CREDIT_CARD,GAMING,13.1_MERCHANDISE_NOT_RECEIVED,1,1,482,0,0,0
pay_00005261,2727.06,DEBIT_CARD,ELECTRONICS,10.4_FRAUDULENT_TRANSACTION,1,1,888,0,1,0
pay_00005262,1323.61,CREDIT_CARD,DIGITAL_SERVICES,10.5_VISA_EASY_PAYMENT,1,1,688,0,0,0
pay_00005263,184.24,UPI,DIGITAL_SERVICES,10.4_FRAUDULENT_TRANSACTION,1,0,19,0,0,0
pay_00005264,5455.06,CREDIT_CARD,ELECTRONICS,10.4_FRAUDULENT_TRANSACTION,1,1,598,0,0,0
pay_00005265,1178.05,UPI,DIGITAL_SERVICES,10.4_FRAUDULENT_TRANSACTION,1,2,935,0,0,0
pay_00005266,615.59,UPI,DIGITAL_SERVICES,13.3_NOT_AS_DESCRIBED,1,0,747,1,0,0
pay_00005267,1050.64,CREDIT_CARD,DIGITAL_SERVICES,10.5_VISA_EASY_PAYMENT,1,1,449,0,0,0
pay_00005268,3026.39,UPI,RETAIL,13.3_NOT_AS_DESCRIBED,1,0,309,0,0,0
pay_00005269,645.56,UPI,RETAIL,10.4_FRAUDULENT_TRANSACTION,1,0,146,0,1,0
pay_00005270,421.05,UPI,ELECTRONICS,10.5_VISA_EASY_PAYMENT,1,0,807,0,0,0
pay_00005271,307.29,CREDIT_CARD,ELECTRONICS,10.4_FRAUDULENT_TRANSACTION,0,1,956,1,0,1
pay_00005272,630.43,UPI,TRAVEL,13.1_MERCHANDISE_NOT_RECEIVED,1,0,92,0,0,0
pay_00005273,2371.52,DEBIT_CARD,RETAIL,10.5_VISA_EASY_PAYMENT,0,2,461,0,0,1
pay_00005274,1056.93,UPI,ELECTRONICS,13.3_NOT_AS_DESCRIBED,1,0,419,0,0,0
pay_00005275,487.15,UPI,RETAIL,10.4_FRAUDULENT_TRANSACTION,1,1,329,1,0,0
pay_00005276,372.62,UPI,TRAVEL,13.1_MERCHANDISE_NOT_RECEIVED,1,1,337,0,0,0
pay_00005277,706.84,CREDIT_CARD,ELECTRONICS,10.4_FRAUDULENT_TRANSACTION,1,0,418,0,0,0
pay_00005278,4318.23,UPI,ELECTRONICS,10.4_FRAUDULENT_TRANSACTION,1,0,783,0,0,0
pay_00005279,730.17,WALLET,ELECTRONICS,13.1_MERCHANDISE_NOT_RECEIVED,1,2,585,0,0,0
pay_00005280,6749.86,NETBANKING,ELECTRONICS,10.4_FRAUDULENT_TRANSACTION,0,0,871,1,0,0
pay_00005281,1096.05,DEBIT_CARD,GAMING,10.4_FRAUDULENT_TRANSACTION,1,0,787,0,0,0
pay_00005282,396.15,NETBANKING,RETAIL,13.1_MERCHANDISE_NOT_RECEIVED,1,0,75,1,0,0
pay_00005283,3426.54,UPI,RETAIL,13.1_MERCHANDISE_NOT_RECEIVED,0,2,984,0,0,0
pay_00005284,1025.27,CREDIT_CARD,RETAIL,10.4_FRAUDULENT_TRANSACTION,1,1,85,2,0,1
pay_00005285,1955.11,DEBIT_CARD,TRAVEL,10.4_FRAUDULENT_TRANSACTION,1,0,703,0,0,0
pay_00005286,6275.95,CREDIT_CARD,GAMING,13.3_NOT_AS_DESCRIBED,0,0,338,0,0,0
pay_00005287,177.22,NETBANKING,RETAIL,10.4_FRAUDULENT_TRANSACTION,0,1,794,0,0,1
pay_00005288,252.54,DEBIT_CARD,RETAIL,13.1_MERCHANDISE_NOT_RECEIVED,1,1,177,0,0,0
pay_00005289,2011.9,WALLET,ELECTRONICS,10.5_VISA_EASY_PAYMENT,1,1,758,0,0,0
pay_00005290,596.56,UPI,ELECTRONICS,13.1_MERCHANDISE_NOT_RECEIVED,1,0,772,0,0,0
pay_00005291,405.57,DEBIT_CARD,ELECTRONICS,10.4_FRAUDULENT_TRANSACTION,1,1,450,0,0,0
pay_00005292,160.24,CREDIT_CARD,RETAIL,10.4_FRAUDULENT_TRANSACTION,1,0,145,1,0,0
pay_00005293,133.13,CREDIT_CARD,ELECTRONICS,13.1_MERCHANDISE_NOT_RECEIVED,1,0,247,0,1,0
pay_00005294,2334.06,UPI,RETAIL,13.3_NOT_AS_DESCRIBED,1,2,129,0,0,0
pay_00005295,316.56,DEBIT_CARD,TRAVEL,13.1_MERCHANDISE_NOT_RECEIVED,1,0,589,0,0,0
pay_00005296,1045.88,NETBANKING,TRAVEL,10.4_FRAUDULENT_TRANSACTION,1,0,714,0,0,0
pay_00005297,1496.71,UPI,DIGITAL_SERVICES,10.4_FRAUDULENT_TRANSACTION,0,0,81,0,0,0
pay_00005298,938.85,CREDIT_CARD,GAMING,10.4_FRAUDULENT_TRANSACTION,0,0,631,0,0,1
pay_00005299,141.22,UPI,ELECTRONICS,13.1_MERCHANDISE_NOT_RECEIVED,1,1,213,0,0,0
pay_00005300,2395.26,WALLET,ELECTRONICS,13.1_MERCHANDISE_NOT_RECEIVED,1,0,369,0,0,0
pay_00005301,115.85,UPI,GAMING,10.4_FRAUDULENT_TRANSACTION,1,0,107,3,0,0
pay_00005302,2252.53,UPI,GAMING,13.3_NOT_AS_DESCRIBED,1,0,649,0,0,0
pay_00005303,3456.66,UPI,DIGITAL_SERVICES,13.1_MERCHANDISE_NOT_RECEIVED,1,0,95,0,0,0
pay_00005304,950.67,CREDIT_CARD,GAMING,13.3_NOT_AS_DESCRIBED,1,0,99,0,0,0
pay_00005305,1250.33,UPI,RETAIL,10.4_FRAUDULENT_TRANSACTION,1,0,906,0,0,0
pay_00005306,1072.21,CREDIT_CARD,ELECTRONICS,10.4_FRAUDULENT_TRANSACTION,1,0,689,0,0,1
pay_00005307,839.5,NETBANKING,GAMING,10.4_FRAUDULENT_TRANSACTION,0,0,48,0,0,0
pay_00005308,3376.2,NETBANKING,RETAIL,13.1_MERCHANDISE_NOT_RECEIVED,0,2,176,0,0,0
pay_00005309,3465.53,UPI,GAMING,13.3_NOT_AS_DESCRIBED,1,0,399,0,0,0
pay_00005310,713.79,WALLET,RETAIL,13.1_MERCHANDISE_NOT_RECEIVED,1,0,45,0,0,0
pay_00005311,1532.04,CREDIT_CARD,TRAVEL,10.4_FRAUDULENT_TRANSACTION,1,1,258,0,0,0
pay_00005312,4024.05,UPI,RETAIL,13.1_MERCHANDISE_NOT_RECEIVED,1,1,314,0,0,0
pay_00005313,5007.56,UPI,DIGITAL_SERVICES,10.4_FRAUDULENT_TRANSACTION,1,0,166,0,0,0
pay_00005314,1166.84,UPI,RETAIL,13.3_NOT_AS_DESCRIBED,1,0,515,0,0,0
pay_00005315,1004.48,DEBIT_CARD,GAMING,10.4_FRAUDULENT_TRANSACTION,1,0,730,0,0,0
pay_00005316,590.04,UPI,TRAVEL,10.4_FRAUDULENT_TRANSACTION,1,0,481,0,0,0
pay_00005317,4886.59,UPI,TRAVEL,10.4_FRAUDULENT_TRANSACTION,1,0,881,1,0,1
pay_00005318,331.15,DEBIT_CARD,RETAIL,10.4_FRAUDULENT_TRANSACTION,0,1,472,0,0,0
pay_00005319,1400.64,CREDIT_CARD,GAMING,10.4_FRAUDULENT_TRANSACTION,0,0,699,3,0,0
pay_00005320,598.08,DEBIT_CARD,TRAVEL,10.4_FRAUDULENT_TRANSACTION,1,0,609,0,0,0
pay_00005321,590.69,DEBIT_CARD,RETAIL,10.4_FRAUDULENT_TRANSACTION,1,0,191,0,0,0
pay_00005322,878.71,UPI,RETAIL,10.4_FRAUDULENT_TRANSACTION,1,1,862,0,0,0
pay_00005323,10179.35,NETBANKING,RETAIL,13.3_NOT_AS_DESCRIBED,0,2,43,0,0,1
pay_00005324,184.8,UPI,TRAVEL,10.4_FRAUDULENT_TRANSACTION,1,0,772,0,0,0
pay_00005325,1396.05,CREDIT_CARD,ELECTRONICS,10.5_VISA_EASY_PAYMENT,1,2,683,0,0,0
pay_00005326,229.27,CREDIT_CARD,GAMING,13.3_NOT_AS_DESCRIBED,1,0,237,0,0,0
pay_00005327,351.78,UPI,DIGITAL_SERVICES,10.4_FRAUDULENT_TRANSACTION,1,0,701,1,0,0
pay_00005328,968.56,WALLET,DIGITAL_SERVICES,10.4_FRAUDULENT_TRANSACTION,1,2,854,0,0,0
pay_00005329,1171.43,UPI,GAMING,10.4_FRAUDULENT_TRANSACTION,1,2,817,0,0,0
pay_00005330,549.21,UPI,ELECTRONICS,13.1_MERCHANDISE_NOT_RECEIVED,1,0,960,0,0,0
pay_00005331,670.7,NETBANKING,GAMING,13.1_MERCHANDISE_NOT_RECEIVED,1,1,532,0,0,0
pay_00005332,236.47,CREDIT_CARD,RETAIL,10.4_FRAUDULENT_TRANSACTION,1,1,989,0,1,0
pay_00005333,641.93,CREDIT_CARD,GAMING,10.4_FRAUDULENT_TRANSACTION,1,0,853,0,0,0
pay_00005334,5196.93,CREDIT_CARD,GAMING,13.1_MERCHANDISE_NOT_RECEIVED,0,0,685,0,0,0
pay_00005335,4442.67,DEBIT_CARD,TRAVEL,10.4_FRAUDULENT_TRANSACTION,1,0,657,0,0,0
pay_00005336,711.68,UPI,DIGITAL_SERVICES,10.5_VISA_EASY_PAYMENT,1,2,578,3,0,0
pay_00005337,1368.94,UPI,DIGITAL_SERVICES,10.4_FRAUDULENT_TRANSACTION,1,0,226,0,0,0
pay_00005338,3705.19,UPI,RETAIL,10.4_FRAUDULENT_TRANSACTION,1,1,918,0,0,0
pay_00005339,109.3,UPI,RETAIL,10.4_FRAUDULENT_TRANSACTION,0,2,434,0,0,1
pay_00005340,2596.5,DEBIT_CARD,TRAVEL,13.1_MERCHANDISE_NOT_RECEIVED,1,0,454,0,0,0
pay_00005341,4545.47,UPI,RETAIL,10.4_FRAUDULENT_TRANSACTION,1,1,793,2,0,0
pay_00005342,243.65,UPI,ELECTRONICS,10.4_FRAUDULENT_TRANSACTION,1,1,127,0,0,0
pay_00005343,364.12,UPI,TRAVEL,10.4_FRAUDULENT_TRANSACTION,1,0,642,0,0,0
pay_00005344,4956.56,DEBIT_CARD,TRAVEL,10.4_FRAUDULENT_TRANSACTION,1,1,766,0,0,0
pay_00005345,1256.79,DEBIT_CARD,GAMING,13.1_MERCHANDISE_NOT_RECEIVED,1,0,427,0,1,0
pay_00005346,121.45,UPI,GAMING,10.4_FRAUDULENT_TRANSACTION,0,0,401,0,0,0
pay_00005347,546.87,CREDIT_CARD,ELECTRONICS,13.1_MERCHANDISE_NOT_RECEIVED,0,0,73,0,0,0
pay_00005348,996.6,UPI,TRAVEL,10.4_FRAUDULENT_TRANSACTION,1,0,148,0,0,0
pay_00005349,1870.92,CREDIT_CARD,TRAVEL,10.4_FRAUDULENT_TRANSACTION,1,0,421,1,0,1
pay_00005350,2081.66,UPI,GAMING,13.1_MERCHANDISE_NOT_RECEIVED,1,0,436,0,0,0
pay_00005351,8179.58,UPI,DIGITAL_SERVICES,13.1_MERCHANDISE_NOT_RECEIVED,1,0,591,0,0,0
pay_00005352,608.49,CREDIT_CARD,DIGITAL_SERVICES,13.1_MERCHANDISE_NOT_RECEIVED,1,0,282,1,0,1
pay_00005353,1259.0,NETBANKING,GAMING,10.4_FRAUDULENT_TRANSACTION,1,0,409,0,0,0
pay_00005354,1243.18,UPI,RETAIL,10.5_VISA_EASY_PAYMENT,0,0,320,1,1,1
pay_00005355,880.42,DEBIT_CARD,TRAVEL,10.4_FRAUDULENT_TRANSACTION,1,2,415,0,0,0
pay_00005356,377.98,CREDIT_CARD,ELECTRONICS,10.4_FRAUDULENT_TRANSACTION,1,0,926,0,0,0
pay_00005357,5788.47,NETBANKING,DIGITAL_SERVICES,10.4_FRAUDULENT_TRANSACTION,1,0,369,1,0,1
pay_00005358,2979.22,UPI,RETAIL,10.4_FRAUDULENT_TRANSACTION,1,1,394,0,0,0
pay_00005359,1134.73,UPI,TRAVEL,13.1_MERCHANDISE_NOT_RECEIVED,1,0,422,0,0,0
pay_00005360,1486.66,NETBANKING,RETAIL,10.4_FRAUDULENT_TRANSACTION,1,0,621,0,0,0
pay_00005361,486.72,UPI,TRAVEL,10.5_VISA_EASY_PAYMENT,1,0,636,0,0,0
pay_00005362,1277.19,UPI,TRAVEL,10.4_FRAUDULENT_TRANSACTION,1,1,597,1,1,1
pay_00005363,1881.02,UPI,GAMING,13.1_MERCHANDISE_NOT_RECEIVED,1,0,496,0,1,0
pay_00005364,1185.93,DEBIT_CARD,GAMING,13.1_MERCHANDISE_NOT_RECEIVED,1,1,472,0,0,0
pay_00005365,7051.15,UPI,ELECTRONICS,13.3_NOT_AS_DESCRIBED,1,0,98,0,1,1
pay_00005366,1517.58,NETBANKING,ELECTRONICS,10.4_FRAUDULENT_TRANSACTION,1,0,924,0,0,0
pay_00005367,795.37,UPI,RETAIL,10.5_VISA_EASY_PAYMENT,0,0,372,0,1,1
pay_00005368,2318.61,UPI,GAMING,10.5_VISA_EASY_PAYMENT,1,1,997,0,0,0
pay_00005369,380.33,UPI,TRAVEL,10.5_VISA_EASY_PAYMENT,0,0,152,0,0,0
pay_00005370,828.02,UPI,GAMING,13.3_NOT_AS_DESCRIBED,1,0,925,0,0,0
pay_00005371,739.17,CREDIT_CARD,TRAVEL,13.3_NOT_AS_DESCRIBED,1,1,81,0,0,0
pay_00005372,947.94,CREDIT_CARD,GAMING,13.1_MERCHANDISE_NOT_RECEIVED,1,0,871,0,0,0
pay_00005373,2383.38,UPI,TRAVEL,13.3_NOT_AS_DESCRIBED,1,0,984,0,0,1
pay_00005374,1092.98,UPI,RETAIL,13.1_MERCHANDISE_NOT_RECEIVED,1,2,17,0,0,0
pay_00005375,2469.92,CREDIT_CARD,GAMING,13.1_MERCHANDISE_NOT_RECEIVED,1,1,613,0,0,0
pay_00005376,1388.76,DEBIT_CARD,DIGITAL_SERVICES,13.1_MERCHANDISE_NOT_RECEIVED,1,0,70,0,0,0
pay_00005377,727.98,DEBIT_CARD,DIGITAL_SERVICES,10.5_VISA_EASY_PAYMENT,1,0,512,1,0,0
pay_00005378,2590.93,DEBIT_CARD,TRAVEL,10.4_FRAUDULENT_TRANSACTION,1,1,832,1,0,0
pay_00005379,508.28,UPI,RETAIL,13.3_NOT_AS_DESCRIBED,1,0,874,0,0,0
pay_00005380,481.14,NETBANKING,TRAVEL,10.4_FRAUDULENT_TRANSACTION,0,0,869,0,0,0
pay_00005381,1153.29,UPI,RETAIL,10.4_FRAUDULENT_TRANSACTION,1,0,238,0,1,0
pay_00005382,553.38,UPI,ELECTRONICS,10.4_FRAUDULENT_TRANSACTION,1,2,415,0,0,0
pay_00005383,113.69,DEBIT_CARD,GAMING,10.4_FRAUDULENT_TRANSACTION,0,1,57,0,0,0
pay_00005384,1667.45,NETBANKING,RETAIL,10.5_VISA_EASY_PAYMENT,1,1,404,0,0,0
pay_00005385,1173.38,CREDIT_CARD,TRAVEL,10.4_FRAUDULENT_TRANSACTION,1,0,430,0,1,0
pay_00005386,984.58,UPI,ELECTRONICS,13.1_MERCHANDISE_NOT_RECEIVED,1,0,130,0,0,0
pay_00005387,5215.44,UPI,TRAVEL,10.4_FRAUDULENT_TRANSACTION,1,0,617,0,0,0
pay_00005388,1370.14,UPI,DIGITAL_SERVICES,10.5_VISA_EASY_PAYMENT,1,2,594,0,0,0
pay_00005389,3086.39,NETBANKING,DIGITAL_SERVICES,13.3_NOT_AS_DESCRIBED,1,1,50,0,0,0
pay_00005390,325.28,UPI,GAMING,10.4_FRAUDULENT_TRANSACTION,1,0,956,0,0,0
pay_00005391,1363.19,DEBIT_CARD,GAMING,10.4_FRAUDULENT_TRANSACTION,1,1,470,0,0,1
pay_00005392,3137.2,UPI,ELECTRONICS,10.4_FRAUDULENT_TRANSACTION,0,0,809,0,0,0
pay_00005393,1412.38,DEBIT_CARD,DIGITAL_SERVICES,10.4_FRAUDULENT_TRANSACTION,0,1,485,1,0,1
pay_00005394,1998.85,NETBANKING,RETAIL,10.4_FRAUDULENT_TRANSACTION,1,0,858,2,0,0
pay_00005395,797.93,UPI,DIGITAL_SERVICES,10.5_VISA_EASY_PAYMENT,1,0,498,0,0,0
pay_00005396,245.51,UPI,GAMING,13.3_NOT_AS_DESCRIBED,1,0,332,0,0,0
pay_00005397,1018.46,DEBIT_CARD,TRAVEL,10.4_FRAUDULENT_TRANSACTION,1,0,966,1,1,1
pay_00005398,852.5,CREDIT_CARD,ELECTRONICS,10.5_VISA_EASY_PAYMENT,1,0,145,0,0,0
pay_00005399,3126.79,CREDIT_CARD,DIGITAL_SERVICES,10.4_FRAUDULENT_TRANSACTION,1,0,206,0,0,1
pay_00005400,519.56,CREDIT_CARD,RETAIL,10.4_FRAUDULENT_TRANSACTION,1,0,906,0,0,0
pay_00005401,5204.84,UPI,RETAIL,13.1_MERCHANDISE_NOT_RECEIVED,1,2,90,0,0,0
pay_00005402,4860.07,DEBIT_CARD,RETAIL,10.4_FRAUDULENT_TRANSACTION,1,0,883,0,0,0
pay_00005403,526.79,UPI,ELECTRONICS,10.4_FRAUDULENT_TRANSACTION,1,0,451,1,0,0
pay_00005404,741.69,NETBANKING,RETAIL,10.4_FRAUDULENT_TRANSACTION,1,1,170,0,0,0
pay_00005405,3488.65,UPI,RETAIL,13.1_MERCHANDISE_NOT_RECEIVED,1,0,238,0,1,0
pay_00005406,5199.8,DEBIT_CARD,DIGITAL_SERVICES,10.5_VISA_EASY_PAYMENT,1,1,463,0,0,0
pay_00005407,978.97,UPI,ELECTRONICS,13.1_MERCHANDISE_NOT_RECEIVED,1,1,400,0,0,0
pay_00005408,680.69,UPI,TRAVEL,13.1_MERCHANDISE_NOT_RECEIVED,1,1,166,0,0,0
pay_00005409,1220.12,UPI,TRAVEL,13.1_MERCHANDISE_NOT_RECEIVED,1,0,654,0,0,0
pay_00005410,1846.02,DEBIT_CARD,RETAIL,10.4_FRAUDULENT_TRANSACTION,1,1,420,0,0,0
pay_00005411,579.22,CREDIT_CARD,GAMING,13.3_NOT_AS_DESCRIBED,1,0,397,0,0,0
pay_00005412,2100.4,NETBANKING,ELECTRONICS,13.1_MERCHANDISE_NOT_RECEIVED,1,0,187,0,0,0
pay_00005413,179.56,UPI,GAMING,10.4_FRAUDULENT_TRANSACTION,1,2,667,0,0,0
pay_00005414,175.83,CREDIT_CARD,ELECTRONICS,10.4_FRAUDULENT_TRANSACTION,1,1,264,0,0,0
pay_00005415,832.34,DEBIT_CARD,ELECTRONICS,10.5_VISA_EASY_PAYMENT,1,3,87,0,0,0
pay_00005416,754.21,UPI,DIGITAL_SERVICES,10.4_FRAUDULENT_TRANSACTION,0,0,233,0,0,1
pay_00005417,668.89,UPI,RETAIL,10.5_VISA_EASY_PAYMENT,1,0,309,0,0,0
pay_00005418,1113.02,UPI,DIGITAL_SERVICES,10.4_FRAUDULENT_TRANSACTION,0,0,715,0,0,0
pay_00005419,680.11,UPI,GAMING,13.1_MERCHANDISE_NOT_RECEIVED,1,3,133,0,0,0
pay_00005420,420.27,UPI,GAMING,10.4_FRAUDULENT_TRANSACTION,1,0,645,1,0,0
pay_00005421,655.44,CREDIT_CARD,TRAVEL,13.3_NOT_AS_DESCRIBED,1,0,473,0,1,1
pay_00005422,5627.59,UPI,DIGITAL_SERVICES,13.1_MERCHANDISE_NOT_RECEIVED,1,0,850,0,0,0
pay_00005423,894.28,DEBIT_CARD,DIGITAL_SERVICES,10.4_FRAUDULENT_TRANSACTION,1,0,304,1,0,0
pay_00005424,982.4,NETBANKING,DIGITAL_SERVICES,10.4_FRAUDULENT_TRANSACTION,0,0,759,0,0,1
pay_00005425,1388.96,CREDIT_CARD,TRAVEL,10.4_FRAUDULENT_TRANSACTION,1,0,762,0,1,0
pay_00005426,6242.19,CREDIT_CARD,DIGITAL_SERVICES,13.3_NOT_AS_DESCRIBED,1,0,755,0,0,0
pay_00005427,514.82,UPI,DIGITAL_SERVICES,13.3_NOT_AS_DESCRIBED,1,1,280,0,0,0
pay_00005428,1815.17,NETBANKING,DIGITAL_SERVICES,13.3_NOT_AS_DESCRIBED,1,0,201,0,0,0
pay_00005429,1988.09,UPI,DIGITAL_SERVICES,10.4_FRAUDULENT_TRANSACTION,1,0,491,0,0,0
pay_00005430,1502.16,CREDIT_CARD,GAMING,13.1_MERCHANDISE_NOT_RECEIVED,1,0,971,0,0,0
pay_00005431,239.12,WALLET,RETAIL,10.5_VISA_EASY_PAYMENT,1,1,718,1,0,0
pay_00005432,1794.56,CREDIT_CARD,GAMING,13.3_NOT_AS_DESCRIBED,1,1,298,0,0,0
pay_00005433,199.36,DEBIT_CARD,DIGITAL_SERVICES,10.4_FRAUDULENT_TRANSACTION,1,2,137,0,0,0
pay_00005434,1460.04,UPI,ELECTRONICS,13.1_MERCHANDISE_NOT_RECEIVED,1,2,448,1,0,0
pay_00005435,2118.2,UPI,ELECTRONICS,13.1_MERCHANDISE_NOT_RECEIVED,1,0,197,0,0,0
pay_00005436,455.43,DEBIT_CARD,TRAVEL,13.1_MERCHANDISE_NOT_RECEIVED,1,0,890,0,0,0
pay_00005437,2864.16,UPI,GAMING,10.4_FRAUDULENT_TRANSACTION,1,1,91,2,0,0
pay_00005438,146.24,DEBIT_CARD,TRAVEL,10.4_FRAUDULENT_TRANSACTION,1,1,907,1,0,1
pay_00005439,2885.05,UPI,TRAVEL,10.5_VISA_EASY_PAYMENT,1,0,732,0,0,0
pay_00005440,1025.19,NETBANKING,ELECTRONICS,10.4_FRAUDULENT_TRANSACTION,1,0,649,0,1,0
pay_00005441,468.06,UPI,GAMING,10.4_FRAUDULENT_TRANSACTION,1,0,845,0,0,0
pay_00005442,315.42,CREDIT_CARD,RETAIL,13.3_NOT_AS_DESCRIBED,1,1,61,0,0,0
pay_00005443,4696.25,CREDIT_CARD,GAMING,13.1_MERCHANDISE_NOT_RECEIVED,1,0,851,0,0,0
pay_00005444,213.16,UPI,TRAVEL,10.5_VISA_EASY_PAYMENT,1,0,72,0,0,0
pay_00005445,433.02,UPI,DIGITAL_SERVICES,10.4_FRAUDULENT_TRANSACTION,1,2,823,1,0,0
pay_00005446,741.16,UPI,TRAVEL,13.1_MERCHANDISE_NOT_RECEIVED,1,0,452,0,0,0
pay_00005447,1552.3,UPI,GAMING,10.4_FRAUDULENT_TRANSACTION,1,1,876,0,0,0
pay_00005448,1280.53,UPI,ELECTRONICS,10.4_FRAUDULENT_TRANSACTION,1,0,793,0,0,0
pay_00005449,301.4,UPI,GAMING,10.4_FRAUDULENT_TRANSACTION,1,1,639,0,0,0
pay_00005450,613.16,CREDIT_CARD,RETAIL,13.1_MERCHANDISE_NOT_RECEIVED,1,0,199,0,0,0
pay_00005451,509.19,UPI,DIGITAL_SERVICES,13.1_MERCHANDISE_NOT_RECEIVED,1,0,824,0,0,0
pay_00005452,460.33,WALLET,DIGITAL_SERVICES,10.4_FRAUDULENT_TRANSACTION,1,1,283,0,0,0
pay_00005453,894.36,CREDIT_CARD,TRAVEL,10.4_FRAUDULENT_TRANSACTION,1,0,755,0,0,0
pay_00005454,1926.25,UPI,GAMING,13.1_MERCHANDISE_NOT_RECEIVED,0,0,151,0,0,1
pay_00005455,467.8,UPI,ELECTRONICS,10.4_FRAUDULENT_TRANSACTION,1,1,40,0,0,0
pay_00005456,785.17,NETBANKING,RETAIL,10.4_FRAUDULENT_TRANSACTION,1,0,371,0,0,0
pay_00005457,843.7,UPI,TRAVEL,13.1_MERCHANDISE_NOT_RECEIVED,1,0,477,0,1,1
pay_00005458,5723.36,CREDIT_CARD,GAMING,10.4_FRAUDULENT_TRANSACTION,0,0,58,0,0,1
pay_00005459,4740.56,CREDIT_CARD,ELECTRONICS,10.4_FRAUDULENT_TRANSACTION,1,0,548,0,0,0
pay_00005460,2515.19,UPI,GAMING,13.1_MERCHANDISE_NOT_RECEIVED,1,1,253,0,0,0
pay_00005461,514.93,DEBIT_CARD,ELECTRONICS,10.4_FRAUDULENT_TRANSACTION,1,1,714,0,0,0
pay_00005462,205.69,UPI,GAMING,13.3_NOT_AS_DESCRIBED,1,0,416,0,0,0
pay_00005463,671.68,UPI,GAMING,13.1_MERCHANDISE_NOT_RECEIVED,1,0,239,0,0,0
pay_00005464,565.49,DEBIT_CARD,TRAVEL,10.4_FRAUDULENT_TRANSACTION,1,0,384,0,0,0
pay_00005465,1157.6,CREDIT_CARD,GAMING,13.1_MERCHANDISE_NOT_RECEIVED,0,0,407,0,1,0
pay_00005466,2355.78,NETBANKING,GAMING,10.4_FRAUDULENT_TRANSACTION,1,0,168,0,0,0
pay_00005467,3031.31,CREDIT_CARD,TRAVEL,13.1_MERCHANDISE_NOT_RECEIVED,0,0,111,0,0,0
pay_00005468,2895.18,DEBIT_CARD,TRAVEL,13.3_NOT_AS_DESCRIBED,1,0,432,0,1,0
pay_00005469,768.67,DEBIT_CARD,DIGITAL_SERVICES,10.5_VISA_EASY_PAYMENT,1,1,920,0,0,0
pay_00005470,1843.45,UPI,DIGITAL_SERVICES,10.5_VISA_EASY_PAYMENT,1,2,725,0,0,0
pay_00005471,662.77,DEBIT_CARD,TRAVEL,13.1_MERCHANDISE_NOT_RECEIVED,1,1,679,0,0,0
pay_00005472,194.26,CREDIT_CARD,RETAIL,13.1_MERCHANDISE_NOT_RECEIVED,1,3,296,0,0,1
pay_00005473,1913.81,UPI,ELECTRONICS,10.4_FRAUDULENT_TRANSACTION,1,0,285,1,0,1
pay_00005474,114.81,CREDIT_CARD,TRAVEL,13.3_NOT_AS_DESCRIBED,0,1,301,0,1,0
pay_00005475,889.37,UPI,DIGITAL_SERVICES,10.4_FRAUDULENT_TRANSACTION,1,3,877,0,0,0
pay_00005476,699.33,DEBIT_CARD,GAMING,13.1_MERCHANDISE_NOT_RECEIVED,1,0,603,0,0,0
pay_00005477,1873.21,CREDIT_CARD,TRAVEL,10.4_FRAUDULENT_TRANSACTION,1,0,509,0,0,0
pay_00005478,2280.23,WALLET,TRAVEL,10.4_FRAUDULENT_TRANSACTION,1,1,546,0,0,0
pay_00005479,643.81,UPI,DIGITAL_SERVICES,10.4_FRAUDULENT_TRANSACTION,1,0,90,0,0,0
pay_00005480,2604.0,CREDIT_CARD,DIGITAL_SERVICES,10.4_FRAUDULENT_TRANSACTION,1,0,500,0,0,0
pay_00005481,622.03,UPI,RETAIL,10.4_FRAUDULENT_TRANSACTION,1,0,527,0,0,0
pay_00005482,986.77,CREDIT_CARD,DIGITAL_SERVICES,10.4_FRAUDULENT_TRANSACTION,1,0,582,0,0,1
pay_00005483,2047.53,DEBIT_CARD,DIGITAL_SERVICES,10.4_FRAUDULENT_TRANSACTION,1,1,729,0,0,0
pay_00005484,1870.97,DEBIT_CARD,DIGITAL_SERVICES,10.4_FRAUDULENT_TRANSACTION,1,0,850,0,0,0
pay_00005485,6657.34,DEBIT_CARD,GAMING,10.4_FRAUDULENT_TRANSACTION,1,0,71,0,0,0
pay_00005486,482.65,NETBANKING,TRAVEL,13.1_MERCHANDISE_NOT_RECEIVED,1,2,642,1,0,0
pay_00005487,1728.48,UPI,TRAVEL,13.3_NOT_AS_DESCRIBED,1,0,354,0,0,0
pay_00005488,1511.19,UPI,DIGITAL_SERVICES,13.1_MERCHANDISE_NOT_RECEIVED,1,1,641,0,0,0
pay_00005489,3799.39,CREDIT_CARD,RETAIL,10.4_FRAUDULENT_TRANSACTION,1,0,633,0,1,0
pay_00005490,355.05,UPI,DIGITAL_SERVICES,10.4_FRAUDULENT_TRANSACTION,0,0,182,0,0,0
pay_00005491,2190.27,UPI,RETAIL,10.4_FRAUDULENT_TRANSACTION,1,0,125,0,0,0
pay_00005492,1359.93,CREDIT_CARD,TRAVEL,10.5_VISA_EASY_PAYMENT,1,0,110,0,1,1
pay_00005493,581.68,UPI,RETAIL,10.4_FRAUDULENT_TRANSACTION,1,1,386,0,0,0
pay_00005494,1064.92,UPI,RETAIL,13.1_MERCHANDISE_NOT_RECEIVED,1,0,746,0,0,0
pay_00005495,709.2,DEBIT_CARD,ELECTRONICS,10.4_FRAUDULENT_TRANSACTION,1,0,164,0,0,0
pay_00005496,1398.8,UPI,RETAIL,10.4_FRAUDULENT_TRANSACTION,1,0,964,0,0,0
pay_00005497,3397.35,UPI,RETAIL,13.3_NOT_AS_DESCRIBED,1,0,540,1,1,0
pay_00005498,1363.53,UPI,GAMING,10.4_FRAUDULENT_TRANSACTION,1,0,215,0,0,0
pay_00005499,1598.38,NETBANKING,TRAVEL,10.4_FRAUDULENT_TRANSACTION,1,2,103,0,1,0
pay_00005500,1197.05,WALLET,DIGITAL_SERVICES,10.5_VISA_EASY_PAYMENT,1,0,404,1,0,0
pay_00005501,178.78,CREDIT_CARD,ELECTRONICS,10.4_FRAUDULENT_TRANSACTION,1,0,165,0,0,0
pay_00005502,497.63,UPI,RETAIL,13.1_MERCHANDISE_NOT_RECEIVED,1,0,571,0,0,0
pay_00005503,1115.92,NETBANKING,GAMING,10.4_FRAUDULENT_TRANSACTION,1,0,44,0,0,0
pay_00005504,657.11,CREDIT_CARD,GAMING,10.5_VISA_EASY_PAYMENT,1,1,140,0,0,0
pay_00005505,400.91,DEBIT_CARD,DIGITAL_SERVICES,13.3_NOT_AS_DESCRIBED,1,2,32,0,0,0
pay_00005506,1152.17,DEBIT_CARD,DIGITAL_SERVICES,10.4_FRAUDULENT_TRANSACTION,1,1,249,0,0,0
pay_00005507,684.7,UPI,TRAVEL,10.5_VISA_EASY_PAYMENT,1,0,806,0,0,0
pay_00005508,547.83,UPI,RETAIL,10.4_FRAUDULENT_TRANSACTION,1,0,543,0,0,0
pay_00005509,1035.39,UPI,GAMING,10.4_FRAUDULENT_TRANSACTION,1,0,530,0,0,0
pay_00005510,314.57,UPI,ELECTRONICS,13.1_MERCHANDISE_NOT_RECEIVED,1,1,669,0,0,0
pay_00005511,4041.35,DEBIT_CARD,TRAVEL,13.1_MERCHANDISE_NOT_RECEIVED,1,1,738,0,0,0
pay_00005512,3134.05,NETBANKING,RETAIL,13.1_MERCHANDISE_NOT_RECEIVED,1,2,819,0,1,0
pay_00005513,1944.55,DEBIT_CARD,DIGITAL_SERVICES,13.1_MERCHANDISE_NOT_RECEIVED,1,0,413,0,0,0
pay_00005514,268.43,UPI,RETAIL,10.4_FRAUDULENT_TRANSACTION,1,1,603,1,1,1
pay_00005515,2343.34,UPI,DIGITAL_SERVICES,10.5_VISA_EASY_PAYMENT,1,0,991,0,0,0
pay_00005516,2575.06,UPI,RETAIL,13.3_NOT_AS_DESCRIBED,1,1,831,0,0,0
pay_00005517,2290.01,UPI,ELECTRONICS,13.1_MERCHANDISE_NOT_RECEIVED,1,0,880,0,1,1
pay_00005518,281.5,UPI,TRAVEL,10.4_FRAUDULENT_TRANSACTION,1,0,759,0,0,0
pay_00005519,1648.85,CREDIT_CARD,DIGITAL_SERVICES,13.3_NOT_AS_DESCRIBED,1,0,994,0,0,0
pay_00005520,2796.59,UPI,ELECTRONICS,13.1_MERCHANDISE_NOT_RECEIVED,1,0,849,0,0,0
pay_00005521,1391.83,WALLET,GAMING,10.5_VISA_EASY_PAYMENT,1,0,532,0,0,0
pay_00005522,1659.41,UPI,ELECTRONICS,10.4_FRAUDULENT_TRANSACTION,1,0,671,0,0,0
pay_00005523,1019.74,DEBIT_CARD,ELECTRONICS,13.1_MERCHANDISE_NOT_RECEIVED,1,0,31,0,0,0
pay_00005524,1228.41,CREDIT_CARD,ELECTRONICS,10.5_VISA_EASY_PAYMENT,1,0,698,0,0,1
pay_00005525,152.47,UPI,DIGITAL_SERVICES,10.4_FRAUDULENT_TRANSACTION,1,0,999,0,1,0
pay_00005526,1628.16,DEBIT_CARD,GAMING,13.1_MERCHANDISE_NOT_RECEIVED,1,0,853,0,0,0
pay_00005527,227.43,DEBIT_CARD,TRAVEL,10.5_VISA_EASY_PAYMENT,1,1,391,0,0,0
pay_00005528,956.43,CREDIT_CARD,ELECTRONICS,13.1_MERCHANDISE_NOT_RECEIVED,1,0,224,0,0,0
pay_00005529,619.36,CREDIT_CARD,DIGITAL_SERVICES,13.1_MERCHANDISE_NOT_RECEIVED,1,0,503,0,0,0
pay_00005530,1282.6,UPI,DIGITAL_SERVICES,10.4_FRAUDULENT_TRANSACTION,1,1,780,0,0,0
pay_00005531,314.79,CREDIT_CARD,TRAVEL,13.1_MERCHANDISE_NOT_RECEIVED,1,1,983,0,0,0
pay_00005532,1864.75,NETBANKING,RETAIL,10.4_FRAUDULENT_TRANSACTION,1,0,957,0,1,1
pay_00005533,2477.2,UPI,GAMING,10.4_FRAUDULENT_TRANSACTION,0,0,555,0,0,0
pay_00005534,367.53,UPI,GAMING,13.1_MERCHANDISE_NOT_RECEIVED,1,0,509,0,0,0
pay_00005535,265.25,NETBANKING,ELECTRONICS,10.4_FRAUDULENT_TRANSACTION,1,0,49,0,0,0
pay_00005536,335.89,UPI,RETAIL,10.5_VISA_EASY_PAYMENT,1,0,363,0,0,0
pay_00005537,3244.91,CREDIT_CARD,GAMING,13.1_MERCHANDISE_NOT_RECEIVED,1,1,808,0,0,0
pay_00005538,1226.77,CREDIT_CARD,ELECTRONICS,13.1_MERCHANDISE_NOT_RECEIVED,1,1,710,0,0,1
pay_00005539,1044.59,CREDIT_CARD,RETAIL,10.4_FRAUDULENT_TRANSACTION,1,2,928,0,0,0
pay_00005540,269.27,UPI,DIGITAL_SERVICES,10.4_FRAUDULENT_TRANSACTION,0,0,703,0,0,1
pay_00005541,1672.83,UPI,ELECTRONICS,10.4_FRAUDULENT_TRANSACTION,1,0,742,0,0,0
pay_00005542,3137.43,UPI,RETAIL,10.4_FRAUDULENT_TRANSACTION,1,0,15,0,0,0
pay_00005543,2742.01,DEBIT_CARD,TRAVEL,13.3_NOT_AS_DESCRIBED,1,1,346,0,0,0
pay_00005544,1575.47,DEBIT_CARD,GAMING,13.3_NOT_AS_DESCRIBED,1,1,468,0,1,0
pay_00005545,217.39,CREDIT_CARD,ELECTRONICS,13.3_NOT_AS_DESCRIBED,1,0,780,0,0,0
pay_00005546,278.85,CREDIT_CARD,DIGITAL_SERVICES,13.1_MERCHANDISE_NOT_RECEIVED,1,0,745,1,0,0
pay_00005547,175.85,UPI,ELECTRONICS,13.1_MERCHANDISE_NOT_RECEIVED,1,0,493,0,0,0
pay_00005548,546.56,UPI,GAMING,13.1_MERCHANDISE_NOT_RECEIVED,1,0,879,0,0,0
pay_00005549,318.69,DEBIT_CARD,GAMING,10.4_FRAUDULENT_TRANSACTION,0,0,239,0,0,0
pay_00005550,551.76,UPI,RETAIL,13.1_MERCHANDISE_NOT_RECEIVED,1,1,666,0,0,0
pay_00005551,829.34,UPI,DIGITAL_SERVICES,10.4_FRAUDULENT_TRANSACTION,1,0,926,1,0,0
pay_00005552,4396.6,UPI,RETAIL,13.1_MERCHANDISE_NOT_RECEIVED,1,0,861,0,0,0
pay_00005553,1513.86,UPI,DIGITAL_SERVICES,10.4_FRAUDULENT_TRANSACTION,1,0,926,0,0,0
pay_00005554,2802.48,UPI,ELECTRONICS,13.1_MERCHANDISE_NOT_RECEIVED,1,0,77,0,0,0
pay_00005555,1958.63,DEBIT_CARD,ELECTRONICS,10.4_FRAUDULENT_TRANSACTION,1,0,233,0,1,0
pay_00005556,279.03,NETBANKING,RETAIL,10.4_FRAUDULENT_TRANSACTION,1,0,446,0,0,0
pay_00005557,2097.26,NETBANKING,TRAVEL,13.1_MERCHANDISE_NOT_RECEIVED,1,0,171,0,0,0
pay_00005558,582.58,NETBANKING,GAMING,10.4_FRAUDULENT_TRANSACTION,0,0,534,0,0,0
pay_00005559,1628.76,NETBANKING,RETAIL,10.4_FRAUDULENT_TRANSACTION,1,0,747,0,0,0
pay_00005560,725.46,CREDIT_CARD,RETAIL,10.4_FRAUDULENT_TRANSACTION,1,0,273,0,0,0
pay_00005561,9194.29,UPI,ELECTRONICS,10.4_FRAUDULENT_TRANSACTION,1,1,919,0,1,1
pay_00005562,558.87,DEBIT_CARD,GAMING,13.3_NOT_AS_DESCRIBED,1,0,25,1,0,1
pay_00005563,590.95,UPI,RETAIL,13.1_MERCHANDISE_NOT_RECEIVED,1,0,757,0,0,0
pay_00005564,4103.37,UPI,ELECTRONICS,13.3_NOT_AS_DESCRIBED,1,0,838,0,0,0
pay_00005565,137.43,UPI,ELECTRONICS,10.4_FRAUDULENT_TRANSACTION,1,0,246,0,0,0
pay_00005566,1889.49,CREDIT_CARD,RETAIL,10.4_FRAUDULENT_TRANSACTION,1,0,549,0,0,0
pay_00005567,2038.26,UPI,RETAIL,13.1_MERCHANDISE_NOT_RECEIVED,1,1,474,1,0,1
pay_00005568,2815.3,UPI,ELECTRONICS,10.4_FRAUDULENT_TRANSACTION,1,1,313,0,0,0
pay_00005569,5600.05,UPI,RETAIL,10.4_FRAUDULENT_TRANSACTION,1,0,469,0,0,0
pay_00005570,5669.88,NETBANKING,GAMING,13.1_MERCHANDISE_NOT_RECEIVED,0,2,355,0,0,0
pay_00005571,201.26,CREDIT_CARD,ELECTRONICS,13.1_MERCHANDISE_NOT_RECEIVED,1,0,838,0,0,0
pay_00005572,2687.6,NETBANKING,ELECTRONICS,10.4_FRAUDULENT_TRANSACTION,1,1,790,0,1,0
pay_00005573,1659.0,UPI,RETAIL,10.4_FRAUDULENT_TRANSACTION,0,1,721,0,0,1
pay_00005574,1663.39,UPI,RETAIL,13.1_MERCHANDISE_NOT_RECEIVED,1,1,459,2,0,1
pay_00005575,306.05,CREDIT_CARD,RETAIL,10.4_FRAUDULENT_TRANSACTION,1,0,516,0,1,0
pay_00005576,1675.54,UPI,GAMING,10.5_VISA_EASY_PAYMENT,0,2,58,0,1,0
pay_00005577,6166.84,CREDIT_CARD,ELECTRONICS,10.5_VISA_EASY_PAYMENT,1,1,172,1,0,0
pay_00005578,3742.54,DEBIT_CARD,TRAVEL,13.3_NOT_AS_DESCRIBED,1,0,330,2,0,0
pay_00005579,967.4,DEBIT_CARD,GAMING,10.4_FRAUDULENT_TRANSACTION,0,0,273,1,0,0
pay_00005580,161.15,NETBANKING,GAMING,10.4_FRAUDULENT_TRANSACTION,1,0,230,0,0,0
pay_00005581,774.82,UPI,ELECTRONICS,10.5_VISA_EASY_PAYMENT,1,0,146,0,0,0
pay_00005582,2726.42,UPI,TRAVEL,10.4_FRAUDULENT_TRANSACTION,1,0,437,0,0,0
pay_00005583,1913.47,CREDIT_CARD,ELECTRONICS,10.4_FRAUDULENT_TRANSACTION,1,0,275,0,0,0
pay_00005584,1022.46,UPI,GAMING,10.4_FRAUDULENT_TRANSACTION,0,1,854,0,0,1
pay_00005585,185.02,UPI,RETAIL,10.4_FRAUDULENT_TRANSACTION,1,0,829,2,0,1
pay_00005586,935.03,UPI,ELECTRONICS,13.1_MERCHANDISE_NOT_RECEIVED,1,3,569,0,0,0
pay_00005587,1049.56,UPI,ELECTRONICS,10.5_VISA_EASY_PAYMENT,1,1,335,0,0,0
pay_00005588,4058.25,UPI,RETAIL,13.3_NOT_AS_DESCRIBED,1,1,300,0,0,0
pay_00005589,1637.01,UPI,TRAVEL,13.1_MERCHANDISE_NOT_RECEIVED,0,1,147,0,1,1
pay_00005590,660.19,CREDIT_CARD,TRAVEL,10.4_FRAUDULENT_TRANSACTION,1,1,921,0,0,0
pay_00005591,1217.67,CREDIT_CARD,ELECTRONICS,13.1_MERCHANDISE_NOT_RECEIVED,0,0,549,0,0,0
pay_00005592,202.51,DEBIT_CARD,RETAIL,10.4_FRAUDULENT_TRANSACTION,1,2,914,0,1,0
pay_00005593,5494.08,CREDIT_CARD,ELECTRONICS,10.4_FRAUDULENT_TRANSACTION,1,0,58,0,0,0
pay_00005594,769.57,UPI,RETAIL,10.4_FRAUDULENT_TRANSACTION,1,0,268,0,0,0
pay_00005595,1074.75,UPI,GAMING,13.1_MERCHANDISE_NOT_RECEIVED,0,0,32,0,0,1
pay_00005596,758.42,UPI,RETAIL,10.4_FRAUDULENT_TRANSACTION,1,0,922,0,0,0
pay_00005597,1820.97,DEBIT_CARD,ELECTRONICS,10.5_VISA_EASY_PAYMENT,1,1,410,0,1,1
pay_00005598,1728.09,DEBIT_CARD,DIGITAL_SERVICES,10.5_VISA_EASY_PAYMENT,1,1,431,1,0,0
pay_00005599,1984.6,UPI,TRAVEL,10.4_FRAUDULENT_TRANSACTION,0,0,938,0,0,0
pay_00005600,568.26,UPI,ELECTRONICS,10.4_FRAUDULENT_TRANSACTION,1,1,988,0,0,0
pay_00005601,668.97,WALLET,RETAIL,13.3_NOT_AS_DESCRIBED,1,0,601,1,0,0
pay_00005602,300.73,CREDIT_CARD,RETAIL,10.5_VISA_EASY_PAYMENT,1,0,222,0,0,0
pay_00005603,1698.54,DEBIT_CARD,TRAVEL,13.3_NOT_AS_DESCRIBED,0,0,51,0,0,0
pay_00005604,160.92,UPI,ELECTRONICS,10.4_FRAUDULENT_TRANSACTION,1,0,809,1,0,0
pay_00005605,1465.77,UPI,DIGITAL_SERVICES,10.4_FRAUDULENT_TRANSACTION,1,0,998,0,0,0
pay_00005606,3156.83,DEBIT_CARD,GAMING,10.4_FRAUDULENT_TRANSACTION,1,0,462,0,0,0
pay_00005607,3422.3,CREDIT_CARD,DIGITAL_SERVICES,10.4_FRAUDULENT_TRANSACTION,1,0,705,0,0,0
pay_00005608,994.13,CREDIT_CARD,GAMING,10.4_FRAUDULENT_TRANSACTION,1,1,865,0,0,0
pay_00005609,1022.35,CREDIT_CARD,GAMING,13.3_NOT_AS_DESCRIBED,1,1,573,1,0,0
pay_00005610,220.14,CREDIT_CARD,ELECTRONICS,10.4_FRAUDULENT_TRANSACTION,1,0,895,0,0,1
pay_00005611,1766.48,DEBIT_CARD,GAMING,13.3_NOT_AS_DESCRIBED,1,1,459,0,0,0
pay_00005612,2682.73,UPI,RETAIL,10.4_FRAUDULENT_TRANSACTION,1,0,803,1,1,1
pay_00005613,520.87,UPI,GAMING,10.4_FRAUDULENT_TRANSACTION,1,0,597,0,0,0
pay_00005614,920.46,NETBANKING,GAMING,10.4_FRAUDULENT_TRANSACTION,1,0,278,0,1,0
pay_00005615,2838.03,UPI,TRAVEL,10.4_FRAUDULENT_TRANSACTION,1,1,453,0,0,0
pay_00005616,3244.83,CREDIT_CARD,TRAVEL,13.3_NOT_AS_DESCRIBED,1,1,40,0,0,0
pay_00005617,517.94,DEBIT_CARD,ELECTRONICS,10.4_FRAUDULENT_TRANSACTION,1,0,566,0,0,0
pay_00005618,1299.66,WALLET,ELECTRONICS,13.3_NOT_AS_DESCRIBED,1,1,978,0,0,0
pay_00005619,420.71,UPI,RETAIL,10.5_VISA_EASY_PAYMENT,1,0,165,0,0,0
pay_00005620,261.18,UPI,TRAVEL,13.3_NOT_AS_DESCRIBED,1,1,940,0,0,0
pay_00005621,3730.71,DEBIT_CARD,DIGITAL_SERVICES,13.1_MERCHANDISE_NOT_RECEIVED,0,0,247,0,0,1
pay_00005622,2676.43,DEBIT_CARD,ELECTRONICS,13.1_MERCHANDISE_NOT_RECEIVED,1,0,797,0,0,0
pay_00005623,2240.89,DEBIT_CARD,ELECTRONICS,10.4_FRAUDULENT_TRANSACTION,1,0,338,0,0,0
pay_00005624,174.99,UPI,TRAVEL,13.1_MERCHANDISE_NOT_RECEIVED,0,0,885,0,0,0
pay_00005625,2884.24,UPI,TRAVEL,10.5_VISA_EASY_PAYMENT,1,0,524,0,0,0
pay_00005626,964.5,CREDIT_CARD,RETAIL,10.4_FRAUDULENT_TRANSACTION,1,0,405,0,0,0
pay_00005627,728.73,NETBANKING,TRAVEL,13.3_NOT_AS_DESCRIBED,1,0,40,0,0,0
pay_00005628,1286.06,NETBANKING,GAMING,13.3_NOT_AS_DESCRIBED,1,3,30,0,0,1
pay_00005629,243.7,UPI,DIGITAL_SERVICES,10.5_VISA_EASY_PAYMENT,1,1,832,0,1,0
pay_00005630,2219.86,UPI,GAMING,10.4_FRAUDULENT_TRANSACTION,1,0,297,1,0,1
pay_00005631,1409.97,UPI,GAMING,10.4_FRAUDULENT_TRANSACTION,1,0,847,0,0,0
pay_00005632,409.78,WALLET,GAMING,10.4_FRAUDULENT_TRANSACTION,1,2,739,0,0,0
pay_00005633,412.81,CREDIT_CARD,ELECTRONICS,13.3_NOT_AS_DESCRIBED,1,0,303,0,0,0
pay_00005634,405.47,UPI,GAMING,10.4_FRAUDULENT_TRANSACTION,1,1,732,0,1,0
pay_00005635,188.04,UPI,ELECTRONICS,10.4_FRAUDULENT_TRANSACTION,1,0,260,1,0,1
pay_00005636,1429.36,CREDIT_CARD,TRAVEL,10.4_FRAUDULENT_TRANSACTION,1,1,924,0,0,0
pay_00005637,2852.14,UPI,DIGITAL_SERVICES,10.4_FRAUDULENT_TRANSACTION,1,0,606,0,0,0
pay_00005638,126.48,DEBIT_CARD,DIGITAL_SERVICES,10.4_FRAUDULENT_TRANSACTION,1,1,432,0,0,0
pay_00005639,175.37,DEBIT_CARD,GAMING,13.1_MERCHANDISE_NOT_RECEIVED,0,1,313,0,0,0
pay_00005640,1375.65,UPI,DIGITAL_SERVICES,10.5_VISA_EASY_PAYMENT,1,0,889,0,0,0
pay_00005641,2668.0,UPI,ELECTRONICS,10.4_FRAUDULENT_TRANSACTION,1,0,242,0,0,0
pay_00005642,693.43,NETBANKING,TRAVEL,13.3_NOT_AS_DESCRIBED,0,2,731,0,1,1
pay_00005643,745.28,UPI,GAMING,13.1_MERCHANDISE_NOT_RECEIVED,1,1,528,0,0,0
pay_00005644,1460.8,UPI,RETAIL,10.4_FRAUDULENT_TRANSACTION,1,0,864,0,0,0
pay_00005645,580.75,NETBANKING,DIGITAL_SERVICES,13.3_NOT_AS_DESCRIBED,1,2,908,0,0,0
pay_00005646,140.45,DEBIT_CARD,DIGITAL_SERVICES,10.4_FRAUDULENT_TRANSACTION,1,0,492,0,0,1
pay_00005647,2093.33,DEBIT_CARD,GAMING,13.1_MERCHANDISE_NOT_RECEIVED,1,1,311,0,0,0
pay_00005648,1573.85,UPI,DIGITAL_SERVICES,13.1_MERCHANDISE_NOT_RECEIVED,1,1,932,2,0,0
pay_00005649,1403.95,UPI,DIGITAL_SERVICES,13.1_MERCHANDISE_NOT_RECEIVED,1,1,911,0,0,0
pay_00005650,2130.36,UPI,RETAIL,10.4_FRAUDULENT_TRANSACTION,1,0,659,1,0,0
pay_00005651,1786.96,UPI,ELECTRONICS,13.1_MERCHANDISE_NOT_RECEIVED,1,0,146,0,0,0
pay_00005652,445.78,DEBIT_CARD,GAMING,13.3_NOT_AS_DESCRIBED,1,0,730,0,1,0
pay_00005653,751.91,UPI,GAMING,13.1_MERCHANDISE_NOT_RECEIVED,1,0,971,0,1,0
pay_00005654,302.2,DEBIT_CARD,RETAIL,13.3_NOT_AS_DESCRIBED,1,0,990,0,0,0
pay_00005655,308.65,UPI,RETAIL,13.1_MERCHANDISE_NOT_RECEIVED,1,0,924,0,0,0
pay_00005656,1791.42,UPI,ELECTRONICS,10.4_FRAUDULENT_TRANSACTION,1,0,952,1,0,0
pay_00005657,3034.24,WALLET,TRAVEL,10.4_FRAUDULENT_TRANSACTION,1,0,151,1,1,0
pay_00005658,5034.45,UPI,GAMING,13.1_MERCHANDISE_NOT_RECEIVED,1,0,463,0,0,0
pay_00005659,1584.69,UPI,DIGITAL_SERVICES,13.3_NOT_AS_DESCRIBED,1,0,880,0,1,0
pay_00005660,405.2,UPI,ELECTRONICS,10.4_FRAUDULENT_TRANSACTION,1,2,11,0,0,0
pay_00005661,267.49,UPI,GAMING,10.4_FRAUDULENT_TRANSACTION,1,0,427,0,0,0
pay_00005662,2613.78,UPI,ELECTRONICS,10.4_FRAUDULENT_TRANSACTION,1,0,853,0,0,0
pay_00005663,1396.82,UPI,TRAVEL,13.1_MERCHANDISE_NOT_RECEIVED,1,2,896,0,0,0
pay_00005664,1544.62,CREDIT_CARD,GAMING,13.1_MERCHANDISE_NOT_RECEIVED,1,0,301,0,1,0
pay_00005665,2381.19,DEBIT_CARD,DIGITAL_SERVICES,13.1_MERCHANDISE_NOT_RECEIVED,1,0,39,0,0,0
pay_00005666,1922.44,CREDIT_CARD,GAMING,10.4_FRAUDULENT_TRANSACTION,1,0,991,0,1,1
pay_00005667,2797.8,UPI,ELECTRONICS,10.4_FRAUDULENT_TRANSACTION,1,0,591,0,0,0
pay_00005668,186.78,CREDIT_CARD,TRAVEL,13.3_NOT_AS_DESCRIBED,1,0,465,0,0,0
pay_00005669,2164.64,UPI,ELECTRONICS,10.4_FRAUDULENT_TRANSACTION,1,0,985,0,0,0
pay_00005670,2954.23,CREDIT_CARD,ELECTRONICS,10.4_FRAUDULENT_TRANSACTION,1,0,152,0,0,0
pay_00005671,605.59,CREDIT_CARD,RETAIL,13.1_MERCHANDISE_NOT_RECEIVED,1,1,941,0,0,0
pay_00005672,1634.34,UPI,ELECTRONICS,13.3_NOT_AS_DESCRIBED,0,0,292,0,0,0
pay_00005673,665.67,DEBIT_CARD,TRAVEL,10.4_FRAUDULENT_TRANSACTION,1,0,865,0,1,0
pay_00005674,4854.1,NETBANKING,DIGITAL_SERVICES,10.5_VISA_EASY_PAYMENT,0,0,876,0,0,0
pay_00005675,150.99,DEBIT_CARD,RETAIL,10.4_FRAUDULENT_TRANSACTION,1,1,516,0,0,0
pay_00005676,1400.51,UPI,ELECTRONICS,10.4_FRAUDULENT_TRANSACTION,1,0,705,0,0,0
pay_00005677,373.19,CREDIT_CARD,GAMING,10.4_FRAUDULENT_TRANSACTION,1,0,614,0,1,0
pay_00005678,1968.34,NETBANKING,RETAIL,13.1_MERCHANDISE_NOT_RECEIVED,1,1,696,2,0,0
pay_00005679,390.18,UPI,TRAVEL,10.4_FRAUDULENT_TRANSACTION,1,0,907,0,0,0
pay_00005680,502.57,DEBIT_CARD,GAMING,13.1_MERCHANDISE_NOT_RECEIVED,0,2,597,0,0,0
pay_00005681,1122.93,UPI,TRAVEL,10.4_FRAUDULENT_TRANSACTION,1,0,665,0,0,0
pay_00005682,3794.75,UPI,GAMING,10.4_FRAUDULENT_TRANSACTION,1,0,762,0,0,0
pay_00005683,456.84,DEBIT_CARD,DIGITAL_SERVICES,10.4_FRAUDULENT_TRANSACTION,1,1,562,0,0,0
pay_00005684,333.65,DEBIT_CARD,TRAVEL,13.1_MERCHANDISE_NOT_RECEIVED,1,0,348,0,0,0
pay_00005685,2234.29,DEBIT_CARD,GAMING,13.1_MERCHANDISE_NOT_RECEIVED,1,0,882,0,0,0
pay_00005686,1141.58,NETBANKING,TRAVEL,13.3_NOT_AS_DESCRIBED,1,2,564,0,0,0
pay_00005687,3741.97,UPI,RETAIL,13.1_MERCHANDISE_NOT_RECEIVED,1,0,262,0,0,0
pay_00005688,337.82,UPI,TRAVEL,13.1_MERCHANDISE_NOT_RECEIVED,0,1,302,0,0,0
pay_00005689,1657.38,NETBANKING,TRAVEL,13.1_MERCHANDISE_NOT_RECEIVED,1,0,710,0,0,0
pay_00005690,497.67,UPI,GAMING,10.5_VISA_EASY_PAYMENT,1,0,726,0,0,0
pay_00005691,355.76,CREDIT_CARD,TRAVEL,13.3_NOT_AS_DESCRIBED,1,0,783,1,0,0
pay_00005692,1825.31,CREDIT_CARD,DIGITAL_SERVICES,13.3_NOT_AS_DESCRIBED,1,0,630,0,0,0
pay_00005693,1450.94,UPI,ELECTRONICS,13.1_MERCHANDISE_NOT_RECEIVED,1,0,445,0,0,0
pay_00005694,2208.69,UPI,RETAIL,13.1_MERCHANDISE_NOT_RECEIVED,1,1,289,0,0,0
pay_00005695,655.43,CREDIT_CARD,GAMING,10.4_FRAUDULENT_TRANSACTION,1,1,849,1,0,0
pay_00005696,991.23,NETBANKING,TRAVEL,13.3_NOT_AS_DESCRIBED,1,0,381,1,0,1
pay_00005697,879.98,DEBIT_CARD,TRAVEL,10.4_FRAUDULENT_TRANSACTION,1,0,396,0,0,0
pay_00005698,6311.16,CREDIT_CARD,TRAVEL,10.4_FRAUDULENT_TRANSACTION,1,0,287,0,0,0
pay_00005699,618.49,UPI,RETAIL,13.1_MERCHANDISE_NOT_RECEIVED,0,1,995,1,0,1
pay_00005700,623.95,UPI,ELECTRONICS,10.4_FRAUDULENT_TRANSACTION,0,0,546,0,0,0
pay_00005701,756.71,UPI,DIGITAL_SERVICES,10.5_VISA_EASY_PAYMENT,1,0,32,0,0,0
pay_00005702,1347.21,UPI,DIGITAL_SERVICES,13.3_NOT_AS_DESCRIBED,1,2,535,0,0,0
pay_00005703,536.18,UPI,GAMING,13.1_MERCHANDISE_NOT_RECEIVED,1,0,614,0,0,0
pay_00005704,3802.78,UPI,ELECTRONICS,10.4_FRAUDULENT_TRANSACTION,1,0,581,2,0,0
pay_00005705,563.23,UPI,ELECTRONICS,13.1_MERCHANDISE_NOT_RECEIVED,1,0,552,0,0,0
pay_00005706,3492.39,UPI,RETAIL,10.4_FRAUDULENT_TRANSACTION,1,1,962,0,0,0
pay_00005707,263.84,UPI,TRAVEL,10.4_FRAUDULENT_TRANSACTION,1,1,379,0,0,0
pay_00005708,1703.13,CREDIT_CARD,ELECTRONICS,10.5_VISA_EASY_PAYMENT,1,1,31,0,0,0
pay_00005709,3662.5,CREDIT_CARD,TRAVEL,10.4_FRAUDULENT_TRANSACTION,0,1,396,0,0,0
pay_00005710,377.24,UPI,RETAIL,13.3_NOT_AS_DESCRIBED,0,0,871,1,0,1
pay_00005711,5278.43,NETBANKING,GAMING,13.3_NOT_AS_DESCRIBED,1,0,298,0,0,0
pay_00005712,1004.64,UPI,GAMING,10.5_VISA_EASY_PAYMENT,1,0,916,0,0,0
pay_00005713,4470.26,NETBANKING,TRAVEL,13.1_MERCHANDISE_NOT_RECEIVED,1,1,270,0,0,0
pay_00005714,1794.32,UPI,TRAVEL,13.1_MERCHANDISE_NOT_RECEIVED,1,0,843,0,0,0
pay_00005715,638.42,NETBANKING,ELECTRONICS,10.5_VISA_EASY_PAYMENT,0,0,700,0,1,0
pay_00005716,412.94,UPI,RETAIL,13.3_NOT_AS_DESCRIBED,1,1,479,0,0,0
pay_00005717,643.04,DEBIT_CARD,GAMING,13.3_NOT_AS_DESCRIBED,1,0,627,0,0,0
pay_00005718,246.45,UPI,ELECTRONICS,13.3_NOT_AS_DESCRIBED,0,3,225,0,0,1
pay_00005719,333.0,DEBIT_CARD,DIGITAL_SERVICES,10.4_FRAUDULENT_TRANSACTION,1,0,602,0,0,0
pay_00005720,265.83,UPI,ELECTRONICS,10.4_FRAUDULENT_TRANSACTION,1,0,514,2,0,0
pay_00005721,924.72,UPI,TRAVEL,10.4_FRAUDULENT_TRANSACTION,1,0,415,0,0,0
pay_00005722,2481.36,DEBIT_CARD,DIGITAL_SERVICES,13.1_MERCHANDISE_NOT_RECEIVED,1,0,439,0,0,0
pay_00005723,328.65,UPI,ELECTRONICS,10.4_FRAUDULENT_TRANSACTION,1,0,35,0,0,0
pay_00005724,309.45,NETBANKING,RETAIL,13.1_MERCHANDISE_NOT_RECEIVED,1,0,27,0,0,0
pay_00005725,1646.83,UPI,GAMING,13.1_MERCHANDISE_NOT_RECEIVED,1,0,645,0,0,0
pay_00005726,429.44,UPI,DIGITAL_SERVICES,10.4_FRAUDULENT_TRANSACTION,0,0,75,0,1,0
pay_00005727,254.06,DEBIT_CARD,RETAIL,10.4_FRAUDULENT_TRANSACTION,0,1,947,1,0,1
pay_00005728,373.81,UPI,ELECTRONICS,13.1_MERCHANDISE_NOT_RECEIVED,1,2,743,0,0,0
pay_00005729,3960.24,UPI,TRAVEL,10.5_VISA_EASY_PAYMENT,1,0,604,2,1,1
pay_00005730,2684.51,DEBIT_CARD,TRAVEL,13.3_NOT_AS_DESCRIBED,1,0,400,0,0,0
pay_00005731,755.58,DEBIT_CARD,RETAIL,10.4_FRAUDULENT_TRANSACTION,1,0,372,0,0,0
pay_00005732,1699.89,NETBANKING,TRAVEL,13.1_MERCHANDISE_NOT_RECEIVED,1,0,936,0,0,0
pay_00005733,1255.94,UPI,GAMING,13.3_NOT_AS_DESCRIBED,1,1,346,0,0,0
pay_00005734,1795.73,CREDIT_CARD,RETAIL,13.1_MERCHANDISE_NOT_RECEIVED,1,0,344,0,0,0
pay_00005735,1821.73,UPI,RETAIL,10.4_FRAUDULENT_TRANSACTION,1,0,196,0,0,0
pay_00005736,1586.25,UPI,TRAVEL,10.4_FRAUDULENT_TRANSACTION,1,0,460,0,0,0
pay_00005737,564.08,DEBIT_CARD,RETAIL,10.4_FRAUDULENT_TRANSACTION,1,3,210,0,0,0
pay_00005738,159.68,UPI,ELECTRONICS,10.4_FRAUDULENT_TRANSACTION,1,0,631,0,0,0
pay_00005739,1012.01,UPI,DIGITAL_SERVICES,10.4_FRAUDULENT_TRANSACTION,1,0,974,0,0,0
pay_00005740,3424.25,UPI,DIGITAL_SERVICES,13.1_MERCHANDISE_NOT_RECEIVED,1,0,849,0,0,0
pay_00005741,1364.2,DEBIT_CARD,TRAVEL,13.1_MERCHANDISE_NOT_RECEIVED,1,1,684,0,0,0
pay_00005742,2779.18,NETBANKING,GAMING,13.1_MERCHANDISE_NOT_RECEIVED,1,0,937,0,1,0
pay_00005743,7273.64,CREDIT_CARD,GAMING,10.4_FRAUDULENT_TRANSACTION,0,2,528,0,0,1
pay_00005744,368.0,UPI,TRAVEL,10.4_FRAUDULENT_TRANSACTION,1,0,629,0,0,0
pay_00005745,1865.4,DEBIT_CARD,TRAVEL,13.1_MERCHANDISE_NOT_RECEIVED,1,0,298,0,0,0
pay_00005746,1782.64,CREDIT_CARD,RETAIL,10.5_VISA_EASY_PAYMENT,1,0,404,0,0,0
pay_00005747,5964.7,UPI,GAMING,10.4_FRAUDULENT_TRANSACTION,1,2,190,0,0,0
pay_00005748,6460.87,UPI,DIGITAL_SERVICES,10.4_FRAUDULENT_TRANSACTION,1,0,372,1,0,0
pay_00005749,1840.79,UPI,TRAVEL,10.4_FRAUDULENT_TRANSACTION,1,2,107,0,0,0
pay_00005750,518.81,UPI,DIGITAL_SERVICES,13.1_MERCHANDISE_NOT_RECEIVED,1,1,668,0,0,0
pay_00005751,2503.36,DEBIT_CARD,DIGITAL_SERVICES,10.5_VISA_EASY_PAYMENT,1,0,444,0,0,0
pay_00005752,269.8,UPI,GAMING,13.1_MERCHANDISE_NOT_RECEIVED,1,2,297,0,0,0
pay_00005753,2375.97,UPI,DIGITAL_SERVICES,13.3_NOT_AS_DESCRIBED,1,0,385,0,0,0
pay_00005754,3715.19,NETBANKING,RETAIL,10.4_FRAUDULENT_TRANSACTION,1,2,528,1,0,0
pay_00005755,823.92,DEBIT_CARD,RETAIL,10.4_FRAUDULENT_TRANSACTION,1,0,388,0,0,0
pay_00005756,1593.96,CREDIT_CARD,GAMING,13.3_NOT_AS_DESCRIBED,0,0,310,0,1,1
pay_00005757,943.55,UPI,RETAIL,10.4_FRAUDULENT_TRANSACTION,1,1,992,1,0,0
pay_00005758,963.75,UPI,TRAVEL,10.4_FRAUDULENT_TRANSACTION,0,0,29,0,0,0
pay_00005759,657.4,UPI,GAMING,10.5_VISA_EASY_PAYMENT,1,1,712,0,0,0
pay_00005760,2254.04,UPI,DIGITAL_SERVICES,10.4_FRAUDULENT_TRANSACTION,1,1,194,0,0,0
pay_00005761,4227.45,UPI,TRAVEL,10.4_FRAUDULENT_TRANSACTION,1,0,750,0,0,0
pay_00005762,4339.01,CREDIT_CARD,GAMING,10.4_FRAUDULENT_TRANSACTION,1,0,664,0,0,0
pay_00005763,388.16,UPI,DIGITAL_SERVICES,13.1_MERCHANDISE_NOT_RECEIVED,1,0,809,0,0,0
pay_00005764,3216.09,UPI,DIGITAL_SERVICES,10.4_FRAUDULENT_TRANSACTION,1,2,63,0,0,0
pay_00005765,2105.86,UPI,DIGITAL_SERVICES,10.4_FRAUDULENT_TRANSACTION,1,1,824,0,0,0
pay_00005766,537.21,CREDIT_CARD,DIGITAL_SERVICES,13.1_MERCHANDISE_NOT_RECEIVED,1,0,494,0,0,0
pay_00005767,204.48,CREDIT_CARD,DIGITAL_SERVICES,10.5_VISA_EASY_PAYMENT,1,0,270,0,0,0
pay_00005768,567.96,CREDIT_CARD,GAMING,10.4_FRAUDULENT_TRANSACTION,0,1,949,0,0,1
pay_00005769,3749.18,UPI,RETAIL,13.1_MERCHANDISE_NOT_RECEIVED,1,0,638,0,0,0
pay_00005770,1604.32,UPI,DIGITAL_SERVICES,13.1_MERCHANDISE_NOT_RECEIVED,1,0,172,0,0,0
pay_00005771,2015.11,UPI,TRAVEL,10.4_FRAUDULENT_TRANSACTION,1,2,683,1,0,0
pay_00005772,545.9,UPI,GAMING,10.4_FRAUDULENT_TRANSACTION,1,0,129,0,0,0
pay_00005773,2006.17,NETBANKING,ELECTRONICS,13.1_MERCHANDISE_NOT_RECEIVED,1,3,886,0,1,0
pay_00005774,142.79,WALLET,RETAIL,13.1_MERCHANDISE_NOT_RECEIVED,1,0,353,0,0,0
pay_00005775,805.78,CREDIT_CARD,TRAVEL,10.4_FRAUDULENT_TRANSACTION,1,3,640,0,0,0
pay_00005776,1578.27,NETBANKING,DIGITAL_SERVICES,10.4_FRAUDULENT_TRANSACTION,0,1,651,0,0,0
pay_00005777,336.91,CREDIT_CARD,GAMING,10.4_FRAUDULENT_TRANSACTION,0,1,148,2,0,1
pay_00005778,2697.44,UPI,GAMING,13.1_MERCHANDISE_NOT_RECEIVED,0,0,761,0,0,1
pay_00005779,501.88,WALLET,DIGITAL_SERVICES,13.1_MERCHANDISE_NOT_RECEIVED,0,0,79,0,0,0
pay_00005780,1684.54,UPI,TRAVEL,13.1_MERCHANDISE_NOT_RECEIVED,1,1,220,0,0,0
pay_00005781,879.29,CREDIT_CARD,GAMING,13.1_MERCHANDISE_NOT_RECEIVED,1,0,405,0,0,1
pay_00005782,1459.67,UPI,RETAIL,10.5_VISA_EASY_PAYMENT,1,0,87,0,0,0
pay_00005783,270.51,UPI,TRAVEL,10.5_VISA_EASY_PAYMENT,1,1,841,1,0,0
pay_00005784,125.59,CREDIT_CARD,DIGITAL_SERVICES,13.1_MERCHANDISE_NOT_RECEIVED,1,1,404,0,0,0
pay_00005785,3704.68,UPI,TRAVEL,13.1_MERCHANDISE_NOT_RECEIVED,1,3,117,0,0,0
pay_00005786,571.31,UPI,TRAVEL,10.4_FRAUDULENT_TRANSACTION,1,0,502,0,0,0
pay_00005787,2669.51,UPI,ELECTRONICS,10.4_FRAUDULENT_TRANSACTION,1,0,657,0,0,0
pay_00005788,11108.5,UPI,DIGITAL_SERVICES,13.1_MERCHANDISE_NOT_RECEIVED,1,0,618,0,0,0
pay_00005789,456.3,WALLET,RETAIL,10.5_VISA_EASY_PAYMENT,1,1,959,0,0,0
pay_00005790,562.18,DEBIT_CARD,DIGITAL_SERVICES,10.4_FRAUDULENT_TRANSACTION,1,0,591,0,0,0
pay_00005791,1730.88,UPI,ELECTRONICS,13.3_NOT_AS_DESCRIBED,1,0,748,0,0,0
pay_00005792,5147.96,UPI,DIGITAL_SERVICES,10.5_VISA_EASY_PAYMENT,0,1,901,2,0,1
pay_00005793,3812.1,DEBIT_CARD,DIGITAL_SERVICES,13.3_NOT_AS_DESCRIBED,1,0,174,0,0,0
pay_00005794,1148.37,UPI,RETAIL,13.3_NOT_AS_DESCRIBED,1,0,106,0,0,0
pay_00005795,2477.93,UPI,ELECTRONICS,10.4_FRAUDULENT_TRANSACTION,1,0,820,0,0,0
pay_00005796,318.83,UPI,DIGITAL_SERVICES,10.4_FRAUDULENT_TRANSACTION,1,1,97,0,0,0
pay_00005797,5787.24,NETBANKING,DIGITAL_SERVICES,10.4_FRAUDULENT_TRANSACTION,1,0,478,0,0,0
pay_00005798,5101.15,UPI,GAMING,13.3_NOT_AS_DESCRIBED,1,0,848,0,0,0
pay_00005799,368.2,UPI,DIGITAL_SERVICES,10.4_FRAUDULENT_TRANSACTION,0,2,548,0,0,1
pay_00005800,633.78,UPI,RETAIL,10.4_FRAUDULENT_TRANSACTION,1,0,613,0,0,0
pay_00005801,258.3,UPI,GAMING,13.1_MERCHANDISE_NOT_RECEIVED,0,1,873,0,1,1
pay_00005802,575.6,CREDIT_CARD,ELECTRONICS,13.1_MERCHANDISE_NOT_RECEIVED,0,1,561,1,0,0
pay_00005803,2638.87,UPI,TRAVEL,13.1_MERCHANDISE_NOT_RECEIVED,1,0,422,0,1,1
pay_00005804,812.98,UPI,RETAIL,10.5_VISA_EASY_PAYMENT,0,0,728,1,0,0
pay_00005805,238.83,UPI,ELECTRONICS,10.4_FRAUDULENT_TRANSACTION,1,1,601,0,0,0
pay_00005806,728.34,UPI,GAMING,10.4_FRAUDULENT_TRANSACTION,1,0,411,1,0,0
pay_00005807,6075.55,DEBIT_CARD,TRAVEL,13.1_MERCHANDISE_NOT_RECEIVED,1,2,325,1,0,0
pay_00005808,1590.1,NETBANKING,ELECTRONICS,10.4_FRAUDULENT_TRANSACTION,0,0,946,0,0,0
pay_00005809,907.19,UPI,RETAIL,13.1_MERCHANDISE_NOT_RECEIVED,1,0,881,0,0,0
pay_00005810,373.25,UPI,GAMING,13.1_MERCHANDISE_NOT_RECEIVED,0,0,469,0,0,0
pay_00005811,6522.11,UPI,RETAIL,13.1_MERCHANDISE_NOT_RECEIVED,1,2,427,0,0,0
pay_00005812,2679.29,CREDIT_CARD,RETAIL,10.4_FRAUDULENT_TRANSACTION,1,1,355,1,0,0
pay_00005813,595.84,DEBIT_CARD,GAMING,13.3_NOT_AS_DESCRIBED,1,0,326,0,0,0
pay_00005814,208.97,UPI,DIGITAL_SERVICES,10.5_VISA_EASY_PAYMENT,1,0,9,0,0,0
pay_00005815,187.44,CREDIT_CARD,RETAIL,10.4_FRAUDULENT_TRANSACTION,1,1,91,0,0,0
pay_00005816,292.39,DEBIT_CARD,GAMING,10.4_FRAUDULENT_TRANSACTION,1,2,705,0,0,0
pay_00005817,1404.0,NETBANKING,RETAIL,13.1_MERCHANDISE_NOT_RECEIVED,0,0,286,0,0,0
pay_00005818,4062.62,UPI,DIGITAL_SERVICES,10.4_FRAUDULENT_TRANSACTION,0,1,143,0,0,1
pay_00005819,1129.98,UPI,GAMING,13.1_MERCHANDISE_NOT_RECEIVED,1,0,416,1,0,0
pay_00005820,2876.74,UPI,ELECTRONICS,10.4_FRAUDULENT_TRANSACTION,1,0,724,0,0,0
pay_00005821,985.58,NETBANKING,ELECTRONICS,10.5_VISA_EASY_PAYMENT,1,0,900,0,0,0
pay_00005822,1949.5,DEBIT_CARD,ELECTRONICS,10.4_FRAUDULENT_TRANSACTION,1,0,956,0,0,0
pay_00005823,2074.44,CREDIT_CARD,TRAVEL,10.5_VISA_EASY_PAYMENT,0,0,951,0,0,0
pay_00005824,386.67,UPI,RETAIL,10.4_FRAUDULENT_TRANSACTION,1,1,802,0,0,0
pay_00005825,772.28,UPI,RETAIL,10.4_FRAUDULENT_TRANSACTION,1,0,632,0,0,0
pay_00005826,1621.28,UPI,GAMING,10.4_FRAUDULENT_TRANSACTION,0,1,61,0,0,0
pay_00005827,209.98,CREDIT_CARD,TRAVEL,13.3_NOT_AS_DESCRIBED,1,0,294,0,0,0
pay_00005828,773.04,UPI,RETAIL,13.1_MERCHANDISE_NOT_RECEIVED,1,1,340,1,0,0
pay_00005829,1247.93,UPI,GAMING,13.1_MERCHANDISE_NOT_RECEIVED,1,0,879,0,0,0
pay_00005830,8468.83,DEBIT_CARD,DIGITAL_SERVICES,10.4_FRAUDULENT_TRANSACTION,0,0,819,0,0,1
pay_00005831,1065.2,UPI,RETAIL,10.4_FRAUDULENT_TRANSACTION,1,4,186,0,0,0
pay_00005832,2639.69,UPI,RETAIL,13.1_MERCHANDISE_NOT_RECEIVED,1,1,92,0,0,0
pay_00005833,948.63,UPI,DIGITAL_SERVICES,13.1_MERCHANDISE_NOT_RECEIVED,1,2,231,0,0,0
pay_00005834,2487.33,DEBIT_CARD,DIGITAL_SERVICES,10.4_FRAUDULENT_TRANSACTION,1,1,537,1,1,0
pay_00005835,1457.34,CREDIT_CARD,RETAIL,10.4_FRAUDULENT_TRANSACTION,1,0,139,0,0,0
pay_00005836,3365.19,NETBANKING,DIGITAL_SERVICES,10.4_FRAUDULENT_TRANSACTION,1,2,882,0,0,0
pay_00005837,893.85,UPI,GAMING,10.4_FRAUDULENT_TRANSACTION,1,0,776,0,0,0
pay_00005838,1490.67,NETBANKING,RETAIL,13.3_NOT_AS_DESCRIBED,0,0,802,0,1,1
pay_00005839,1591.45,NETBANKING,RETAIL,10.4_FRAUDULENT_TRANSACTION,0,1,795,0,0,0
pay_00005840,910.34,CREDIT_CARD,ELECTRONICS,13.1_MERCHANDISE_NOT_RECEIVED,1,0,876,0,1,0
pay_00005841,333.77,NETBANKING,RETAIL,13.1_MERCHANDISE_NOT_RECEIVED,1,0,662,0,0,0
pay_00005842,247.34,UPI,ELECTRONICS,13.1_MERCHANDISE_NOT_RECEIVED,1,0,190,0,0,0
pay_00005843,125.22,UPI,DIGITAL_SERVICES,13.1_MERCHANDISE_NOT_RECEIVED,1,1,584,0,0,0
pay_00005844,3201.68,UPI,DIGITAL_SERVICES,13.3_NOT_AS_DESCRIBED,0,1,353,0,0,0
pay_00005845,504.71,CREDIT_CARD,GAMING,13.1_MERCHANDISE_NOT_RECEIVED,1,0,39,0,0,0
pay_00005846,456.45,DEBIT_CARD,ELECTRONICS,13.3_NOT_AS_DESCRIBED,1,0,73,0,0,0
pay_00005847,2097.91,DEBIT_CARD,RETAIL,13.1_MERCHANDISE_NOT_RECEIVED,1,1,886,0,0,0
pay_00005848,678.53,UPI,ELECTRONICS,10.4_FRAUDULENT_TRANSACTION,1,1,22,0,0,0
pay_00005849,1157.97,UPI,DIGITAL_SERVICES,10.4_FRAUDULENT_TRANSACTION,1,1,713,0,0,0
pay_00005850,366.02,UPI,DIGITAL_SERVICES,10.4_FRAUDULENT_TRANSACTION,1,0,31,0,0,0
pay_00005851,4918.81,CREDIT_CARD,GAMING,10.4_FRAUDULENT_TRANSACTION,1,0,290,0,0,0
pay_00005852,2961.58,UPI,DIGITAL_SERVICES,13.1_MERCHANDISE_NOT_RECEIVED,1,0,836,0,0,0
pay_00005853,3090.33,NETBANKING,ELECTRONICS,13.1_MERCHANDISE_NOT_RECEIVED,0,0,878,1,0,0
pay_00005854,883.27,UPI,RETAIL,13.1_MERCHANDISE_NOT_RECEIVED,0,0,78,0,0,0
pay_00005855,2255.51,UPI,RETAIL,10.4_FRAUDULENT_TRANSACTION,1,0,443,0,1,0
pay_00005856,333.01,NETBANKING,ELECTRONICS,13.1_MERCHANDISE_NOT_RECEIVED,1,0,776,0,0,0
pay_00005857,112.98,UPI,GAMING,10.4_FRAUDULENT_TRANSACTION,1,0,437,0,0,0
pay_00005858,130.26,UPI,RETAIL,10.4_FRAUDULENT_TRANSACTION,1,2,361,0,0,0
pay_00005859,1425.02,UPI,ELECTRONICS,13.1_MERCHANDISE_NOT_RECEIVED,1,1,995,1,0,1
pay_00005860,1011.54,UPI,ELECTRONICS,10.4_FRAUDULENT_TRANSACTION,1,0,726,2,0,1
pay_00005861,1194.76,WALLET,DIGITAL_SERVICES,10.4_FRAUDULENT_TRANSACTION,1,1,54,0,0,0
pay_00005862,111.24,CREDIT_CARD,DIGITAL_SERVICES,10.4_FRAUDULENT_TRANSACTION,1,0,371,0,0,0
pay_00005863,924.06,UPI,GAMING,10.4_FRAUDULENT_TRANSACTION,0,0,582,0,0,1
pay_00005864,1999.13,CREDIT_CARD,GAMING,10.4_FRAUDULENT_TRANSACTION,1,0,97,0,0,1
pay_00005865,976.96,UPI,GAMING,10.4_FRAUDULENT_TRANSACTION,1,0,885,0,0,0
pay_00005866,2076.38,DEBIT_CARD,ELECTRONICS,10.4_FRAUDULENT_TRANSACTION,1,0,530,0,0,0
pay_00005867,497.94,NETBANKING,ELECTRONICS,10.4_FRAUDULENT_TRANSACTION,1,1,648,0,1,0
pay_00005868,2616.11,NETBANKING,DIGITAL_SERVICES,13.3_NOT_AS_DESCRIBED,1,0,647,1,0,0
pay_00005869,1431.67,UPI,RETAIL,10.4_FRAUDULENT_TRANSACTION,1,0,864,0,0,0
pay_00005870,455.03,UPI,GAMING,13.1_MERCHANDISE_NOT_RECEIVED,1,0,903,0,0,0
pay_00005871,505.2,UPI,TRAVEL,10.4_FRAUDULENT_TRANSACTION,1,1,394,0,0,0
pay_00005872,1583.41,CREDIT_CARD,GAMING,10.5_VISA_EASY_PAYMENT,0,0,36,0,0,0
pay_00005873,2757.4,CREDIT_CARD,DIGITAL_SERVICES,13.1_MERCHANDISE_NOT_RECEIVED,1,0,318,0,0,0
pay_00005874,905.83,UPI,ELECTRONICS,10.4_FRAUDULENT_TRANSACTION,0,1,370,0,0,0
pay_00005875,548.22,NETBANKING,DIGITAL_SERVICES,10.4_FRAUDULENT_TRANSACTION,1,0,51,0,0,0
pay_00005876,3126.24,UPI,DIGITAL_SERVICES,10.4_FRAUDULENT_TRANSACTION,1,0,991,0,0,0
pay_00005877,1759.67,UPI,DIGITAL_SERVICES,13.3_NOT_AS_DESCRIBED,1,0,287,0,0,0
pay_00005878,991.54,UPI,TRAVEL,10.4_FRAUDULENT_TRANSACTION,1,0,650,0,0,0
pay_00005879,1103.85,UPI,TRAVEL,10.4_FRAUDULENT_TRANSACTION,1,0,596,0,0,0
pay_00005880,442.72,UPI,GAMING,10.5_VISA_EASY_PAYMENT,1,2,243,0,0,0
pay_00005881,1578.47,CREDIT_CARD,ELECTRONICS,10.4_FRAUDULENT_TRANSACTION,1,1,291,0,0,0
pay_00005882,766.49,UPI,DIGITAL_SERVICES,13.1_MERCHANDISE_NOT_RECEIVED,1,0,413,3,0,0
pay_00005883,8254.71,UPI,RETAIL,13.3_NOT_AS_DESCRIBED,1,0,222,1,0,1
pay_00005884,1081.42,DEBIT_CARD,GAMING,13.3_NOT_AS_DESCRIBED,1,0,945,0,0,0
pay_00005885,1097.96,UPI,GAMING,13.1_MERCHANDISE_NOT_RECEIVED,1,0,31,0,0,0
pay_00005886,1351.55,CREDIT_CARD,DIGITAL_SERVICES,13.3_NOT_AS_DESCRIBED,1,0,865,0,1,0
pay_00005887,3828.97,UPI,GAMING,10.5_VISA_EASY_PAYMENT,0,0,632,0,0,0
pay_00005888,2520.31,CREDIT_CARD,DIGITAL_SERVICES,10.5_VISA_EASY_PAYMENT,0,2,872,0,0,0
pay_00005889,999.84,NETBANKING,GAMING,10.4_FRAUDULENT_TRANSACTION,1,2,753,0,0,0
pay_00005890,2002.5,UPI,ELECTRONICS,10.4_FRAUDULENT_TRANSACTION,0,1,68,0,0,1
pay_00005891,1423.69,CREDIT_CARD,GAMING,10.4_FRAUDULENT_TRANSACTION,1,0,994,0,0,0
pay_00005892,1116.99,NETBANKING,GAMING,13.3_NOT_AS_DESCRIBED,1,1,785,0,0,0
pay_00005893,420.38,CREDIT_CARD,RETAIL,10.4_FRAUDULENT_TRANSACTION,0,0,482,0,0,1
pay_00005894,1035.25,UPI,ELECTRONICS,10.4_FRAUDULENT_TRANSACTION,1,1,96,0,0,0
pay_00005895,523.18,UPI,ELECTRONICS,10.4_FRAUDULENT_TRANSACTION,1,0,225,0,0,0
pay_00005896,3794.87,CREDIT_CARD,ELECTRONICS,13.1_MERCHANDISE_NOT_RECEIVED,0,1,549,0,0,0
pay_00005897,712.87,NETBANKING,GAMING,13.1_MERCHANDISE_NOT_RECEIVED,0,0,735,2,0,1
pay_00005898,4663.1,UPI,TRAVEL,10.4_FRAUDULENT_TRANSACTION,1,1,346,0,0,0
pay_00005899,1242.32,UPI,GAMING,13.1_MERCHANDISE_NOT_RECEIVED,0,0,223,0,0,0
pay_00005900,1597.65,UPI,DIGITAL_SERVICES,10.4_FRAUDULENT_TRANSACTION,1,1,991,0,0,0
pay_00005901,1274.41,UPI,RETAIL,10.4_FRAUDULENT_TRANSACTION,1,0,284,0,0,0
pay_00005902,307.83,UPI,ELECTRONICS,10.5_VISA_EASY_PAYMENT,1,0,254,0,0,0
pay_00005903,806.98,UPI,DIGITAL_SERVICES,13.1_MERCHANDISE_NOT_RECEIVED,0,0,678,0,1,1
pay_00005904,256.62,UPI,DIGITAL_SERVICES,10.4_FRAUDULENT_TRANSACTION,1,0,748,0,0,1
pay_00005905,1563.08,UPI,TRAVEL,10.5_VISA_EASY_PAYMENT,0,0,120,1,0,0
pay_00005906,988.25,NETBANKING,ELECTRONICS,10.4_FRAUDULENT_TRANSACTION,0,0,138,0,0,1
pay_00005907,2357.52,UPI,GAMING,13.1_MERCHANDISE_NOT_RECEIVED,0,0,328,0,0,1
pay_00005908,473.6,UPI,ELECTRONICS,13.1_MERCHANDISE_NOT_RECEIVED,1,3,878,0,0,0
pay_00005909,369.71,UPI,RETAIL,10.4_FRAUDULENT_TRANSACTION,1,1,740,1,0,1
pay_00005910,882.15,NETBANKING,ELECTRONICS,13.1_MERCHANDISE_NOT_RECEIVED,1,0,595,1,0,0
pay_00005911,4017.45,DEBIT_CARD,DIGITAL_SERVICES,10.4_FRAUDULENT_TRANSACTION,1,0,540,0,1,0
pay_00005912,1958.99,DEBIT_CARD,DIGITAL_SERVICES,10.4_FRAUDULENT_TRANSACTION,0,1,709,0,0,0
pay_00005913,914.31,UPI,GAMING,10.4_FRAUDULENT_TRANSACTION,1,1,88,2,0,1
pay_00005914,1192.45,DEBIT_CARD,GAMING,13.1_MERCHANDISE_NOT_RECEIVED,1,0,373,0,1,1
pay_00005915,231.96,UPI,GAMING,13.1_MERCHANDISE_NOT_RECEIVED,1,1,634,3,0,0
pay_00005916,6357.74,UPI,RETAIL,13.1_MERCHANDISE_NOT_RECEIVED,1,0,391,2,0,0
pay_00005917,1746.75,CREDIT_CARD,ELECTRONICS,13.3_NOT_AS_DESCRIBED,1,1,340,0,0,0
pay_00005918,604.06,DEBIT_CARD,TRAVEL,10.4_FRAUDULENT_TRANSACTION,0,0,514,0,1,1
pay_00005919,1422.14,DEBIT_CARD,ELECTRONICS,10.4_FRAUDULENT_TRANSACTION,0,0,825,0,1,0
pay_00005920,273.93,NETBANKING,GAMING,10.4_FRAUDULENT_TRANSACTION,1,1,747,1,0,1
pay_00005921,5164.9,NETBANKING,RETAIL,10.5_VISA_EASY_PAYMENT,1,0,266,0,0,1
pay_00005922,388.17,UPI,ELECTRONICS,13.3_NOT_AS_DESCRIBED,1,1,82,0,0,0
pay_00005923,1666.32,UPI,DIGITAL_SERVICES,10.5_VISA_EASY_PAYMENT,1,1,866,0,0,0
pay_00005924,522.46,UPI,ELECTRONICS,10.4_FRAUDULENT_TRANSACTION,0,0,398,1,0,0
pay_00005925,1996.44,NETBANKING,DIGITAL_SERVICES,13.1_MERCHANDISE_NOT_RECEIVED,1,0,714,0,0,0
pay_00005926,2349.67,UPI,ELECTRONICS,13.1_MERCHANDISE_NOT_RECEIVED,1,0,358,0,0,0
pay_00005927,1778.62,NETBANKING,ELECTRONICS,13.1_MERCHANDISE_NOT_RECEIVED,0,0,800,0,0,0
pay_00005928,1529.82,UPI,ELECTRONICS,13.1_MERCHANDISE_NOT_RECEIVED,1,0,181,0,0,0
pay_00005929,3444.97,UPI,GAMING,10.4_FRAUDULENT_TRANSACTION,1,0,515,0,0,0
pay_00005930,222.84,UPI,DIGITAL_SERVICES,13.1_MERCHANDISE_NOT_RECEIVED,1,0,560,1,0,0
pay_00005931,702.77,UPI,RETAIL,13.3_NOT_AS_DESCRIBED,1,0,136,1,0,0
pay_00005932,528.1,NETBANKING,TRAVEL,10.4_FRAUDULENT_TRANSACTION,0,0,265,0,0,1
pay_00005933,6736.02,UPI,DIGITAL_SERVICES,10.5_VISA_EASY_PAYMENT,1,1,203,0,0,0
pay_00005934,839.94,UPI,GAMING,13.1_MERCHANDISE_NOT_RECEIVED,1,2,784,0,0,0
pay_00005935,2078.59,UPI,DIGITAL_SERVICES,13.1_MERCHANDISE_NOT_RECEIVED,1,1,482,0,0,0
pay_00005936,1831.47,UPI,RETAIL,13.1_MERCHANDISE_NOT_RECEIVED,1,1,856,0,0,0
pay_00005937,457.54,UPI,DIGITAL_SERVICES,13.1_MERCHANDISE_NOT_RECEIVED,1,1,287,0,0,0
pay_00005938,509.68,UPI,GAMING,10.4_FRAUDULENT_TRANSACTION,1,0,133,0,0,0
pay_00005939,595.43,NETBANKING,GAMING,13.1_MERCHANDISE_NOT_RECEIVED,1,0,97,0,0,0
pay_00005940,894.32,UPI,TRAVEL,10.4_FRAUDULENT_TRANSACTION,1,1,94,0,0,0
pay_00005941,500.5,UPI,RETAIL,10.5_VISA_EASY_PAYMENT,1,0,887,1,0,0
pay_00005942,129.77,CREDIT_CARD,TRAVEL,10.4_FRAUDULENT_TRANSACTION,1,1,94,0,1,0
pay_00005943,3272.83,UPI,ELECTRONICS,10.4_FRAUDULENT_TRANSACTION,1,0,719,0,0,0
pay_00005944,5154.98,UPI,GAMING,10.5_VISA_EASY_PAYMENT,1,1,295,0,0,0
pay_00005945,726.85,CREDIT_CARD,TRAVEL,10.4_FRAUDULENT_TRANSACTION,1,0,16,0,0,0
pay_00005946,719.88,UPI,GAMING,10.4_FRAUDULENT_TRANSACTION,0,0,474,0,0,0
pay_00005947,110.68,CREDIT_CARD,GAMING,13.3_NOT_AS_DESCRIBED,1,1,960,0,0,0
pay_00005948,1810.33,UPI,ELECTRONICS,10.4_FRAUDULENT_TRANSACTION,1,2,460,0,0,0
pay_00005949,2718.23,DEBIT_CARD,GAMING,10.4_FRAUDULENT_TRANSACTION,1,0,211,0,0,0
pay_00005950,337.8,NETBANKING,TRAVEL,10.4_FRAUDULENT_TRANSACTION,1,0,559,1,0,0
pay_00005951,360.93,UPI,RETAIL,13.3_NOT_AS_DESCRIBED,1,1,443,0,0,0
pay_00005952,2441.57,UPI,DIGITAL_SERVICES,10.4_FRAUDULENT_TRANSACTION,0,1,99,1,0,0
pay_00005953,1536.81,UPI,TRAVEL,13.1_MERCHANDISE_NOT_RECEIVED,1,0,20,1,0,0
pay_00005954,168.85,UPI,ELECTRONICS,10.4_FRAUDULENT_TRANSACTION,1,3,21,0,0,0
pay_00005955,1561.46,DEBIT_CARD,DIGITAL_SERVICES,10.4_FRAUDULENT_TRANSACTION,1,0,181,0,0,0
pay_00005956,654.24,DEBIT_CARD,GAMING,10.4_FRAUDULENT_TRANSACTION,1,0,485,0,0,0
pay_00005957,790.02,UPI,TRAVEL,10.5_VISA_EASY_PAYMENT,1,0,847,0,0,0
pay_00005958,2302.76,CREDIT_CARD,DIGITAL_SERVICES,13.1_MERCHANDISE_NOT_RECEIVED,1,1,694,0,1,1
pay_00005959,2598.5,UPI,TRAVEL,10.4_FRAUDULENT_TRANSACTION,1,0,561,0,0,0
pay_00005960,867.13,CREDIT_CARD,GAMING,10.4_FRAUDULENT_TRANSACTION,1,0,400,0,0,0
pay_00005961,4510.53,DEBIT_CARD,TRAVEL,10.4_FRAUDULENT_TRANSACTION,1,0,272,0,0,0
pay_00005962,882.48,CREDIT_CARD,ELECTRONICS,13.1_MERCHANDISE_NOT_RECEIVED,1,3,23,0,0,0
pay_00005963,2316.54,UPI,DIGITAL_SERVICES,10.4_FRAUDULENT_TRANSACTION,0,0,108,0,0,0
pay_00005964,1092.12,CREDIT_CARD,DIGITAL_SERVICES,10.4_FRAUDULENT_TRANSACTION,1,0,836,0,0,1
pay_00005965,3517.31,UPI,DIGITAL_SERVICES,13.3_NOT_AS_DESCRIBED,1,1,605,0,0,0
pay_00005966,3675.06,CREDIT_CARD,TRAVEL,10.4_FRAUDULENT_TRANSACTION,1,1,677,1,0,0
pay_00005967,237.21,UPI,GAMING,10.4_FRAUDULENT_TRANSACTION,1,1,24,1,0,1
pay_00005968,4234.92,UPI,TRAVEL,10.4_FRAUDULENT_TRANSACTION,1,0,829,0,0,0
pay_00005969,2719.05,DEBIT_CARD,TRAVEL,10.4_FRAUDULENT_TRANSACTION,1,0,776,0,0,0
pay_00005970,2450.36,NETBANKING,DIGITAL_SERVICES,10.4_FRAUDULENT_TRANSACTION,1,0,748,0,0,0
pay_00005971,436.43,UPI,GAMING,10.4_FRAUDULENT_TRANSACTION,1,1,453,1,0,0
pay_00005972,2553.05,NETBANKING,RETAIL,13.1_MERCHANDISE_NOT_RECEIVED,1,0,619,1,0,1
pay_00005973,2947.01,CREDIT_CARD,GAMING,10.4_FRAUDULENT_TRANSACTION,1,1,541,0,0,0
pay_00005974,611.94,DEBIT_CARD,TRAVEL,10.4_FRAUDULENT_TRANSACTION,1,0,115,0,1,0
pay_00005975,4662.98,NETBANKING,ELECTRONICS,13.1_MERCHANDISE_NOT_RECEIVED,1,0,394,0,0,0
pay_00005976,176.72,UPI,GAMING,13.3_NOT_AS_DESCRIBED,0,0,952,0,0,0
pay_00005977,343.62,DEBIT_CARD,DIGITAL_SERVICES,10.4_FRAUDULENT_TRANSACTION,1,0,882,0,0,0
pay_00005978,1256.93,UPI,ELECTRONICS,10.4_FRAUDULENT_TRANSACTION,1,0,620,0,0,0
pay_00005979,1386.3,UPI,RETAIL,10.4_FRAUDULENT_TRANSACTION,1,2,585,0,1,0
pay_00005980,1654.09,CREDIT_CARD,RETAIL,10.5_VISA_EASY_PAYMENT,0,0,662,0,0,0
pay_00005981,125.67,NETBANKING,ELECTRONICS,13.1_MERCHANDISE_NOT_RECEIVED,1,2,778,0,0,0
pay_00005982,4942.13,NETBANKING,RETAIL,10.4_FRAUDULENT_TRANSACTION,1,1,596,0,0,0
pay_00005983,168.42,CREDIT_CARD,ELECTRONICS,10.4_FRAUDULENT_TRANSACTION,1,2,404,1,1,0
pay_00005984,331.58,CREDIT_CARD,TRAVEL,13.1_MERCHANDISE_NOT_RECEIVED,1,0,819,0,0,1
pay_00005985,121.17,UPI,ELECTRONICS,10.4_FRAUDULENT_TRANSACTION,1,2,603,2,0,0
pay_00005986,1355.04,WALLET,TRAVEL,13.1_MERCHANDISE_NOT_RECEIVED,1,2,102,0,0,0
pay_00005987,4138.27,UPI,DIGITAL_SERVICES,10.5_VISA_EASY_PAYMENT,1,1,266,0,0,0
pay_00005988,1744.68,DEBIT_CARD,DIGITAL_SERVICES,10.4_FRAUDULENT_TRANSACTION,1,1,83,0,0,0
pay_00005989,2694.51,CREDIT_CARD,RETAIL,10.4_FRAUDULENT_TRANSACTION,0,0,937,0,0,1
pay_00005990,120.06,CREDIT_CARD,ELECTRONICS,10.4_FRAUDULENT_TRANSACTION,0,0,734,0,0,0
pay_00005991,1271.38,UPI,TRAVEL,10.4_FRAUDULENT_TRANSACTION,1,1,720,0,0,0
pay_00005992,1023.07,WALLET,DIGITAL_SERVICES,13.1_MERCHANDISE_NOT_RECEIVED,1,0,296,0,0,0
pay_00005993,1136.63,CREDIT_CARD,DIGITAL_SERVICES,10.4_FRAUDULENT_TRANSACTION,1,1,972,0,0,0
pay_00005994,212.43,NETBANKING,DIGITAL_SERVICES,10.4_FRAUDULENT_TRANSACTION,1,2,246,0,0,0
pay_00005995,1830.09,UPI,RETAIL,13.1_MERCHANDISE_NOT_RECEIVED,1,1,261,0,0,0
pay_00005996,1149.41,CREDIT_CARD,DIGITAL_SERVICES,10.5_VISA_EASY_PAYMENT,1,0,811,0,0,1
pay_00005997,2273.21,DEBIT_CARD,GAMING,10.4_FRAUDULENT_TRANSACTION,1,0,707,1,0,0
pay_00005998,1096.23,DEBIT_CARD,RETAIL,10.4_FRAUDULENT_TRANSACTION,0,0,152,0,0,0
pay_00005999,342.69,NETBANKING,ELECTRONICS,10.4_FRAUDULENT_TRANSACTION,1,1,374,0,0,0
pay_00006000,1667.28,UPI,GAMING,13.1_MERCHANDISE_NOT_RECEIVED,0,1,346,0,0,0
pay_00006001,383.81,UPI,RETAIL,10.4_FRAUDULENT_TRANSACTION,1,1,671,0,0,0
pay_00006002,3188.22,UPI,RETAIL,10.4_FRAUDULENT_TRANSACTION,1,1,495,0,0,0
pay_00006003,1524.45,UPI,TRAVEL,10.5_VISA_EASY_PAYMENT,1,0,827,0,0,0
pay_00006004,356.55,WALLET,GAMING,10.4_FRAUDULENT_TRANSACTION,0,0,118,0,0,0
pay_00006005,5018.66,UPI,GAMING,10.4_FRAUDULENT_TRANSACTION,0,0,628,0,0,0
pay_00006006,1195.85,UPI,GAMING,13.3_NOT_AS_DESCRIBED,1,2,707,0,0,0
pay_00006007,213.54,UPI,DIGITAL_SERVICES,10.4_FRAUDULENT_TRANSACTION,1,2,959,1,0,0
pay_00006008,1578.59,CREDIT_CARD,DIGITAL_SERVICES,10.4_FRAUDULENT_TRANSACTION,1,0,374,0,1,1
pay_00006009,537.93,UPI,ELECTRONICS,10.4_FRAUDULENT_TRANSACTION,1,1,129,1,1,0
pay_00006010,2542.12,UPI,ELECTRONICS,13.1_MERCHANDISE_NOT_RECEIVED,0,1,203,0,0,0
pay_00006011,2654.16,UPI,ELECTRONICS,10.5_VISA_EASY_PAYMENT,0,1,837,0,0,0
pay_00006012,5891.09,UPI,DIGITAL_SERVICES,13.1_MERCHANDISE_NOT_RECEIVED,1,1,199,0,0,0
pay_00006013,1145.34,WALLET,TRAVEL,10.4_FRAUDULENT_TRANSACTION,1,0,767,0,0,0
pay_00006014,1010.34,UPI,ELECTRONICS,10.4_FRAUDULENT_TRANSACTION,1,1,929,1,0,1
pay_00006015,2200.44,CREDIT_CARD,RETAIL,13.1_MERCHANDISE_NOT_RECEIVED,1,0,77,0,0,0
pay_00006016,313.16,WALLET,DIGITAL_SERVICES,13.1_MERCHANDISE_NOT_RECEIVED,1,0,447,0,0,0
pay_00006017,1287.52,DEBIT_CARD,TRAVEL,13.1_MERCHANDISE_NOT_RECEIVED,1,0,426,0,0,0
pay_00006018,1285.31,WALLET,RETAIL,13.1_MERCHANDISE_NOT_RECEIVED,1,1,671,0,0,0
pay_00006019,240.6,WALLET,RETAIL,10.5_VISA_EASY_PAYMENT,1,1,508,0,0,0
pay_00006020,911.89,UPI,DIGITAL_SERVICES,10.4_FRAUDULENT_TRANSACTION,1,0,52,0,0,0
pay_00006021,2978.89,CREDIT_CARD,GAMING,10.4_FRAUDULENT_TRANSACTION,1,0,178,0,0,0
pay_00006022,3008.51,UPI,TRAVEL,13.3_NOT_AS_DESCRIBED,1,2,781,0,0,0
pay_00006023,256.77,UPI,DIGITAL_SERVICES,10.4_FRAUDULENT_TRANSACTION,1,1,449,1,0,0
pay_00006024,242.65,DEBIT_CARD,GAMING,10.4_FRAUDULENT_TRANSACTION,1,0,113,1,1,1
pay_00006025,557.13,CREDIT_CARD,DIGITAL_SERVICES,13.1_MERCHANDISE_NOT_RECEIVED,0,0,236,0,0,1
pay_00006026,3216.36,DEBIT_CARD,DIGITAL_SERVICES,10.4_FRAUDULENT_TRANSACTION,1,2,887,1,0,0
pay_00006027,307.0,DEBIT_CARD,RETAIL,10.4_FRAUDULENT_TRANSACTION,1,0,166,1,0,0
pay_00006028,2009.43,UPI,DIGITAL_SERVICES,10.5_VISA_EASY_PAYMENT,1,0,551,0,0,0
pay_00006029,259.98,NETBANKING,GAMING,10.4_FRAUDULENT_TRANSACTION,1,1,865,0,0,0
pay_00006030,1563.81,UPI,RETAIL,10.4_FRAUDULENT_TRANSACTION,1,0,298,0,0,0
pay_00006031,760.24,UPI,GAMING,10.4_FRAUDULENT_TRANSACTION,1,0,380,0,0,0
pay_00006032,2433.23,NETBANKING,GAMING,13.3_NOT_AS_DESCRIBED,1,2,611,0,0,0
pay_00006033,499.25,UPI,RETAIL,10.4_FRAUDULENT_TRANSACTION,0,1,167,0,0,0
pay_00006034,1629.15,DEBIT_CARD,GAMING,13.3_NOT_AS_DESCRIBED,1,0,554,0,0,0
pay_00006035,503.16,CREDIT_CARD,ELECTRONICS,10.4_FRAUDULENT_TRANSACTION,1,0,362,0,0,0
pay_00006036,1975.86,UPI,DIGITAL_SERVICES,10.4_FRAUDULENT_TRANSACTION,1,1,841,0,0,0
pay_00006037,3203.38,DEBIT_CARD,RETAIL,13.1_MERCHANDISE_NOT_RECEIVED,1,0,454,0,1,0
pay_00006038,303.39,CREDIT_CARD,RETAIL,10.4_FRAUDULENT_TRANSACTION,1,0,504,0,1,0
pay_00006039,3121.56,UPI,ELECTRONICS,10.4_FRAUDULENT_TRANSACTION,1,0,617,0,0,0
pay_00006040,1450.53,UPI,ELECTRONICS,13.1_MERCHANDISE_NOT_RECEIVED,1,2,759,3,0,0
pay_00006041,303.92,NETBANKING,ELECTRONICS,10.4_FRAUDULENT_TRANSACTION,1,0,457,1,0,1
pay_00006042,936.72,UPI,ELECTRONICS,10.5_VISA_EASY_PAYMENT,1,0,859,0,0,0
pay_00006043,363.07,NETBANKING,TRAVEL,10.4_FRAUDULENT_TRANSACTION,1,0,298,0,0,0
pay_00006044,1907.7,UPI,RETAIL,13.1_MERCHANDISE_NOT_RECEIVED,1,1,925,0,0,0
pay_00006045,2233.62,CREDIT_CARD,GAMING,13.3_NOT_AS_DESCRIBED,1,0,708,0,0,0
pay_00006046,267.73,NETBANKING,RETAIL,10.4_FRAUDULENT_TRANSACTION,1,1,665,0,0,0
pay_00006047,1158.25,UPI,RETAIL,10.4_FRAUDULENT_TRANSACTION,1,2,784,0,0,0
pay_00006048,2628.06,CREDIT_CARD,RETAIL,10.4_FRAUDULENT_TRANSACTION,1,0,185,0,0,0
pay_00006049,4227.13,DEBIT_CARD,ELECTRONICS,10.5_VISA_EASY_PAYMENT,0,0,418,0,0,1
pay_00006050,1180.83,DEBIT_CARD,ELECTRONICS,13.1_MERCHANDISE_NOT_RECEIVED,1,0,715,0,0,0
pay_00006051,4602.0,CREDIT_CARD,TRAVEL,10.4_FRAUDULENT_TRANSACTION,1,0,777,1,0,0
pay_00006052,1250.8,CREDIT_CARD,RETAIL,10.4_FRAUDULENT_TRANSACTION,1,0,675,0,0,0
pay_00006053,851.78,DEBIT_CARD,DIGITAL_SERVICES,10.4_FRAUDULENT_TRANSACTION,1,1,795,0,0,0
pay_00006054,2927.82,DEBIT_CARD,TRAVEL,13.1_MERCHANDISE_NOT_RECEIVED,1,0,935,0,0,0
pay_00006055,1118.82,DEBIT_CARD,ELECTRONICS,10.5_VISA_EASY_PAYMENT,1,1,941,1,0,0
pay_00006056,1057.71,UPI,RETAIL,10.4_FRAUDULENT_TRANSACTION,1,1,123,0,0,0
pay_00006057,1110.94,WALLET,ELECTRONICS,13.3_NOT_AS_DESCRIBED,1,0,237,0,0,0
pay_00006058,2913.87,UPI,GAMING,10.4_FRAUDULENT_TRANSACTION,1,1,444,1,0,0
pay_00006059,2775.17,UPI,ELECTRONICS,13.3_NOT_AS_DESCRIBED,1,1,604,0,0,0
pay_00006060,875.06,UPI,ELECTRONICS,10.4_FRAUDULENT_TRANSACTION,1,0,427,0,0,0
pay_00006061,708.12,UPI,TRAVEL,13.1_MERCHANDISE_NOT_RECEIVED,1,2,61,0,0,0
pay_00006062,1115.7,UPI,GAMING,10.5_VISA_EASY_PAYMENT,1,0,709,0,0,0
pay_00006063,1375.66,UPI,DIGITAL_SERVICES,13.1_MERCHANDISE_NOT_RECEIVED,1,0,912,0,0,0
pay_00006064,508.38,UPI,DIGITAL_SERVICES,10.5_VISA_EASY_PAYMENT,1,0,92,0,0,0
pay_00006065,2469.49,CREDIT_CARD,DIGITAL_SERVICES,10.4_FRAUDULENT_TRANSACTION,1,2,898,0,0,0
pay_00006066,1099.71,UPI,RETAIL,10.5_VISA_EASY_PAYMENT,1,1,234,0,1,0
pay_00006067,709.8,UPI,DIGITAL_SERVICES,13.3_NOT_AS_DESCRIBED,0,0,970,0,0,0
pay_00006068,269.45,UPI,RETAIL,10.4_FRAUDULENT_TRANSACTION,1,0,531,0,0,0
pay_00006069,509.38,UPI,ELECTRONICS,10.4_FRAUDULENT_TRANSACTION,1,2,832,0,0,0
pay_00006070,4572.19,UPI,DIGITAL_SERVICES,10.5_VISA_EASY_PAYMENT,1,2,788,1,0,1
pay_00006071,645.98,CREDIT_CARD,TRAVEL,10.4_FRAUDULENT_TRANSACTION,0,0,826,0,0,1
pay_00006072,377.43,WALLET,GAMING,10.4_FRAUDULENT_TRANSACTION,1,0,956,1,0,0
pay_00006073,1026.15,NETBANKING,GAMING,13.1_MERCHANDISE_NOT_RECEIVED,1,1,742,2,0,0
pay_00006074,650.28,NETBANKING,ELECTRONICS,10.4_FRAUDULENT_TRANSACTION,1,1,827,0,0,0
pay_00006075,153.69,UPI,GAMING,13.3_NOT_AS_DESCRIBED,1,0,630,0,0,0
pay_00006076,685.45,UPI,GAMING,10.4_FRAUDULENT_TRANSACTION,1,1,368,0,1,0
pay_00006077,1278.25,UPI,ELECTRONICS,10.4_FRAUDULENT_TRANSACTION,0,0,237,0,0,0
pay_00006078,1303.48,DEBIT_CARD,ELECTRONICS,13.1_MERCHANDISE_NOT_RECEIVED,1,0,691,0,0,0
pay_00006079,761.39,UPI,ELECTRONICS,13.1_MERCHANDISE_NOT_RECEIVED,0,0,291,0,0,0
pay_00006080,989.42,CREDIT_CARD,TRAVEL,13.3_NOT_AS_DESCRIBED,1,0,361,0,0,1
pay_00006081,5150.97,UPI,ELECTRONICS,13.1_MERCHANDISE_NOT_RECEIVED,1,0,138,0,0,1
pay_00006082,810.65,UPI,ELECTRONICS,10.4_FRAUDULENT_TRANSACTION,1,2,624,0,0,0
pay_00006083,548.07,WALLET,ELECTRONICS,13.1_MERCHANDISE_NOT_RECEIVED,0,0,242,0,0,0
pay_00006084,518.51,DEBIT_CARD,DIGITAL_SERVICES,13.3_NOT_AS_DESCRIBED,1,2,292,0,0,0
pay_00006085,1018.08,DEBIT_CARD,DIGITAL_SERVICES,10.5_VISA_EASY_PAYMENT,1,0,437,0,0,0
pay_00006086,2237.68,CREDIT_CARD,TRAVEL,13.1_MERCHANDISE_NOT_RECEIVED,1,0,888,0,0,0
pay_00006087,445.99,NETBANKING,TRAVEL,13.1_MERCHANDISE_NOT_RECEIVED,1,1,760,0,0,0
pay_00006088,1953.18,CREDIT_CARD,GAMING,10.4_FRAUDULENT_TRANSACTION,1,1,54,0,1,0
pay_00006089,132.07,NETBANKING,DIGITAL_SERVICES,13.3_NOT_AS_DESCRIBED,0,0,528,0,0,0
pay_00006090,914.33,UPI,TRAVEL,13.3_NOT_AS_DESCRIBED,0,0,50,0,0,0
pay_00006091,2343.26,CREDIT_CARD,TRAVEL,10.4_FRAUDULENT_TRANSACTION,1,0,794,0,0,0
pay_00006092,720.4,CREDIT_CARD,GAMING,13.1_MERCHANDISE_NOT_RECEIVED,0,0,799,1,0,1
pay_00006093,1344.27,UPI,ELECTRONICS,13.1_MERCHANDISE_NOT_RECEIVED,1,0,189,0,0,0
pay_00006094,444.08,NETBANKING,RETAIL,10.4_FRAUDULENT_TRANSACTION,1,0,938,0,0,0
pay_00006095,2132.17,WALLET,GAMING,13.1_MERCHANDISE_NOT_RECEIVED,1,0,513,0,0,0
pay_00006096,180.54,UPI,RETAIL,10.4_FRAUDULENT_TRANSACTION,1,0,983,1,0,0
pay_00006097,2971.32,UPI,GAMING,13.1_MERCHANDISE_NOT_RECEIVED,0,1,682,0,0,0
pay_00006098,431.34,UPI,GAMING,10.4_FRAUDULENT_TRANSACTION,1,0,177,0,1,0
pay_00006099,3211.96,NETBANKING,ELECTRONICS,10.4_FRAUDULENT_TRANSACTION,1,0,219,0,1,0
pay_00006100,752.02,CREDIT_CARD,TRAVEL,10.4_FRAUDULENT_TRANSACTION,1,1,659,0,1,0
pay_00006101,2023.89,UPI,DIGITAL_SERVICES,10.4_FRAUDULENT_TRANSACTION,1,0,720,0,0,0
pay_00006102,676.79,CREDIT_CARD,GAMING,10.4_FRAUDULENT_TRANSACTION,1,0,256,0,0,0
pay_00006103,3645.28,UPI,ELECTRONICS,13.3_NOT_AS_DESCRIBED,1,0,825,1,0,0
pay_00006104,303.11,DEBIT_CARD,RETAIL,10.4_FRAUDULENT_TRANSACTION,1,1,358,0,0,0
pay_00006105,394.97,UPI,TRAVEL,13.3_NOT_AS_DESCRIBED,1,1,648,0,0,0
pay_00006106,1118.96,UPI,GAMING,13.1_MERCHANDISE_NOT_RECEIVED,1,1,190,0,0,0
pay_00006107,228.24,DEBIT_CARD,RETAIL,10.5_VISA_EASY_PAYMENT,0,0,848,0,0,1
pay_00006108,427.2,UPI,GAMING,10.4_FRAUDULENT_TRANSACTION,1,0,460,1,0,0
pay_00006109,4417.36,UPI,DIGITAL_SERVICES,10.4_FRAUDULENT_TRANSACTION,1,0,9,0,0,0
pay_00006110,5725.47,UPI,DIGITAL_SERVICES,13.1_MERCHANDISE_NOT_RECEIVED,1,0,880,0,0,0
pay_00006111,808.03,UPI,TRAVEL,13.1_MERCHANDISE_NOT_RECEIVED,1,0,775,0,0,0
pay_00006112,3951.51,UPI,RETAIL,10.4_FRAUDULENT_TRANSACTION,0,0,680,0,0,0
pay_00006113,1280.61,WALLET,DIGITAL_SERVICES,10.4_FRAUDULENT_TRANSACTION,1,1,485,1,0,0
pay_00006114,571.54,DEBIT_CARD,ELECTRONICS,10.4_FRAUDULENT_TRANSACTION,1,0,189,0,0,0
pay_00006115,1918.0,NETBANKING,TRAVEL,10.4_FRAUDULENT_TRANSACTION,1,0,23,0,0,0
pay_00006116,1713.38,NETBANKING,GAMING,10.4_FRAUDULENT_TRANSACTION,1,0,297,2,0,0
pay_00006117,6881.98,UPI,RETAIL,13.1_MERCHANDISE_NOT_RECEIVED,0,0,328,0,0,0
pay_00006118,561.92,UPI,RETAIL,13.1_MERCHANDISE_NOT_RECEIVED,0,0,663,0,0,0
pay_00006119,1772.38,UPI,ELECTRONICS,10.5_VISA_EASY_PAYMENT,0,2,980,0,0,1
pay_00006120,180.14,DEBIT_CARD,DIGITAL_SERVICES,10.4_FRAUDULENT_TRANSACTION,1,1,752,1,0,1
pay_00006121,280.96,CREDIT_CARD,RETAIL,13.1_MERCHANDISE_NOT_RECEIVED,1,0,11,0,0,0
pay_00006122,105.89,UPI,ELECTRONICS,10.4_FRAUDULENT_TRANSACTION,0,0,1,0,0,0
pay_00006123,11387.81,UPI,ELECTRONICS,10.4_FRAUDULENT_TRANSACTION,1,2,177,0,0,0
pay_00006124,2531.31,CREDIT_CARD,GAMING,13.1_MERCHANDISE_NOT_RECEIVED,1,1,812,0,0,0
pay_00006125,2417.75,CREDIT_CARD,ELECTRONICS,13.3_NOT_AS_DESCRIBED,0,1,325,0,0,1
pay_00006126,1169.19,NETBANKING,TRAVEL,10.5_VISA_EASY_PAYMENT,1,1,142,0,0,0
pay_00006127,635.16,UPI,RETAIL,13.3_NOT_AS_DESCRIBED,1,1,519,0,0,0
pay_00006128,346.01,NETBANKING,TRAVEL,10.4_FRAUDULENT_TRANSACTION,1,0,123,0,0,0
pay_00006129,602.53,UPI,ELECTRONICS,10.4_FRAUDULENT_TRANSACTION,0,1,444,0,0,0
pay_00006130,807.34,DEBIT_CARD,ELECTRONICS,13.3_NOT_AS_DESCRIBED,1,1,536,0,0,0
pay_00006131,2217.79,NETBANKING,TRAVEL,13.1_MERCHANDISE_NOT_RECEIVED,1,2,743,0,0,0
pay_00006132,1263.69,NETBANKING,GAMING,10.4_FRAUDULENT_TRANSACTION,1,0,900,0,0,0
pay_00006133,220.98,UPI,ELECTRONICS,10.4_FRAUDULENT_TRANSACTION,0,0,239,0,0,0
pay_00006134,127.29,UPI,TRAVEL,10.5_VISA_EASY_PAYMENT,1,0,155,0,0,0
pay_00006135,261.93,UPI,TRAVEL,13.3_NOT_AS_DESCRIBED,1,2,958,0,0,0
pay_00006136,892.72,UPI,RETAIL,10.4_FRAUDULENT_TRANSACTION,1,0,7,0,0,0
pay_00006137,4158.92,CREDIT_CARD,GAMING,10.5_VISA_EASY_PAYMENT,1,2,438,0,0,0
pay_00006138,1621.69,NETBANKING,DIGITAL_SERVICES,13.3_NOT_AS_DESCRIBED,1,0,472,1,1,1
pay_00006139,2527.91,UPI,TRAVEL,10.4_FRAUDULENT_TRANSACTION,1,2,457,0,0,0
pay_00006140,1042.09,UPI,RETAIL,10.4_FRAUDULENT_TRANSACTION,1,0,449,0,0,0
pay_00006141,773.34,UPI,DIGITAL_SERVICES,13.1_MERCHANDISE_NOT_RECEIVED,0,0,738,0,0,0
pay_00006142,272.11,NETBANKING,RETAIL,10.4_FRAUDULENT_TRANSACTION,1,1,616,0,1,0
pay_00006143,3230.4,WALLET,RETAIL,13.3_NOT_AS_DESCRIBED,1,1,863,0,1,0
pay_00006144,2392.89,UPI,GAMING,13.3_NOT_AS_DESCRIBED,1,0,615,0,0,0
pay_00006145,376.1,UPI,ELECTRONICS,10.4_FRAUDULENT_TRANSACTION,1,0,855,0,0,0
pay_00006146,1176.96,DEBIT_CARD,GAMING,13.3_NOT_AS_DESCRIBED,1,1,963,0,0,0
pay_00006147,1102.32,CREDIT_CARD,DIGITAL_SERVICES,13.1_MERCHANDISE_NOT_RECEIVED,1,1,103,0,0,1
pay_00006148,1571.61,UPI,GAMING,10.4_FRAUDULENT_TRANSACTION,1,0,660,0,0,0
pay_00006149,4483.36,NETBANKING,ELECTRONICS,13.3_NOT_AS_DESCRIBED,1,1,186,0,0,0
pay_00006150,1400.43,WALLET,GAMING,13.1_MERCHANDISE_NOT_RECEIVED,1,0,688,0,1,0
pay_00006151,1265.5,CREDIT_CARD,GAMING,13.1_MERCHANDISE_NOT_RECEIVED,0,0,922,0,0,1
pay_00006152,177.45,CREDIT_CARD,GAMING,10.4_FRAUDULENT_TRANSACTION,1,2,418,0,0,0
pay_00006153,197.46,UPI,TRAVEL,13.1_MERCHANDISE_NOT_RECEIVED,0,0,928,0,1,0
pay_00006154,411.18,CREDIT_CARD,TRAVEL,10.4_FRAUDULENT_TRANSACTION,1,1,353,0,0,0
pay_00006155,149.51,UPI,GAMING,10.4_FRAUDULENT_TRANSACTION,1,0,296,0,0,0
pay_00006156,2140.08,UPI,ELECTRONICS,10.4_FRAUDULENT_TRANSACTION,1,1,517,1,1,1
pay_00006157,2027.4,UPI,ELECTRONICS,13.1_MERCHANDISE_NOT_RECEIVED,0,0,522,0,0,1
pay_00006158,319.37,UPI,ELECTRONICS,10.4_FRAUDULENT_TRANSACTION,1,2,484,1,0,0
pay_00006159,2812.56,UPI,ELECTRONICS,10.4_FRAUDULENT_TRANSACTION,1,2,222,0,0,0
pay_00006160,352.25,CREDIT_CARD,RETAIL,10.4_FRAUDULENT_TRANSACTION,1,0,585,0,0,0
pay_00006161,637.53,CREDIT_CARD,GAMING,13.3_NOT_AS_DESCRIBED,0,0,686,0,0,0
pay_00006162,529.48,CREDIT_CARD,GAMING,10.4_FRAUDULENT_TRANSACTION,0,0,544,1,0,1
pay_00006163,798.56,UPI,RETAIL,13.1_MERCHANDISE_NOT_RECEIVED,1,0,957,0,0,0
pay_00006164,540.88,UPI,ELECTRONICS,10.4_FRAUDULENT_TRANSACTION,1,0,597,0,0,1
pay_00006165,1106.93,DEBIT_CARD,DIGITAL_SERVICES,13.1_MERCHANDISE_NOT_RECEIVED,1,0,938,0,0,1
pay_00006166,884.87,UPI,DIGITAL_SERVICES,13.3_NOT_AS_DESCRIBED,0,0,882,1,0,0
pay_00006167,6565.34,WALLET,RETAIL,10.4_FRAUDULENT_TRANSACTION,1,0,505,0,0,1
pay_00006168,186.33,UPI,DIGITAL_SERVICES,10.4_FRAUDULENT_TRANSACTION,1,0,282,2,0,1
pay_00006169,330.04,CREDIT_CARD,TRAVEL,10.4_FRAUDULENT_TRANSACTION,1,2,919,2,0,0
pay_00006170,181.41,UPI,GAMING,13.1_MERCHANDISE_NOT_RECEIVED,1,0,393,0,0,0
pay_00006171,1574.61,CREDIT_CARD,DIGITAL_SERVICES,10.4_FRAUDULENT_TRANSACTION,0,0,453,0,0,0
pay_00006172,184.08,NETBANKING,TRAVEL,13.1_MERCHANDISE_NOT_RECEIVED,1,2,55,0,0,0
pay_00006173,2815.86,NETBANKING,GAMING,10.4_FRAUDULENT_TRANSACTION,1,0,648,0,0,0
pay_00006174,1175.97,WALLET,TRAVEL,10.4_FRAUDULENT_TRANSACTION,0,2,628,0,0,0
pay_00006175,1223.01,UPI,GAMING,13.1_MERCHANDISE_NOT_RECEIVED,0,0,56,0,0,0
pay_00006176,1336.92,CREDIT_CARD,GAMING,10.4_FRAUDULENT_TRANSACTION,1,1,951,0,0,0
pay_00006177,380.97,UPI,DIGITAL_SERVICES,13.3_NOT_AS_DESCRIBED,1,0,755,0,0,0
pay_00006178,430.39,CREDIT_CARD,RETAIL,10.5_VISA_EASY_PAYMENT,1,0,750,0,0,0
pay_00006179,675.89,UPI,DIGITAL_SERVICES,10.4_FRAUDULENT_TRANSACTION,1,1,811,0,0,0
pay_00006180,1450.24,NETBANKING,ELECTRONICS,13.3_NOT_AS_DESCRIBED,1,0,843,0,0,0
pay_00006181,453.81,NETBANKING,TRAVEL,10.4_FRAUDULENT_TRANSACTION,1,1,56,0,0,0
pay_00006182,285.51,UPI,ELECTRONICS,13.1_MERCHANDISE_NOT_RECEIVED,0,1,164,0,0,0
pay_00006183,5365.69,UPI,GAMING,10.4_FRAUDULENT_TRANSACTION,0,0,914,0,0,0
pay_00006184,133.34,UPI,DIGITAL_SERVICES,13.3_NOT_AS_DESCRIBED,1,0,799,0,0,0
pay_00006185,2534.53,CREDIT_CARD,ELECTRONICS,10.4_FRAUDULENT_TRANSACTION,1,0,489,1,0,0
pay_00006186,2427.0,UPI,ELECTRONICS,13.3_NOT_AS_DESCRIBED,1,0,8,0,0,0
pay_00006187,629.05,NETBANKING,ELECTRONICS,13.3_NOT_AS_DESCRIBED,0,0,612,0,1,1
pay_00006188,318.63,CREDIT_CARD,GAMING,10.4_FRAUDULENT_TRANSACTION,1,1,147,0,0,0
pay_00006189,336.08,CREDIT_CARD,GAMING,10.4_FRAUDULENT_TRANSACTION,1,0,406,2,0,0
pay_00006190,1893.17,CREDIT_CARD,GAMING,13.3_NOT_AS_DESCRIBED,1,1,66,0,0,0
pay_00006191,1644.22,UPI,ELECTRONICS,10.4_FRAUDULENT_TRANSACTION,1,0,139,0,0,0
pay_00006192,2390.03,NETBANKING,TRAVEL,10.5_VISA_EASY_PAYMENT,1,0,195,0,0,0
pay_00006193,4258.43,CREDIT_CARD,DIGITAL_SERVICES,10.5_VISA_EASY_PAYMENT,1,1,289,0,0,0
pay_00006194,1866.13,WALLET,DIGITAL_SERVICES,13.1_MERCHANDISE_NOT_RECEIVED,1,0,458,0,0,0
pay_00006195,354.14,CREDIT_CARD,GAMING,13.1_MERCHANDISE_NOT_RECEIVED,1,2,821,0,0,0
pay_00006196,518.47,DEBIT_CARD,ELECTRONICS,10.4_FRAUDULENT_TRANSACTION,1,0,429,0,1,0
pay_00006197,2869.58,UPI,TRAVEL,13.3_NOT_AS_DESCRIBED,1,0,195,2,0,0
pay_00006198,452.27,CREDIT_CARD,RETAIL,10.4_FRAUDULENT_TRANSACTION,1,0,635,0,0,0
pay_00006199,212.93,DEBIT_CARD,GAMING,10.4_FRAUDULENT_TRANSACTION,1,1,295,0,0,0
pay_00006200,1922.45,DEBIT_CARD,RETAIL,10.4_FRAUDULENT_TRANSACTION,1,0,761,0,0,1
pay_00006201,872.57,DEBIT_CARD,DIGITAL_SERVICES,10.5_VISA_EASY_PAYMENT,1,0,421,0,0,0
pay_00006202,3889.34,UPI,DIGITAL_SERVICES,10.4_FRAUDULENT_TRANSACTION,1,0,610,0,0,0
pay_00006203,1675.83,WALLET,TRAVEL,13.3_NOT_AS_DESCRIBED,1,0,50,0,0,0
pay_00006204,242.16,WALLET,TRAVEL,10.4_FRAUDULENT_TRANSACTION,1,0,796,0,0,0
pay_00006205,4530.64,UPI,RETAIL,10.4_FRAUDULENT_TRANSACTION,0,0,270,0,0,0
pay_00006206,548.74,NETBANKING,DIGITAL_SERVICES,13.1_MERCHANDISE_NOT_RECEIVED,1,2,820,1,0,1
pay_00006207,716.95,UPI,TRAVEL,10.4_FRAUDULENT_TRANSACTION,1,2,378,0,0,0
pay_00006208,871.9,CREDIT_CARD,TRAVEL,10.4_FRAUDULENT_TRANSACTION,0,1,604,0,0,1
pay_00006209,178.87,UPI,DIGITAL_SERVICES,13.3_NOT_AS_DESCRIBED,1,2,542,0,0,0
pay_00006210,1129.3,WALLET,DIGITAL_SERVICES,10.4_FRAUDULENT_TRANSACTION,1,0,158,0,1,0
pay_00006211,297.42,UPI,ELECTRONICS,10.4_FRAUDULENT_TRANSACTION,1,1,121,2,0,0
pay_00006212,868.67,UPI,TRAVEL,10.4_FRAUDULENT_TRANSACTION,1,0,667,0,0,0
pay_00006213,747.81,UPI,RETAIL,13.1_MERCHANDISE_NOT_RECEIVED,1,0,578,0,0,0
pay_00006214,2323.15,UPI,GAMING,13.3_NOT_AS_DESCRIBED,1,0,101,2,1,1
pay_00006215,2538.13,CREDIT_CARD,GAMING,10.4_FRAUDULENT_TRANSACTION,1,0,333,0,1,1
pay_00006216,349.81,UPI,DIGITAL_SERVICES,10.4_FRAUDULENT_TRANSACTION,0,0,295,0,0,0
pay_00006217,784.86,DEBIT_CARD,RETAIL,10.4_FRAUDULENT_TRANSACTION,1,0,426,0,0,0
pay_00006218,801.06,WALLET,ELECTRONICS,10.4_FRAUDULENT_TRANSACTION,1,0,796,0,0,0
pay_00006219,346.27,DEBIT_CARD,TRAVEL,13.1_MERCHANDISE_NOT_RECEIVED,1,1,84,0,0,0
pay_00006220,2502.6,NETBANKING,ELECTRONICS,10.4_FRAUDULENT_TRANSACTION,1,0,831,0,0,0
pay_00006221,1942.54,UPI,RETAIL,13.3_NOT_AS_DESCRIBED,1,0,871,3,0,0
pay_00006222,416.79,UPI,ELECTRONICS,10.5_VISA_EASY_PAYMENT,1,0,55,0,0,0
pay_00006223,785.27,CREDIT_CARD,DIGITAL_SERVICES,13.3_NOT_AS_DESCRIBED,1,1,242,0,0,0
pay_00006224,267.75,UPI,GAMING,10.4_FRAUDULENT_TRANSACTION,1,0,146,0,0,0
pay_00006225,1584.13,NETBANKING,DIGITAL_SERVICES,13.1_MERCHANDISE_NOT_RECEIVED,1,2,674,1,0,0
pay_00006226,294.09,UPI,TRAVEL,13.3_NOT_AS_DESCRIBED,1,0,697,0,0,0
pay_00006227,6496.01,NETBANKING,DIGITAL_SERVICES,10.4_FRAUDULENT_TRANSACTION,1,0,368,0,0,0
pay_00006228,2375.85,UPI,RETAIL,13.3_NOT_AS_DESCRIBED,1,0,173,1,0,0
pay_00006229,842.03,DEBIT_CARD,RETAIL,13.3_NOT_AS_DESCRIBED,1,2,593,0,0,0
pay_00006230,1396.13,UPI,TRAVEL,10.4_FRAUDULENT_TRANSACTION,1,2,934,0,1,0
pay_00006231,3734.45,UPI,TRAVEL,10.4_FRAUDULENT_TRANSACTION,1,3,919,0,0,0
pay_00006232,1311.49,DEBIT_CARD,GAMING,10.4_FRAUDULENT_TRANSACTION,1,1,31,0,0,0
pay_00006233,387.65,UPI,ELECTRONICS,10.4_FRAUDULENT_TRANSACTION,1,2,393,0,0,0
pay_00006234,813.92,DEBIT_CARD,GAMING,13.3_NOT_AS_DESCRIBED,0,0,803,0,0,0
pay_00006235,2878.65,CREDIT_CARD,DIGITAL_SERVICES,10.5_VISA_EASY_PAYMENT,1,0,409,1,0,1
pay_00006236,1650.13,UPI,ELECTRONICS,10.5_VISA_EASY_PAYMENT,1,0,679,0,0,0
pay_00006237,1677.84,NETBANKING,TRAVEL,10.4_FRAUDULENT_TRANSACTION,0,0,926,0,1,0
pay_00006238,3124.1,UPI,RETAIL,10.5_VISA_EASY_PAYMENT,1,1,261,1,0,0
pay_00006239,3466.09,DEBIT_CARD,DIGITAL_SERVICES,13.3_NOT_AS_DESCRIBED,1,0,668,0,0,0
pay_00006240,3884.71,CREDIT_CARD,GAMING,13.3_NOT_AS_DESCRIBED,0,0,629,0,0,1
pay_00006241,249.48,CREDIT_CARD,TRAVEL,10.5_VISA_EASY_PAYMENT,0,0,519,0,0,1
pay_00006242,1278.31,UPI,ELECTRONICS,10.4_FRAUDULENT_TRANSACTION,1,0,874,0,0,0
pay_00006243,2123.55,UPI,ELECTRONICS,10.4_FRAUDULENT_TRANSACTION,1,0,246,0,0,0
pay_00006244,2221.59,CREDIT_CARD,RETAIL,10.4_FRAUDULENT_TRANSACTION,1,1,888,0,0,0
pay_00006245,1499.84,UPI,TRAVEL,10.4_FRAUDULENT_TRANSACTION,1,2,426,0,0,0
pay_00006246,373.7,UPI,TRAVEL,13.1_MERCHANDISE_NOT_RECEIVED,1,0,810,0,0,0
pay_00006247,2494.93,CREDIT_CARD,DIGITAL_SERVICES,10.4_FRAUDULENT_TRANSACTION,1,0,825,0,0,0
pay_00006248,2010.05,CREDIT_CARD,DIGITAL_SERVICES,10.4_FRAUDULENT_TRANSACTION,1,2,742,0,0,0
pay_00006249,235.11,UPI,ELECTRONICS,10.4_FRAUDULENT_TRANSACTION,1,0,851,0,0,0
pay_00006250,1034.9,UPI,GAMING,10.5_VISA_EASY_PAYMENT,1,0,448,0,0,0
pay_00006251,386.7,UPI,ELECTRONICS,10.4_FRAUDULENT_TRANSACTION,1,0,636,0,0,0
pay_00006252,717.55,UPI,DIGITAL_SERVICES,10.4_FRAUDULENT_TRANSACTION,1,1,217,0,0,0
pay_00006253,127.37,UPI,DIGITAL_SERVICES,10.4_FRAUDULENT_TRANSACTION,1,1,831,0,0,0
pay_00006254,867.06,UPI,DIGITAL_SERVICES,10.4_FRAUDULENT_TRANSACTION,1,1,530,0,0,0
pay_00006255,1297.35,WALLET,ELECTRONICS,13.1_MERCHANDISE_NOT_RECEIVED,1,0,117,0,0,1
pay_00006256,1549.73,DEBIT_CARD,TRAVEL,13.1_MERCHANDISE_NOT_RECEIVED,1,0,239,0,0,0
pay_00006257,1733.69,UPI,GAMING,10.4_FRAUDULENT_TRANSACTION,1,1,602,0,0,0
pay_00006258,2814.5,UPI,GAMING,13.3_NOT_AS_DESCRIBED,1,0,941,0,1,0
pay_00006259,463.99,DEBIT_CARD,DIGITAL_SERVICES,10.4_FRAUDULENT_TRANSACTION,1,2,276,0,0,0
pay_00006260,292.57,UPI,RETAIL,13.3_NOT_AS_DESCRIBED,1,3,2,0,0,0
pay_00006261,2961.13,DEBIT_CARD,ELECTRONICS,13.3_NOT_AS_DESCRIBED,1,0,832,0,0,0
pay_00006262,355.49,NETBANKING,TRAVEL,13.3_NOT_AS_DESCRIBED,1,0,798,1,0,1
pay_00006263,5618.99,CREDIT_CARD,DIGITAL_SERVICES,10.4_FRAUDULENT_TRANSACTION,1,0,662,0,0,0
pay_00006264,2872.86,UPI,RETAIL,10.4_FRAUDULENT_TRANSACTION,1,2,764,0,0,0
pay_00006265,1142.35,DEBIT_CARD,DIGITAL_SERVICES,10.4_FRAUDULENT_TRANSACTION,1,0,618,0,0,0
pay_00006266,6078.62,WALLET,RETAIL,10.4_FRAUDULENT_TRANSACTION,1,0,375,1,0,0
pay_00006267,253.68,CREDIT_CARD,GAMING,10.4_FRAUDULENT_TRANSACTION,1,0,290,0,1,0
pay_00006268,641.6,CREDIT_CARD,RETAIL,10.4_FRAUDULENT_TRANSACTION,1,0,125,1,0,0
pay_00006269,1625.1,UPI,GAMING,10.4_FRAUDULENT_TRANSACTION,1,0,163,0,0,0
pay_00006270,746.19,UPI,GAMING,10.4_FRAUDULENT_TRANSACTION,1,0,894,1,0,0
pay_00006271,4054.42,DEBIT_CARD,ELECTRONICS,10.5_VISA_EASY_PAYMENT,1,1,197,2,0,0
pay_00006272,201.82,NETBANKING,RETAIL,13.1_MERCHANDISE_NOT_RECEIVED,0,0,825,0,0,0
pay_00006273,1295.8,CREDIT_CARD,TRAVEL,10.4_FRAUDULENT_TRANSACTION,1,0,527,0,0,1
pay_00006274,1440.57,DEBIT_CARD,TRAVEL,13.3_NOT_AS_DESCRIBED,1,0,295,0,0,0
pay_00006275,1686.47,UPI,RETAIL,10.5_VISA_EASY_PAYMENT,1,1,463,0,0,1
pay_00006276,542.9,UPI,ELECTRONICS,10.4_FRAUDULENT_TRANSACTION,1,1,540,0,0,0
pay_00006277,780.17,CREDIT_CARD,TRAVEL,10.4_FRAUDULENT_TRANSACTION,1,0,12,1,0,0
pay_00006278,2883.78,UPI,DIGITAL_SERVICES,10.4_FRAUDULENT_TRANSACTION,0,0,195,1,0,1
pay_00006279,425.26,CREDIT_CARD,TRAVEL,13.3_NOT_AS_DESCRIBED,1,0,266,1,0,1
pay_00006280,2730.55,UPI,ELECTRONICS,10.4_FRAUDULENT_TRANSACTION,1,0,868,2,0,0
pay_00006281,1340.55,DEBIT_CARD,GAMING,13.3_NOT_AS_DESCRIBED,0,0,775,0,0,0
pay_00006282,2254.41,DEBIT_CARD,GAMING,13.1_MERCHANDISE_NOT_RECEIVED,1,0,683,0,0,0
pay_00006283,1975.59,UPI,GAMING,13.1_MERCHANDISE_NOT_RECEIVED,1,0,337,0,0,0
pay_00006284,448.87,UPI,ELECTRONICS,10.4_FRAUDULENT_TRANSACTION,1,0,276,0,0,0
pay_00006285,1361.82,CREDIT_CARD,GAMING,10.4_FRAUDULENT_TRANSACTION,1,0,815,0,0,0
pay_00006286,3134.29,WALLET,GAMING,10.4_FRAUDULENT_TRANSACTION,1,1,753,0,0,0
pay_00006287,948.76,CREDIT_CARD,ELECTRONICS,10.4_FRAUDULENT_TRANSACTION,1,1,494,0,0,0
pay_00006288,5198.38,UPI,DIGITAL_SERVICES,13.1_MERCHANDISE_NOT_RECEIVED,1,1,245,0,0,0
pay_00006289,1002.81,UPI,TRAVEL,13.3_NOT_AS_DESCRIBED,1,1,28,0,0,0
pay_00006290,331.1,UPI,ELECTRONICS,13.3_NOT_AS_DESCRIBED,1,0,204,1,0,0
pay_00006291,840.05,UPI,ELECTRONICS,10.4_FRAUDULENT_TRANSACTION,0,0,786,0,0,0
pay_00006292,4645.56,DEBIT_CARD,RETAIL,10.4_FRAUDULENT_TRANSACTION,1,1,313,0,0,0
pay_00006293,677.88,DEBIT_CARD,GAMING,13.3_NOT_AS_DESCRIBED,1,0,365,0,0,0
pay_00006294,3138.55,UPI,DIGITAL_SERVICES,10.5_VISA_EASY_PAYMENT,1,0,947,0,0,1
pay_00006295,3296.11,UPI,RETAIL,10.4_FRAUDULENT_TRANSACTION,1,0,37,0,0,0
pay_00006296,746.6,UPI,DIGITAL_SERVICES,13.1_MERCHANDISE_NOT_RECEIVED,0,3,972,0,0,1
pay_00006297,230.39,NETBANKING,GAMING,10.4_FRAUDULENT_TRANSACTION,1,2,392,1,0,1
pay_00006298,2034.07,CREDIT_CARD,GAMING,10.4_FRAUDULENT_TRANSACTION,1,0,766,1,0,1
pay_00006299,659.89,CREDIT_CARD,GAMING,13.1_MERCHANDISE_NOT_RECEIVED,1,1,872,0,0,0
pay_00006300,2391.26,UPI,TRAVEL,13.3_NOT_AS_DESCRIBED,1,3,617,0,0,0
pay_00006301,976.86,CREDIT_CARD,DIGITAL_SERVICES,10.4_FRAUDULENT_TRANSACTION,1,0,243,0,1,0
pay_00006302,1096.16,UPI,DIGITAL_SERVICES,13.1_MERCHANDISE_NOT_RECEIVED,1,1,979,0,1,0
pay_00006303,2357.0,UPI,RETAIL,13.1_MERCHANDISE_NOT_RECEIVED,1,3,100,0,0,0
pay_00006304,822.78,CREDIT_CARD,ELECTRONICS,13.1_MERCHANDISE_NOT_RECEIVED,1,0,966,0,0,1
pay_00006305,978.13,CREDIT_CARD,GAMING,13.1_MERCHANDISE_NOT_RECEIVED,1,1,759,0,0,0
pay_00006306,807.87,UPI,GAMING,10.4_FRAUDULENT_TRANSACTION,0,1,988,0,0,0
pay_00006307,786.73,UPI,RETAIL,10.4_FRAUDULENT_TRANSACTION,1,0,44,0,0,0
pay_00006308,1219.65,UPI,DIGITAL_SERVICES,13.1_MERCHANDISE_NOT_RECEIVED,1,1,65,0,0,0
pay_00006309,2581.65,UPI,TRAVEL,13.1_MERCHANDISE_NOT_RECEIVED,1,0,178,0,0,0
pay_00006310,773.58,CREDIT_CARD,DIGITAL_SERVICES,10.4_FRAUDULENT_TRANSACTION,1,0,147,0,0,1
pay_00006311,1214.31,NETBANKING,TRAVEL,10.4_FRAUDULENT_TRANSACTION,1,0,561,0,0,0
pay_00006312,1766.3,UPI,TRAVEL,13.3_NOT_AS_DESCRIBED,1,0,67,0,0,0
pay_00006313,570.91,UPI,DIGITAL_SERVICES,13.1_MERCHANDISE_NOT_RECEIVED,1,1,996,0,0,0
pay_00006314,587.6,UPI,GAMING,13.1_MERCHANDISE_NOT_RECEIVED,1,0,347,0,0,0
pay_00006315,4163.87,CREDIT_CARD,TRAVEL,13.1_MERCHANDISE_NOT_RECEIVED,1,1,46,0,0,1
pay_00006316,2028.5,UPI,RETAIL,10.4_FRAUDULENT_TRANSACTION,1,0,70,0,1,0
pay_00006317,1391.24,DEBIT_CARD,RETAIL,10.4_FRAUDULENT_TRANSACTION,0,1,414,0,0,0
pay_00006318,1664.99,UPI,TRAVEL,10.4_FRAUDULENT_TRANSACTION,0,2,933,0,1,1
pay_00006319,144.61,CREDIT_CARD,GAMING,13.1_MERCHANDISE_NOT_RECEIVED,1,0,859,0,0,0
pay_00006320,1543.91,NETBANKING,TRAVEL,13.1_MERCHANDISE_NOT_RECEIVED,1,0,454,0,0,0
pay_00006321,1168.52,NETBANKING,RETAIL,10.4_FRAUDULENT_TRANSACTION,1,0,621,0,0,0
pay_00006322,1283.66,WALLET,RETAIL,10.4_FRAUDULENT_TRANSACTION,1,1,873,0,0,0
pay_00006323,768.08,DEBIT_CARD,DIGITAL_SERVICES,10.4_FRAUDULENT_TRANSACTION,1,1,209,0,0,0
pay_00006324,227.48,NETBANKING,GAMING,13.1_MERCHANDISE_NOT_RECEIVED,0,1,815,0,1,0
pay_00006325,422.28,UPI,DIGITAL_SERVICES,10.4_FRAUDULENT_TRANSACTION,1,1,990,0,0,0
pay_00006326,4616.11,UPI,ELECTRONICS,10.4_FRAUDULENT_TRANSACTION,1,0,207,0,1,0
pay_00006327,888.15,UPI,TRAVEL,13.1_MERCHANDISE_NOT_RECEIVED,1,0,381,0,0,0
pay_00006328,1042.96,DEBIT_CARD,DIGITAL_SERVICES,10.4_FRAUDULENT_TRANSACTION,1,1,83,0,1,0
pay_00006329,181.22,NETBANKING,GAMING,10.4_FRAUDULENT_TRANSACTION,1,0,286,0,0,0
pay_00006330,157.44,UPI,TRAVEL,10.5_VISA_EASY_PAYMENT,1,0,872,0,0,0
pay_00006331,1994.42,CREDIT_CARD,TRAVEL,13.3_NOT_AS_DESCRIBED,0,1,457,0,0,0
pay_00006332,1258.59,DEBIT_CARD,TRAVEL,10.4_FRAUDULENT_TRANSACTION,0,0,635,0,1,0
pay_00006333,1166.07,NETBANKING,TRAVEL,13.1_MERCHANDISE_NOT_RECEIVED,1,0,418,0,0,0
pay_00006334,517.83,CREDIT_CARD,TRAVEL,13.1_MERCHANDISE_NOT_RECEIVED,1,2,238,2,0,0
pay_00006335,2148.27,WALLET,GAMING,10.5_VISA_EASY_PAYMENT,1,0,346,0,1,0
pay_00006336,376.31,UPI,ELECTRONICS,13.1_MERCHANDISE_NOT_RECEIVED,1,2,366,0,0,0
pay_00006337,415.96,UPI,RETAIL,13.1_MERCHANDISE_NOT_RECEIVED,1,0,357,0,0,0
pay_00006338,1026.26,CREDIT_CARD,ELECTRONICS,13.3_NOT_AS_DESCRIBED,1,1,61,0,0,1
pay_00006339,605.9,UPI,RETAIL,10.4_FRAUDULENT_TRANSACTION,1,1,384,0,0,0
pay_00006340,526.46,UPI,DIGITAL_SERVICES,13.1_MERCHANDISE_NOT_RECEIVED,1,0,163,0,0,0
pay_00006341,1654.46,DEBIT_CARD,TRAVEL,10.4_FRAUDULENT_TRANSACTION,1,0,746,0,0,0
pay_00006342,1678.9,DEBIT_CARD,DIGITAL_SERVICES,10.5_VISA_EASY_PAYMENT,1,0,578,0,0,0
pay_00006343,2710.32,DEBIT_CARD,DIGITAL_SERVICES,10.5_VISA_EASY_PAYMENT,1,1,13,0,0,0
pay_00006344,911.18,UPI,RETAIL,10.4_FRAUDULENT_TRANSACTION,1,0,572,0,0,0
pay_00006345,213.84,CREDIT_CARD,GAMING,10.4_FRAUDULENT_TRANSACTION,0,0,107,0,0,0
pay_00006346,579.62,UPI,TRAVEL,10.4_FRAUDULENT_TRANSACTION,1,1,363,0,1,0
pay_00006347,5968.44,UPI,DIGITAL_SERVICES,10.4_FRAUDULENT_TRANSACTION,1,0,265,0,0,0
pay_00006348,1460.47,CREDIT_CARD,ELECTRONICS,10.4_FRAUDULENT_TRANSACTION,1,0,917,0,0,0
pay_00006349,1955.45,UPI,TRAVEL,13.1_MERCHANDISE_NOT_RECEIVED,1,1,937,1,0,0
pay_00006350,111.08,UPI,GAMING,13.1_MERCHANDISE_NOT_RECEIVED,1,1,108,0,0,0
pay_00006351,1195.36,DEBIT_CARD,TRAVEL,13.1_MERCHANDISE_NOT_RECEIVED,1,0,833,0,0,0
pay_00006352,157.38,UPI,DIGITAL_SERVICES,10.4_FRAUDULENT_TRANSACTION,1,0,468,0,0,0
pay_00006353,1363.27,WALLET,ELECTRONICS,13.1_MERCHANDISE_NOT_RECEIVED,1,1,689,0,0,0
pay_00006354,3903.12,CREDIT_CARD,DIGITAL_SERVICES,10.5_VISA_EASY_PAYMENT,0,0,837,0,0,0
pay_00006355,5282.81,WALLET,GAMING,10.4_FRAUDULENT_TRANSACTION,1,0,268,0,1,0
pay_00006356,1266.6,UPI,RETAIL,10.4_FRAUDULENT_TRANSACTION,1,0,235,0,0,0
pay_00006357,1019.3,CREDIT_CARD,ELECTRONICS,10.4_FRAUDULENT_TRANSACTION,1,1,917,0,0,0
pay_00006358,4451.1,UPI,GAMING,10.4_FRAUDULENT_TRANSACTION,1,0,829,2,1,1
pay_00006359,1779.49,DEBIT_CARD,GAMING,13.3_NOT_AS_DESCRIBED,0,0,624,0,1,0
pay_00006360,200.65,UPI,DIGITAL_SERVICES,10.4_FRAUDULENT_TRANSACTION,1,1,807,0,0,0
pay_00006361,1040.27,UPI,DIGITAL_SERVICES,13.3_NOT_AS_DESCRIBED,1,4,215,0,0,1
pay_00006362,512.14,NETBANKING,DIGITAL_SERVICES,13.3_NOT_AS_DESCRIBED,1,1,456,0,0,0
pay_00006363,1051.76,UPI,RETAIL,10.4_FRAUDULENT_TRANSACTION,1,1,278,3,0,0
pay_00006364,1011.74,UPI,TRAVEL,10.4_FRAUDULENT_TRANSACTION,0,0,602,0,0,0
pay_00006365,1408.93,UPI,TRAVEL,13.1_MERCHANDISE_NOT_RECEIVED,1,1,339,0,0,0
pay_00006366,761.88,CREDIT_CARD,DIGITAL_SERVICES,13.3_NOT_AS_DESCRIBED,1,1,825,0,0,0
pay_00006367,369.18,UPI,DIGITAL_SERVICES,10.4_FRAUDULENT_TRANSACTION,1,1,719,0,0,0
pay_00006368,1150.92,UPI,RETAIL,10.5_VISA_EASY_PAYMENT,1,0,165,0,0,0
pay_00006369,2759.73,UPI,TRAVEL,13.1_MERCHANDISE_NOT_RECEIVED,1,1,41,0,0,0
pay_00006370,1736.02,CREDIT_CARD,RETAIL,10.4_FRAUDULENT_TRANSACTION,1,0,213,0,0,0
pay_00006371,719.57,DEBIT_CARD,GAMING,13.1_MERCHANDISE_NOT_RECEIVED,1,0,115,0,0,0
pay_00006372,4212.17,UPI,TRAVEL,10.4_FRAUDULENT_TRANSACTION,1,1,461,0,0,0
pay_00006373,3749.17,UPI,DIGITAL_SERVICES,10.4_FRAUDULENT_TRANSACTION,1,0,135,0,0,0
pay_00006374,452.35,UPI,ELECTRONICS,13.1_MERCHANDISE_NOT_RECEIVED,1,0,345,0,0,1
pay_00006375,160.32,UPI,GAMING,10.4_FRAUDULENT_TRANSACTION,0,0,33,0,1,0
pay_00006376,2128.18,UPI,ELECTRONICS,10.4_FRAUDULENT_TRANSACTION,1,0,515,1,0,0
pay_00006377,2737.0,UPI,RETAIL,10.4_FRAUDULENT_TRANSACTION,1,1,551,0,0,0
pay_00006378,5256.69,CREDIT_CARD,RETAIL,10.4_FRAUDULENT_TRANSACTION,1,0,352,0,0,0
pay_00006379,3408.68,NETBANKING,RETAIL,10.4_FRAUDULENT_TRANSACTION,1,1,745,0,0,0
pay_00006380,1476.44,UPI,DIGITAL_SERVICES,13.1_MERCHANDISE_NOT_RECEIVED,1,0,932,0,0,0
pay_00006381,1232.7,CREDIT_CARD,RETAIL,10.4_FRAUDULENT_TRANSACTION,1,1,680,0,0,0
pay_00006382,142.35,CREDIT_CARD,ELECTRONICS,10.4_FRAUDULENT_TRANSACTION,1,0,500,2,0,0
pay_00006383,524.85,CREDIT_CARD,GAMING,10.4_FRAUDULENT_TRANSACTION,1,1,498,0,0,0
pay_00006384,1023.21,NETBANKING,DIGITAL_SERVICES,10.4_FRAUDULENT_TRANSACTION,1,0,279,0,0,0
pay_00006385,1585.33,UPI,GAMING,10.4_FRAUDULENT_TRANSACTION,0,0,450,0,0,1
pay_00006386,1322.13,UPI,RETAIL,13.3_NOT_AS_DESCRIBED,1,0,736,0,0,0
pay_00006387,2135.9,CREDIT_CARD,TRAVEL,13.1_MERCHANDISE_NOT_RECEIVED,1,2,302,0,0,0
pay_00006388,592.27,UPI,DIGITAL_SERVICES,10.5_VISA_EASY_PAYMENT,1,0,518,0,0,0
pay_00006389,1348.45,UPI,RETAIL,10.4_FRAUDULENT_TRANSACTION,1,1,839,0,0,0
pay_00006390,238.41,UPI,DIGITAL_SERVICES,13.3_NOT_AS_DESCRIBED,1,0,824,0,0,0
pay_00006391,900.8,UPI,TRAVEL,13.1_MERCHANDISE_NOT_RECEIVED,1,2,277,0,0,0
pay_00006392,2180.41,CREDIT_CARD,ELECTRONICS,13.1_MERCHANDISE_NOT_RECEIVED,1,0,609,0,0,1
pay_00006393,1873.32,UPI,ELECTRONICS,10.4_FRAUDULENT_TRANSACTION,1,1,80,0,0,0
pay_00006394,7107.4,UPI,ELECTRONICS,10.4_FRAUDULENT_TRANSACTION,0,0,451,0,0,0
pay_00006395,588.37,UPI,TRAVEL,13.3_NOT_AS_DESCRIBED,1,0,794,0,0,0
pay_00006396,1134.3,UPI,GAMING,13.1_MERCHANDISE_NOT_RECEIVED,1,0,255,1,0,1
pay_00006397,699.67,WALLET,TRAVEL,13.1_MERCHANDISE_NOT_RECEIVED,1,1,665,0,0,0
pay_00006398,971.34,UPI,TRAVEL,10.4_FRAUDULENT_TRANSACTION,1,1,847,0,1,0
pay_00006399,3016.84,WALLET,RETAIL,10.4_FRAUDULENT_TRANSACTION,0,0,214,0,0,1
pay_00006400,1829.01,CREDIT_CARD,ELECTRONICS,10.5_VISA_EASY_PAYMENT,0,1,107,0,0,0
pay_00006401,3311.22,DEBIT_CARD,DIGITAL_SERVICES,10.4_FRAUDULENT_TRANSACTION,0,0,101,0,0,1
pay_00006402,441.31,UPI,GAMING,13.3_NOT_AS_DESCRIBED,0,2,625,0,1,0
pay_00006403,3199.62,UPI,DIGITAL_SERVICES,10.4_FRAUDULENT_TRANSACTION,1,1,368,0,0,0
pay_00006404,192.43,NETBANKING,RETAIL,13.3_NOT_AS_DESCRIBED,1,0,704,0,0,0
pay_00006405,3391.93,NETBANKING,RETAIL,10.4_FRAUDULENT_TRANSACTION,1,0,980,0,0,0
pay_00006406,698.64,UPI,GAMING,10.4_FRAUDULENT_TRANSACTION,1,0,693,0,0,0
pay_00006407,666.6,UPI,DIGITAL_SERVICES,10.4_FRAUDULENT_TRANSACTION,1,2,562,0,0,0
pay_00006408,1176.43,UPI,GAMING,13.1_MERCHANDISE_NOT_RECEIVED,1,1,29,0,0,0
pay_00006409,4337.47,NETBANKING,GAMING,10.4_FRAUDULENT_TRANSACTION,1,1,357,0,0,0
pay_00006410,173.44,UPI,ELECTRONICS,13.1_MERCHANDISE_NOT_RECEIVED,0,0,403,0,0,0
pay_00006411,751.33,CREDIT_CARD,DIGITAL_SERVICES,10.4_FRAUDULENT_TRANSACTION,1,0,616,0,0,0
pay_00006412,3012.88,DEBIT_CARD,ELECTRONICS,10.5_VISA_EASY_PAYMENT,1,1,95,0,0,0
pay_00006413,856.41,DEBIT_CARD,ELECTRONICS,10.4_FRAUDULENT_TRANSACTION,1,2,570,0,0,0
pay_00006414,433.14,CREDIT_CARD,ELECTRONICS,10.4_FRAUDULENT_TRANSACTION,1,0,142,0,0,0
pay_00006415,929.54,UPI,TRAVEL,10.5_VISA_EASY_PAYMENT,1,1,125,0,0,0
pay_00006416,830.55,WALLET,RETAIL,13.1_MERCHANDISE_NOT_RECEIVED,1,1,911,0,0,0
pay_00006417,3805.02,CREDIT_CARD,RETAIL,13.1_MERCHANDISE_NOT_RECEIVED,1,0,63,0,0,0
pay_00006418,2252.81,DEBIT_CARD,TRAVEL,10.4_FRAUDULENT_TRANSACTION,1,1,769,0,0,0
pay_00006419,1155.15,UPI,GAMING,10.5_VISA_EASY_PAYMENT,0,1,372,0,0,1
pay_00006420,6781.32,CREDIT_CARD,DIGITAL_SERVICES,13.3_NOT_AS_DESCRIBED,1,1,204,0,0,0
pay_00006421,1039.01,UPI,DIGITAL_SERVICES,13.3_NOT_AS_DESCRIBED,1,2,320,0,0,0
pay_00006422,190.0,UPI,DIGITAL_SERVICES,10.5_VISA_EASY_PAYMENT,1,0,139,0,0,0
pay_00006423,556.27,DEBIT_CARD,ELECTRONICS,13.1_MERCHANDISE_NOT_RECEIVED,0,2,175,0,0,0
pay_00006424,959.24,CREDIT_CARD,DIGITAL_SERVICES,10.4_FRAUDULENT_TRANSACTION,1,0,777,0,0,0
pay_00006425,356.01,CREDIT_CARD,DIGITAL_SERVICES,10.4_FRAUDULENT_TRANSACTION,1,0,492,0,0,1
pay_00006426,4522.28,UPI,DIGITAL_SERVICES,13.3_NOT_AS_DESCRIBED,1,1,609,0,0,0
pay_00006427,2284.1,CREDIT_CARD,RETAIL,13.3_NOT_AS_DESCRIBED,1,0,182,1,0,1
pay_00006428,568.55,UPI,TRAVEL,13.1_MERCHANDISE_NOT_RECEIVED,1,0,630,0,0,0
pay_00006429,1440.34,CREDIT_CARD,GAMING,10.4_FRAUDULENT_TRANSACTION,1,0,923,0,0,1
pay_00006430,2017.23,UPI,TRAVEL,13.3_NOT_AS_DESCRIBED,1,1,738,0,0,0
pay_00006431,4352.43,DEBIT_CARD,DIGITAL_SERVICES,13.1_MERCHANDISE_NOT_RECEIVED,1,0,497,0,0,0
pay_00006432,3300.98,DEBIT_CARD,GAMING,10.4_FRAUDULENT_TRANSACTION,0,0,129,0,0,0
pay_00006433,1186.0,UPI,GAMING,10.4_FRAUDULENT_TRANSACTION,1,1,522,0,1,0
pay_00006434,2335.17,UPI,TRAVEL,10.5_VISA_EASY_PAYMENT,1,0,653,0,0,0
pay_00006435,1338.8,CREDIT_CARD,TRAVEL,10.4_FRAUDULENT_TRANSACTION,1,0,669,0,0,1
pay_00006436,1306.8,CREDIT_CARD,TRAVEL,10.4_FRAUDULENT_TRANSACTION,1,0,623,0,0,0
pay_00006437,282.81,DEBIT_CARD,TRAVEL,10.4_FRAUDULENT_TRANSACTION,1,3,261,0,0,1
pay_00006438,302.25,CREDIT_CARD,ELECTRONICS,10.4_FRAUDULENT_TRANSACTION,1,1,971,0,0,1
pay_00006439,1231.05,UPI,RETAIL,10.4_FRAUDULENT_TRANSACTION,1,0,53,0,0,0
pay_00006440,569.73,UPI,RETAIL,13.3_NOT_AS_DESCRIBED,1,0,91,2,0,0
pay_00006441,131.89,UPI,DIGITAL_SERVICES,10.4_FRAUDULENT_TRANSACTION,1,0,250,0,0,0
pay_00006442,2024.74,UPI,ELECTRONICS,13.3_NOT_AS_DESCRIBED,1,0,679,0,0,0
pay_00006443,149.54,CREDIT_CARD,GAMING,10.4_FRAUDULENT_TRANSACTION,1,2,761,0,0,0
pay_00006444,1456.83,UPI,TRAVEL,10.5_VISA_EASY_PAYMENT,1,0,228,1,0,0
pay_00006445,1262.17,NETBANKING,DIGITAL_SERVICES,10.4_FRAUDULENT_TRANSACTION,1,1,436,0,0,0
pay_00006446,5301.71,DEBIT_CARD,GAMING,13.1_MERCHANDISE_NOT_RECEIVED,1,2,731,0,0,0
pay_00006447,1093.09,NETBANKING,RETAIL,10.4_FRAUDULENT_TRANSACTION,1,4,747,0,0,0
pay_00006448,198.57,NETBANKING,GAMING,10.4_FRAUDULENT_TRANSACTION,1,0,615,0,0,0
pay_00006449,1303.4,UPI,TRAVEL,10.4_FRAUDULENT_TRANSACTION,1,1,558,0,0,0
pay_00006450,2859.18,DEBIT_CARD,TRAVEL,13.1_MERCHANDISE_NOT_RECEIVED,1,2,89,0,0,0
pay_00006451,8740.19,UPI,RETAIL,10.4_FRAUDULENT_TRANSACTION,1,1,295,0,0,0
pay_00006452,944.08,UPI,TRAVEL,13.3_NOT_AS_DESCRIBED,1,0,856,0,1,0
pay_00006453,679.15,DEBIT_CARD,ELECTRONICS,10.4_FRAUDULENT_TRANSACTION,1,0,42,1,0,0
pay_00006454,3657.15,UPI,DIGITAL_SERVICES,10.4_FRAUDULENT_TRANSACTION,1,1,688,1,0,0
pay_00006455,418.38,WALLET,RETAIL,10.4_FRAUDULENT_TRANSACTION,1,0,543,0,1,0
pay_00006456,1533.44,CREDIT_CARD,RETAIL,13.1_MERCHANDISE_NOT_RECEIVED,1,0,583,0,0,1
pay_00006457,880.59,DEBIT_CARD,GAMING,10.4_FRAUDULENT_TRANSACTION,1,0,473,0,0,0
pay_00006458,162.93,UPI,RETAIL,10.4_FRAUDULENT_TRANSACTION,1,1,470,0,0,0
pay_00006459,739.93,CREDIT_CARD,DIGITAL_SERVICES,13.1_MERCHANDISE_NOT_RECEIVED,1,0,75,0,0,0
pay_00006460,562.29,UPI,ELECTRONICS,10.4_FRAUDULENT_TRANSACTION,1,1,793,0,0,0
pay_00006461,1837.98,DEBIT_CARD,GAMING,13.1_MERCHANDISE_NOT_RECEIVED,1,0,979,1,0,0
pay_00006462,4557.75,UPI,DIGITAL_SERVICES,10.4_FRAUDULENT_TRANSACTION,1,1,388,0,0,0
pay_00006463,568.06,CREDIT_CARD,RETAIL,13.1_MERCHANDISE_NOT_RECEIVED,1,1,729,0,0,0
pay_00006464,2602.71,UPI,TRAVEL,10.5_VISA_EASY_PAYMENT,1,0,482,0,1,1
pay_00006465,185.43,UPI,TRAVEL,10.4_FRAUDULENT_TRANSACTION,1,0,540,0,1,0
pay_00006466,1258.68,UPI,DIGITAL_SERVICES,10.4_FRAUDULENT_TRANSACTION,1,0,976,0,0,0
pay_00006467,209.74,UPI,ELECTRONICS,13.3_NOT_AS_DESCRIBED,0,0,2,0,0,0
pay_00006468,4177.9,DEBIT_CARD,TRAVEL,13.1_MERCHANDISE_NOT_RECEIVED,0,0,538,0,0,0
pay_00006469,2280.9,UPI,DIGITAL_SERVICES,10.4_FRAUDULENT_TRANSACTION,1,1,840,0,0,0
pay_00006470,1709.2,UPI,GAMING,13.1_MERCHANDISE_NOT_RECEIVED,1,1,171,0,0,0
pay_00006471,2705.02,CREDIT_CARD,RETAIL,10.4_FRAUDULENT_TRANSACTION,0,0,474,0,0,1
pay_00006472,1664.14,UPI,ELECTRONICS,13.3_NOT_AS_DESCRIBED,1,1,422,0,0,0
pay_00006473,5307.96,UPI,ELECTRONICS,13.1_MERCHANDISE_NOT_RECEIVED,1,2,533,0,0,0
pay_00006474,1977.42,DEBIT_CARD,GAMING,13.1_MERCHANDISE_NOT_RECEIVED,1,1,818,0,0,0
pay_00006475,3978.59,UPI,ELECTRONICS,10.5_VISA_EASY_PAYMENT,1,0,785,1,0,1
pay_00006476,1192.02,UPI,DIGITAL_SERVICES,13.1_MERCHANDISE_NOT_RECEIVED,1,0,286,0,0,0
pay_00006477,286.75,UPI,ELECTRONICS,13.1_MERCHANDISE_NOT_RECEIVED,1,0,755,0,1,0
pay_00006478,1226.73,UPI,ELECTRONICS,10.5_VISA_EASY_PAYMENT,1,1,811,0,0,0
pay_00006479,303.51,CREDIT_CARD,ELECTRONICS,10.4_FRAUDULENT_TRANSACTION,1,0,38,0,0,0
pay_00006480,1446.55,UPI,DIGITAL_SERVICES,10.4_FRAUDULENT_TRANSACTION,1,1,125,0,0,0
pay_00006481,1088.1,DEBIT_CARD,RETAIL,10.4_FRAUDULENT_TRANSACTION,1,1,315,0,0,0
pay_00006482,1561.58,UPI,TRAVEL,10.5_VISA_EASY_PAYMENT,1,0,571,0,0,0
pay_00006483,115.15,UPI,ELECTRONICS,13.1_MERCHANDISE_NOT_RECEIVED,1,0,44,0,0,0
pay_00006484,425.07,UPI,GAMING,10.4_FRAUDULENT_TRANSACTION,1,0,332,0,0,0
pay_00006485,1113.93,CREDIT_CARD,GAMING,10.4_FRAUDULENT_TRANSACTION,1,0,543,0,0,0
pay_00006486,4608.78,WALLET,DIGITAL_SERVICES,10.4_FRAUDULENT_TRANSACTION,1,0,748,0,0,0
pay_00006487,825.81,CREDIT_CARD,RETAIL,10.4_FRAUDULENT_TRANSACTION,1,1,165,0,1,0
pay_00006488,928.44,WALLET,ELECTRONICS,10.5_VISA_EASY_PAYMENT,1,0,358,1,0,0
pay_00006489,1981.3,UPI,DIGITAL_SERVICES,13.1_MERCHANDISE_NOT_RECEIVED,1,0,815,0,0,0
pay_00006490,1488.73,UPI,TRAVEL,10.5_VISA_EASY_PAYMENT,1,0,763,0,0,0
pay_00006491,632.71,UPI,RETAIL,10.4_FRAUDULENT_TRANSACTION,1,0,512,1,0,0
pay_00006492,893.53,UPI,RETAIL,13.1_MERCHANDISE_NOT_RECEIVED,1,1,711,0,0,0
pay_00006493,468.28,UPI,DIGITAL_SERVICES,10.4_FRAUDULENT_TRANSACTION,0,0,455,0,0,0
pay_00006494,5173.04,UPI,GAMING,13.3_NOT_AS_DESCRIBED,1,1,931,0,0,0
pay_00006495,309.99,UPI,RETAIL,10.5_VISA_EASY_PAYMENT,1,0,219,0,0,0
pay_00006496,797.43,UPI,GAMING,10.5_VISA_EASY_PAYMENT,1,1,666,0,0,0
pay_00006497,139.27,UPI,RETAIL,13.1_MERCHANDISE_NOT_RECEIVED,1,2,184,0,0,0
pay_00006498,476.12,UPI,RETAIL,10.4_FRAUDULENT_TRANSACTION,1,1,383,0,0,0
pay_00006499,2374.41,NETBANKING,RETAIL,13.1_MERCHANDISE_NOT_RECEIVED,1,0,299,0,0,0
pay_00006500,436.92,UPI,TRAVEL,10.4_FRAUDULENT_TRANSACTION,1,0,403,0,0,0
pay_00006501,225.18,DEBIT_CARD,GAMING,10.4_FRAUDULENT_TRANSACTION,1,0,662,0,0,0
pay_00006502,1064.97,CREDIT_CARD,TRAVEL,10.4_FRAUDULENT_TRANSACTION,1,0,441,2,0,0
pay_00006503,115.03,UPI,GAMING,10.4_FRAUDULENT_TRANSACTION,1,0,577,1,0,0
pay_00006504,232.86,UPI,TRAVEL,13.1_MERCHANDISE_NOT_RECEIVED,1,0,379,0,0,0
pay_00006505,2572.47,UPI,TRAVEL,10.4_FRAUDULENT_TRANSACTION,1,0,674,1,0,0
pay_00006506,2314.15,CREDIT_CARD,TRAVEL,10.4_FRAUDULENT_TRANSACTION,1,0,562,0,1,1
pay_00006507,3800.11,UPI,DIGITAL_SERVICES,10.4_FRAUDULENT_TRANSACTION,1,0,672,0,0,0
pay_00006508,2991.53,UPI,TRAVEL,13.1_MERCHANDISE_NOT_RECEIVED,1,2,309,0,0,0
pay_00006509,1824.11,UPI,RETAIL,13.1_MERCHANDISE_NOT_RECEIVED,1,0,989,0,0,0
pay_00006510,180.63,NETBANKING,ELECTRONICS,10.4_FRAUDULENT_TRANSACTION,1,1,470,0,0,0
pay_00006511,2390.74,UPI,TRAVEL,13.3_NOT_AS_DESCRIBED,1,0,51,0,0,0
pay_00006512,2901.45,CREDIT_CARD,ELECTRONICS,13.1_MERCHANDISE_NOT_RECEIVED,1,0,276,0,0,0
pay_00006513,2507.29,UPI,ELECTRONICS,10.4_FRAUDULENT_TRANSACTION,0,1,954,0,0,0
pay_00006514,1165.38,NETBANKING,RETAIL,13.1_MERCHANDISE_NOT_RECEIVED,1,2,860,0,0,0
pay_00006515,497.71,CREDIT_CARD,ELECTRONICS,13.1_MERCHANDISE_NOT_RECEIVED,1,0,557,0,0,0
pay_00006516,2899.69,UPI,ELECTRONICS,10.4_FRAUDULENT_TRANSACTION,1,0,434,0,0,0
pay_00006517,2048.32,NETBANKING,ELECTRONICS,13.1_MERCHANDISE_NOT_RECEIVED,1,0,380,0,0,0
pay_00006518,6026.24,DEBIT_CARD,GAMING,13.1_MERCHANDISE_NOT_RECEIVED,1,0,115,0,0,0
pay_00006519,353.86,UPI,TRAVEL,10.4_FRAUDULENT_TRANSACTION,0,1,860,0,0,0
pay_00006520,483.63,UPI,TRAVEL,13.1_MERCHANDISE_NOT_RECEIVED,1,0,136,0,0,0
pay_00006521,457.0,DEBIT_CARD,ELECTRONICS,13.1_MERCHANDISE_NOT_RECEIVED,1,1,367,2,0,0
pay_00006522,2459.22,DEBIT_CARD,RETAIL,10.4_FRAUDULENT_TRANSACTION,1,2,21,0,0,0
pay_00006523,410.37,CREDIT_CARD,GAMING,13.3_NOT_AS_DESCRIBED,1,0,530,0,0,0
pay_00006524,203.48,CREDIT_CARD,RETAIL,10.4_FRAUDULENT_TRANSACTION,1,0,362,0,0,0
pay_00006525,9915.51,CREDIT_CARD,RETAIL,10.4_FRAUDULENT_TRANSACTION,1,1,271,0,0,0
pay_00006526,137.7,UPI,ELECTRONICS,13.1_MERCHANDISE_NOT_RECEIVED,1,0,906,0,0,0
pay_00006527,2804.94,CREDIT_CARD,DIGITAL_SERVICES,13.1_MERCHANDISE_NOT_RECEIVED,1,0,219,0,0,0
pay_00006528,782.06,UPI,ELECTRONICS,10.4_FRAUDULENT_TRANSACTION,1,1,319,2,0,0
pay_00006529,2864.09,WALLET,DIGITAL_SERVICES,13.3_NOT_AS_DESCRIBED,1,0,466,0,0,0
pay_00006530,1313.24,DEBIT_CARD,GAMING,13.3_NOT_AS_DESCRIBED,1,0,404,0,0,0
pay_00006531,3578.55,CREDIT_CARD,DIGITAL_SERVICES,13.3_NOT_AS_DESCRIBED,1,1,121,1,0,0
pay_00006532,4009.45,UPI,ELECTRONICS,10.4_FRAUDULENT_TRANSACTION,1,1,62,0,0,0
pay_00006533,113.71,UPI,ELECTRONICS,13.3_NOT_AS_DESCRIBED,1,2,998,1,0,0
pay_00006534,217.61,UPI,RETAIL,13.3_NOT_AS_DESCRIBED,0,1,97,0,0,1
pay_00006535,532.24,CREDIT_CARD,ELECTRONICS,10.5_VISA_EASY_PAYMENT,1,0,763,0,0,0
pay_00006536,1759.89,CREDIT_CARD,ELECTRONICS,10.5_VISA_EASY_PAYMENT,1,2,436,1,0,0
pay_00006537,3387.53,UPI,TRAVEL,10.4_FRAUDULENT_TRANSACTION,1,0,414,0,0,0
pay_00006538,1024.12,CREDIT_CARD,TRAVEL,10.4_FRAUDULENT_TRANSACTION,1,0,899,1,0,0
pay_00006539,1500.82,DEBIT_CARD,RETAIL,10.4_FRAUDULENT_TRANSACTION,0,0,129,0,0,0
pay_00006540,413.31,UPI,DIGITAL_SERVICES,10.4_FRAUDULENT_TRANSACTION,1,0,246,0,1,0
pay_00006541,2551.88,UPI,DIGITAL_SERVICES,13.3_NOT_AS_DESCRIBED,1,1,10,0,0,0
pay_00006542,5231.86,DEBIT_CARD,TRAVEL,13.1_MERCHANDISE_NOT_RECEIVED,1,0,817,0,0,0
pay_00006543,569.19,CREDIT_CARD,GAMING,13.3_NOT_AS_DESCRIBED,1,0,577,0,1,1
pay_00006544,1124.28,CREDIT_CARD,TRAVEL,10.4_FRAUDULENT_TRANSACTION,1,0,759,0,0,0
pay_00006545,235.08,CREDIT_CARD,GAMING,10.4_FRAUDULENT_TRANSACTION,1,0,417,0,0,0
pay_00006546,1328.53,WALLET,DIGITAL_SERVICES,10.4_FRAUDULENT_TRANSACTION,1,1,891,0,0,0
pay_00006547,1148.09,UPI,TRAVEL,13.1_MERCHANDISE_NOT_RECEIVED,0,1,349,1,0,0
pay_00006548,333.99,UPI,ELECTRONICS,13.3_NOT_AS_DESCRIBED,1,1,419,1,0,1
pay_00006549,975.27,UPI,GAMING,13.3_NOT_AS_DESCRIBED,1,1,165,0,0,0
pay_00006550,709.93,UPI,GAMING,10.4_FRAUDULENT_TRANSACTION,1,1,179,0,1,0
pay_00006551,1206.69,UPI,GAMING,10.5_VISA_EASY_PAYMENT,1,0,991,0,0,0
pay_00006552,1421.58,UPI,DIGITAL_SERVICES,10.4_FRAUDULENT_TRANSACTION,0,0,54,0,0,0
pay_00006553,112.8,WALLET,RETAIL,13.1_MERCHANDISE_NOT_RECEIVED,1,0,319,0,0,0
pay_00006554,2246.98,NETBANKING,ELECTRONICS,10.4_FRAUDULENT_TRANSACTION,1,1,46,0,0,0
pay_00006555,1972.48,UPI,TRAVEL,10.4_FRAUDULENT_TRANSACTION,1,1,430,0,0,0
pay_00006556,784.24,CREDIT_CARD,GAMING,10.5_VISA_EASY_PAYMENT,1,0,377,0,0,0
pay_00006557,181.58,CREDIT_CARD,DIGITAL_SERVICES,13.3_NOT_AS_DESCRIBED,1,1,178,0,1,1
pay_00006558,2209.33,DEBIT_CARD,GAMING,10.4_FRAUDULENT_TRANSACTION,1,0,519,0,0,1
pay_00006559,4757.49,CREDIT_CARD,TRAVEL,10.4_FRAUDULENT_TRANSACTION,0,1,596,0,0,0
pay_00006560,511.95,UPI,ELECTRONICS,10.4_FRAUDULENT_TRANSACTION,1,0,128,0,0,0
pay_00006561,686.29,DEBIT_CARD,GAMING,10.4_FRAUDULENT_TRANSACTION,1,0,957,1,0,0
pay_00006562,404.67,DEBIT_CARD,DIGITAL_SERVICES,13.1_MERCHANDISE_NOT_RECEIVED,0,0,491,0,1,0
pay_00006563,1390.35,CREDIT_CARD,DIGITAL_SERVICES,13.1_MERCHANDISE_NOT_RECEIVED,0,0,726,0,0,1
pay_00006564,352.35,NETBANKING,RETAIL,10.4_FRAUDULENT_TRANSACTION,1,0,234,0,0,0
pay_00006565,760.54,NETBANKING,DIGITAL_SERVICES,10.4_FRAUDULENT_TRANSACTION,1,0,12,0,0,0
pay_00006566,1891.1,CREDIT_CARD,RETAIL,10.4_FRAUDULENT_TRANSACTION,1,0,586,0,0,0
pay_00006567,1331.87,CREDIT_CARD,ELECTRONICS,10.4_FRAUDULENT_TRANSACTION,0,1,550,0,0,0
pay_00006568,832.77,WALLET,TRAVEL,13.3_NOT_AS_DESCRIBED,1,1,863,0,0,0
pay_00006569,917.74,UPI,RETAIL,10.5_VISA_EASY_PAYMENT,1,1,488,0,0,1
pay_00006570,1338.68,UPI,GAMING,10.4_FRAUDULENT_TRANSACTION,1,0,935,0,0,0
pay_00006571,108.82,UPI,GAMING,10.4_FRAUDULENT_TRANSACTION,0,0,661,0,1,0
pay_00006572,222.64,NETBANKING,TRAVEL,10.4_FRAUDULENT_TRANSACTION,1,0,407,0,0,0
pay_00006573,3296.2,DEBIT_CARD,DIGITAL_SERVICES,10.4_FRAUDULENT_TRANSACTION,1,2,479,0,0,0
pay_00006574,221.62,UPI,GAMING,10.4_FRAUDULENT_TRANSACTION,1,0,940,1,0,0
pay_00006575,1940.37,WALLET,RETAIL,10.5_VISA_EASY_PAYMENT,1,2,684,0,0,0
pay_00006576,3889.31,DEBIT_CARD,TRAVEL,13.3_NOT_AS_DESCRIBED,1,0,990,0,0,0
pay_00006577,573.47,NETBANKING,GAMING,10.4_FRAUDULENT_TRANSACTION,1,0,214,0,0,0
pay_00006578,794.22,UPI,DIGITAL_SERVICES,10.4_FRAUDULENT_TRANSACTION,1,0,749,0,0,0
pay_00006579,1362.2,CREDIT_CARD,DIGITAL_SERVICES,10.4_FRAUDULENT_TRANSACTION,1,0,21,2,0,0
pay_00006580,3301.91,CREDIT_CARD,GAMING,10.4_FRAUDULENT_TRANSACTION,0,0,873,2,0,1
pay_00006581,4368.53,CREDIT_CARD,TRAVEL,13.1_MERCHANDISE_NOT_RECEIVED,0,0,468,0,0,0
pay_00006582,2118.09,CREDIT_CARD,ELECTRONICS,13.1_MERCHANDISE_NOT_RECEIVED,1,2,860,0,0,0
pay_00006583,235.9,DEBIT_CARD,GAMING,10.4_FRAUDULENT_TRANSACTION,1,2,743,0,0,0
pay_00006584,1759.15,UPI,DIGITAL_SERVICES,13.3_NOT_AS_DESCRIBED,1,0,445,0,0,0
pay_00006585,892.22,DEBIT_CARD,ELECTRONICS,13.1_MERCHANDISE_NOT_RECEIVED,1,0,720,0,0,0
pay_00006586,1054.3,UPI,TRAVEL,10.4_FRAUDULENT_TRANSACTION,1,1,887,0,0,0
pay_00006587,175.6,UPI,DIGITAL_SERVICES,10.4_FRAUDULENT_TRANSACTION,1,0,211,0,0,0
pay_00006588,418.05,UPI,TRAVEL,10.4_FRAUDULENT_TRANSACTION,1,0,664,0,1,0
pay_00006589,2444.64,UPI,GAMING,13.1_MERCHANDISE_NOT_RECEIVED,1,0,249,0,0,0
pay_00006590,1007.59,UPI,TRAVEL,13.1_MERCHANDISE_NOT_RECEIVED,1,0,107,0,0,0
pay_00006591,638.58,DEBIT_CARD,DIGITAL_SERVICES,13.3_NOT_AS_DESCRIBED,1,2,671,0,0,0
pay_00006592,826.81,CREDIT_CARD,GAMING,13.3_NOT_AS_DESCRIBED,1,1,517,0,0,0
pay_00006593,2990.33,UPI,DIGITAL_SERVICES,13.3_NOT_AS_DESCRIBED,1,1,465,0,0,0
pay_00006594,2173.45,CREDIT_CARD,DIGITAL_SERVICES,13.1_MERCHANDISE_NOT_RECEIVED,1,0,705,1,0,1
pay_00006595,576.83,UPI,ELECTRONICS,13.1_MERCHANDISE_NOT_RECEIVED,1,2,677,0,0,1
pay_00006596,287.5,UPI,RETAIL,13.3_NOT_AS_DESCRIBED,1,0,606,1,0,1
pay_00006597,535.52,CREDIT_CARD,TRAVEL,10.4_FRAUDULENT_TRANSACTION,1,0,288,0,0,0
pay_00006598,3902.84,CREDIT_CARD,TRAVEL,10.4_FRAUDULENT_TRANSACTION,1,0,992,0,0,0
pay_00006599,1406.94,DEBIT_CARD,ELECTRONICS,10.4_FRAUDULENT_TRANSACTION,1,1,706,0,0,0
pay_00006600,1243.68,UPI,TRAVEL,13.1_MERCHANDISE_NOT_RECEIVED,1,0,802,0,1,0
pay_00006601,1460.97,DEBIT_CARD,ELECTRONICS,13.3_NOT_AS_DESCRIBED,1,1,748,0,0,0
pay_00006602,783.63,CREDIT_CARD,TRAVEL,10.4_FRAUDULENT_TRANSACTION,1,0,29,0,0,0
pay_00006603,2568.43,WALLET,TRAVEL,13.1_MERCHANDISE_NOT_RECEIVED,1,0,118,0,0,0
pay_00006604,1211.26,UPI,DIGITAL_SERVICES,10.4_FRAUDULENT_TRANSACTION,1,0,133,0,0,0
pay_00006605,286.22,CREDIT_CARD,ELECTRONICS,10.5_VISA_EASY_PAYMENT,1,2,158,1,0,0
pay_00006606,307.28,CREDIT_CARD,TRAVEL,13.1_MERCHANDISE_NOT_RECEIVED,1,0,619,0,0,0
pay_00006607,1254.59,WALLET,RETAIL,10.5_VISA_EASY_PAYMENT,1,0,173,0,0,0
pay_00006608,4236.73,UPI,ELECTRONICS,10.4_FRAUDULENT_TRANSACTION,0,0,658,0,0,1
pay_00006609,653.02,CREDIT_CARD,ELECTRONICS,10.5_VISA_EASY_PAYMENT,0,0,334,0,0,1
pay_00006610,3155.05,UPI,ELECTRONICS,10.4_FRAUDULENT_TRANSACTION,0,0,421,0,0,0
pay_00006611,2266.49,CREDIT_CARD,DIGITAL_SERVICES,13.1_MERCHANDISE_NOT_RECEIVED,1,0,779,0,0,1
pay_00006612,527.15,UPI,ELECTRONICS,10.4_FRAUDULENT_TRANSACTION,1,2,260,0,0,0
pay_00006613,155.53,UPI,DIGITAL_SERVICES,13.3_NOT_AS_DESCRIBED,1,1,982,0,0,0
pay_00006614,261.12,CREDIT_CARD,RETAIL,10.5_VISA_EASY_PAYMENT,1,0,881,0,0,0
pay_00006615,2055.66,UPI,GAMING,13.3_NOT_AS_DESCRIBED,1,0,558,0,0,0
pay_00006616,434.1,UPI,DIGITAL_SERVICES,13.1_MERCHANDISE_NOT_RECEIVED,1,2,892,0,0,0
pay_00006617,796.08,UPI,TRAVEL,10.4_FRAUDULENT_TRANSACTION,1,0,899,0,0,0
pay_00006618,1144.83,UPI,ELECTRONICS,10.4_FRAUDULENT_TRANSACTION,0,1,821,0,0,0
pay_00006619,2039.03,WALLET,GAMING,10.4_FRAUDULENT_TRANSACTION,0,1,664,0,0,0
pay_00006620,280.26,CREDIT_CARD,DIGITAL_SERVICES,10.4_FRAUDULENT_TRANSACTION,1,0,866,0,1,0
pay_00006621,882.24,DEBIT_CARD,TRAVEL,13.3_NOT_AS_DESCRIBED,1,0,136,0,1,0
pay_00006622,1095.59,UPI,GAMING,13.3_NOT_AS_DESCRIBED,1,0,216,0,0,0
pay_00006623,1267.49,NETBANKING,RETAIL,10.5_VISA_EASY_PAYMENT,1,0,464,0,0,0
pay_00006624,2658.6,UPI,DIGITAL_SERVICES,10.4_FRAUDULENT_TRANSACTION,0,0,646,0,0,1
pay_00006625,382.53,CREDIT_CARD,DIGITAL_SERVICES,13.1_MERCHANDISE_NOT_RECEIVED,0,1,853,0,0,1
pay_00006626,2574.07,UPI,RETAIL,13.1_MERCHANDISE_NOT_RECEIVED,1,0,224,0,0,0
pay_00006627,1870.77,DEBIT_CARD,DIGITAL_SERVICES,13.1_MERCHANDISE_NOT_RECEIVED,1,0,743,1,0,0
pay_00006628,1317.46,CREDIT_CARD,ELECTRONICS,10.4_FRAUDULENT_TRANSACTION,1,1,854,0,0,0
pay_00006629,1903.6,UPI,DIGITAL_SERVICES,13.3_NOT_AS_DESCRIBED,0,0,495,1,0,1
pay_00006630,896.59,UPI,ELECTRONICS,10.4_FRAUDULENT_TRANSACTION,0,0,713,0,0,0
pay_00006631,323.44,CREDIT_CARD,DIGITAL_SERVICES,10.4_FRAUDULENT_TRANSACTION,1,1,18,0,0,1
pay_00006632,1743.87,UPI,TRAVEL,13.3_NOT_AS_DESCRIBED,1,0,204,0,0,0
pay_00006633,1215.63,UPI,TRAVEL,10.5_VISA_EASY_PAYMENT,1,0,134,0,0,0
pay_00006634,1629.87,UPI,GAMING,13.3_NOT_AS_DESCRIBED,1,1,347,0,0,0
pay_00006635,718.73,CREDIT_CARD,TRAVEL,10.4_FRAUDULENT_TRANSACTION,1,1,108,0,0,0
pay_00006636,3660.58,DEBIT_CARD,RETAIL,10.4_FRAUDULENT_TRANSACTION,1,0,423,0,0,0
pay_00006637,1427.81,UPI,GAMING,10.4_FRAUDULENT_TRANSACTION,1,0,879,0,0,0
pay_00006638,233.91,UPI,TRAVEL,10.5_VISA_EASY_PAYMENT,1,1,513,1,0,0
pay_00006639,996.22,DEBIT_CARD,ELECTRONICS,10.4_FRAUDULENT_TRANSACTION,0,0,15,0,1,0
pay_00006640,2218.07,CREDIT_CARD,DIGITAL_SERVICES,10.5_VISA_EASY_PAYMENT,1,0,654,1,0,0
pay_00006641,2470.8,UPI,TRAVEL,10.5_VISA_EASY_PAYMENT,1,1,505,0,0,0
pay_00006642,1123.6,DEBIT_CARD,ELECTRONICS,13.3_NOT_AS_DESCRIBED,1,0,589,0,0,0
pay_00006643,3477.09,UPI,GAMING,10.4_FRAUDULENT_TRANSACTION,1,0,504,0,0,0
pay_00006644,567.28,UPI,DIGITAL_SERVICES,10.4_FRAUDULENT_TRANSACTION,1,0,853,0,1,0
pay_00006645,892.97,WALLET,TRAVEL,13.3_NOT_AS_DESCRIBED,1,0,174,1,0,1
pay_00006646,3532.98,NETBANKING,GAMING,13.3_NOT_AS_DESCRIBED,1,0,111,0,0,0
pay_00006647,3498.75,UPI,TRAVEL,10.5_VISA_EASY_PAYMENT,1,0,117,0,0,0
pay_00006648,1836.17,UPI,GAMING,10.4_FRAUDULENT_TRANSACTION,1,0,41,1,0,0
pay_00006649,3038.29,UPI,TRAVEL,13.1_MERCHANDISE_NOT_RECEIVED,1,1,882,0,0,0
pay_00006650,239.45,UPI,ELECTRONICS,13.1_MERCHANDISE_NOT_RECEIVED,1,0,6,0,0,0
pay_00006651,3103.66,UPI,RETAIL,10.4_FRAUDULENT_TRANSACTION,1,2,276,0,0,0
pay_00006652,679.86,UPI,ELECTRONICS,13.1_MERCHANDISE_NOT_RECEIVED,1,2,68,0,0,0
pay_00006653,394.63,NETBANKING,DIGITAL_SERVICES,13.1_MERCHANDISE_NOT_RECEIVED,1,0,808,0,0,0
pay_00006654,510.41,NETBANKING,TRAVEL,10.4_FRAUDULENT_TRANSACTION,1,1,915,3,0,0
pay_00006655,911.85,CREDIT_CARD,RETAIL,10.4_FRAUDULENT_TRANSACTION,0,1,491,1,0,1
pay_00006656,533.91,CREDIT_CARD,RETAIL,10.4_FRAUDULENT_TRANSACTION,1,0,616,0,1,0
pay_00006657,679.75,UPI,DIGITAL_SERVICES,10.4_FRAUDULENT_TRANSACTION,1,3,127,0,0,0
pay_00006658,317.5,UPI,DIGITAL_SERVICES,10.4_FRAUDULENT_TRANSACTION,1,0,586,0,0,0
pay_00006659,626.84,UPI,RETAIL,10.4_FRAUDULENT_TRANSACTION,1,0,125,0,0,0
pay_00006660,1373.94,DEBIT_CARD,DIGITAL_SERVICES,10.5_VISA_EASY_PAYMENT,1,0,837,0,0,0
pay_00006661,974.7,UPI,DIGITAL_SERVICES,13.3_NOT_AS_DESCRIBED,1,1,258,0,0,0
pay_00006662,738.62,NETBANKING,TRAVEL,13.3_NOT_AS_DESCRIBED,1,1,351,0,0,0
pay_00006663,2158.3,CREDIT_CARD,ELECTRONICS,10.4_FRAUDULENT_TRANSACTION,1,0,812,0,0,1
pay_00006664,3459.56,UPI,GAMING,10.4_FRAUDULENT_TRANSACTION,1,0,309,0,0,0
pay_00006665,2220.74,UPI,RETAIL,13.3_NOT_AS_DESCRIBED,1,2,724,0,0,0
pay_00006666,705.2,CREDIT_CARD,GAMING,10.4_FRAUDULENT_TRANSACTION,0,0,249,0,0,0
pay_00006667,2146.46,NETBANKING,RETAIL,13.1_MERCHANDISE_NOT_RECEIVED,1,0,518,0,0,0
pay_00006668,347.28,DEBIT_CARD,RETAIL,10.4_FRAUDULENT_TRANSACTION,1,1,43,0,1,0
pay_00006669,309.44,UPI,ELECTRONICS,10.4_FRAUDULENT_TRANSACTION,1,1,765,0,0,0
pay_00006670,736.12,CREDIT_CARD,RETAIL,13.3_NOT_AS_DESCRIBED,1,0,403,2,0,0
pay_00006671,2573.07,UPI,RETAIL,13.3_NOT_AS_DESCRIBED,0,1,146,0,0,1
pay_00006672,524.24,WALLET,ELECTRONICS,10.5_VISA_EASY_PAYMENT,1,0,286,0,0,0
pay_00006673,198.01,DEBIT_CARD,DIGITAL_SERVICES,10.5_VISA_EASY_PAYMENT,1,0,199,0,0,0
pay_00006674,311.84,CREDIT_CARD,GAMING,13.1_MERCHANDISE_NOT_RECEIVED,1,0,401,0,0,0
pay_00006675,3035.78,UPI,RETAIL,10.4_FRAUDULENT_TRANSACTION,1,1,629,0,0,0
pay_00006676,1606.8,CREDIT_CARD,ELECTRONICS,10.4_FRAUDULENT_TRANSACTION,1,0,181,1,0,1
pay_00006677,537.94,UPI,RETAIL,13.1_MERCHANDISE_NOT_RECEIVED,1,0,964,1,0,0
pay_00006678,1315.52,UPI,ELECTRONICS,10.4_FRAUDULENT_TRANSACTION,1,0,192,0,0,0
pay_00006679,1224.83,UPI,GAMING,13.3_NOT_AS_DESCRIBED,1,0,131,0,0,0
pay_00006680,1698.21,NETBANKING,TRAVEL,13.1_MERCHANDISE_NOT_RECEIVED,1,0,767,0,0,0
pay_00006681,498.27,CREDIT_CARD,DIGITAL_SERVICES,13.1_MERCHANDISE_NOT_RECEIVED,0,0,409,0,0,1
pay_00006682,3097.1,UPI,TRAVEL,13.1_MERCHANDISE_NOT_RECEIVED,0,0,414,0,0,0
pay_00006683,655.22,NETBANKING,ELECTRONICS,10.4_FRAUDULENT_TRANSACTION,1,0,164,0,0,0
pay_00006684,1876.9,UPI,RETAIL,13.3_NOT_AS_DESCRIBED,1,1,334,0,0,0
pay_00006685,124.38,UPI,DIGITAL_SERVICES,13.3_NOT_AS_DESCRIBED,0,0,937,0,1,1
pay_00006686,799.39,UPI,GAMING,13.1_MERCHANDISE_NOT_RECEIVED,1,0,151,0,0,0
pay_00006687,750.13,CREDIT_CARD,DIGITAL_SERVICES,13.3_NOT_AS_DESCRIBED,1,1,761,0,0,1
pay_00006688,1276.2,CREDIT_CARD,RETAIL,10.4_FRAUDULENT_TRANSACTION,1,0,690,0,0,0
pay_00006689,213.28,UPI,TRAVEL,10.5_VISA_EASY_PAYMENT,1,0,114,0,0,0
pay_00006690,2441.91,DEBIT_CARD,ELECTRONICS,10.4_FRAUDULENT_TRANSACTION,0,0,528,0,0,0
pay_00006691,468.43,UPI,TRAVEL,13.3_NOT_AS_DESCRIBED,1,0,604,1,0,0
pay_00006692,1795.33,DEBIT_CARD,DIGITAL_SERVICES,13.3_NOT_AS_DESCRIBED,1,1,972,0,0,0
pay_00006693,2538.44,UPI,RETAIL,10.4_FRAUDULENT_TRANSACTION,1,0,968,2,0,0
pay_00006694,1337.88,DEBIT_CARD,ELECTRONICS,10.5_VISA_EASY_PAYMENT,1,1,670,0,0,0
pay_00006695,2125.71,CREDIT_CARD,RETAIL,10.5_VISA_EASY_PAYMENT,1,0,828,0,0,0
pay_00006696,1726.44,CREDIT_CARD,RETAIL,13.1_MERCHANDISE_NOT_RECEIVED,1,0,361,0,0,0
pay_00006697,758.99,UPI,DIGITAL_SERVICES,13.3_NOT_AS_DESCRIBED,1,1,189,0,0,0
pay_00006698,2582.11,CREDIT_CARD,TRAVEL,10.5_VISA_EASY_PAYMENT,0,0,754,0,0,1
pay_00006699,623.7,UPI,RETAIL,10.4_FRAUDULENT_TRANSACTION,1,0,230,0,0,0
pay_00006700,1370.19,NETBANKING,RETAIL,10.5_VISA_EASY_PAYMENT,1,1,750,0,0,0
pay_00006701,2152.08,UPI,RETAIL,13.1_MERCHANDISE_NOT_RECEIVED,1,1,774,0,0,1
pay_00006702,814.53,UPI,ELECTRONICS,13.3_NOT_AS_DESCRIBED,1,0,295,0,0,0
pay_00006703,640.95,CREDIT_CARD,RETAIL,13.1_MERCHANDISE_NOT_RECEIVED,1,0,517,0,0,0
pay_00006704,1022.46,DEBIT_CARD,RETAIL,13.1_MERCHANDISE_NOT_RECEIVED,1,1,771,0,0,0
pay_00006705,2655.32,UPI,DIGITAL_SERVICES,13.3_NOT_AS_DESCRIBED,0,1,74,1,0,1
pay_00006706,4087.21,NETBANKING,RETAIL,13.1_MERCHANDISE_NOT_RECEIVED,1,0,30,0,0,0
pay_00006707,1281.46,WALLET,RETAIL,10.4_FRAUDULENT_TRANSACTION,1,1,336,0,0,0
pay_00006708,1724.7,CREDIT_CARD,DIGITAL_SERVICES,13.1_MERCHANDISE_NOT_RECEIVED,1,0,267,2,0,0
pay_00006709,3603.8,UPI,ELECTRONICS,13.1_MERCHANDISE_NOT_RECEIVED,1,0,643,1,0,1
pay_00006710,255.62,DEBIT_CARD,TRAVEL,10.4_FRAUDULENT_TRANSACTION,1,1,15,0,0,0
pay_00006711,496.1,UPI,DIGITAL_SERVICES,10.4_FRAUDULENT_TRANSACTION,1,1,428,0,0,0
pay_00006712,1951.13,UPI,ELECTRONICS,10.4_FRAUDULENT_TRANSACTION,1,1,566,0,0,0
pay_00006713,2703.73,NETBANKING,TRAVEL,10.4_FRAUDULENT_TRANSACTION,1,1,641,0,0,0
pay_00006714,3017.67,WALLET,RETAIL,10.4_FRAUDULENT_TRANSACTION,1,0,13,1,1,0
pay_00006715,904.49,NETBANKING,DIGITAL_SERVICES,13.1_MERCHANDISE_NOT_RECEIVED,1,0,575,0,0,0
pay_00006716,240.38,UPI,RETAIL,13.1_MERCHANDISE_NOT_RECEIVED,1,0,880,0,0,0
pay_00006717,963.8,UPI,DIGITAL_SERVICES,10.4_FRAUDULENT_TRANSACTION,1,0,312,2,0,0
pay_00006718,493.48,UPI,TRAVEL,10.4_FRAUDULENT_TRANSACTION,0,0,295,0,0,0
pay_00006719,616.27,UPI,ELECTRONICS,13.1_MERCHANDISE_NOT_RECEIVED,1,0,935,0,0,0
pay_00006720,2319.38,UPI,DIGITAL_SERVICES,13.1_MERCHANDISE_NOT_RECEIVED,1,0,870,0,0,0
pay_00006721,217.8,UPI,ELECTRONICS,10.4_FRAUDULENT_TRANSACTION,1,2,67,0,0,0
pay_00006722,2736.74,CREDIT_CARD,RETAIL,10.4_FRAUDULENT_TRANSACTION,1,0,926,0,0,0
pay_00006723,937.06,DEBIT_CARD,RETAIL,10.4_FRAUDULENT_TRANSACTION,1,1,620,0,0,0
pay_00006724,1459.75,DEBIT_CARD,TRAVEL,13.3_NOT_AS_DESCRIBED,1,0,425,0,0,0
pay_00006725,240.89,DEBIT_CARD,TRAVEL,13.1_MERCHANDISE_NOT_RECEIVED,0,1,90,0,0,1
pay_00006726,717.28,UPI,GAMING,10.4_FRAUDULENT_TRANSACTION,1,1,395,0,0,0
pay_00006727,240.97,UPI,GAMING,10.4_FRAUDULENT_TRANSACTION,1,0,454,2,0,0
pay_00006728,4987.35,DEBIT_CARD,TRAVEL,10.5_VISA_EASY_PAYMENT,1,0,588,0,0,0
pay_00006729,2569.63,CREDIT_CARD,RETAIL,13.1_MERCHANDISE_NOT_RECEIVED,1,0,976,0,0,0
pay_00006730,1023.26,CREDIT_CARD,ELECTRONICS,10.4_FRAUDULENT_TRANSACTION,1,1,630,0,0,0
pay_00006731,479.64,UPI,TRAVEL,10.5_VISA_EASY_PAYMENT,1,0,598,0,0,0
pay_00006732,4164.82,UPI,ELECTRONICS,10.4_FRAUDULENT_TRANSACTION,1,2,790,1,0,0
pay_00006733,733.76,CREDIT_CARD,GAMING,13.1_MERCHANDISE_NOT_RECEIVED,1,0,678,0,0,0
pay_00006734,363.29,NETBANKING,ELECTRONICS,10.4_FRAUDULENT_TRANSACTION,1,0,524,0,0,0
pay_00006735,1342.3,NETBANKING,TRAVEL,10.4_FRAUDULENT_TRANSACTION,1,0,420,0,0,0
pay_00006736,4417.57,CREDIT_CARD,RETAIL,13.1_MERCHANDISE_NOT_RECEIVED,1,2,818,0,0,0
pay_00006737,105.76,CREDIT_CARD,TRAVEL,10.4_FRAUDULENT_TRANSACTION,1,0,273,1,0,1
pay_00006738,507.96,DEBIT_CARD,DIGITAL_SERVICES,10.4_FRAUDULENT_TRANSACTION,1,1,232,0,0,0
pay_00006739,4281.8,CREDIT_CARD,DIGITAL_SERVICES,10.5_VISA_EASY_PAYMENT,1,0,672,0,0,0
pay_00006740,381.46,CREDIT_CARD,DIGITAL_SERVICES,10.4_FRAUDULENT_TRANSACTION,1,0,173,1,0,0
pay_00006741,280.28,NETBANKING,RETAIL,13.1_MERCHANDISE_NOT_RECEIVED,1,1,933,0,0,0
pay_00006742,1366.61,DEBIT_CARD,TRAVEL,10.4_FRAUDULENT_TRANSACTION,0,0,707,1,0,0
pay_00006743,3069.06,NETBANKING,DIGITAL_SERVICES,10.5_VISA_EASY_PAYMENT,1,1,793,0,0,0
pay_00006744,1072.58,UPI,TRAVEL,10.5_VISA_EASY_PAYMENT,1,3,83,0,0,0
pay_00006745,7922.14,CREDIT_CARD,GAMING,10.4_FRAUDULENT_TRANSACTION,1,0,869,0,0,0
pay_00006746,1805.27,DEBIT_CARD,DIGITAL_SERVICES,13.1_MERCHANDISE_NOT_RECEIVED,1,0,626,0,0,0
pay_00006747,215.44,UPI,DIGITAL_SERVICES,13.3_NOT_AS_DESCRIBED,0,0,102,0,0,0
pay_00006748,7507.22,DEBIT_CARD,RETAIL,10.4_FRAUDULENT_TRANSACTION,0,0,105,0,0,1
pay_00006749,886.11,UPI,TRAVEL,13.1_MERCHANDISE_NOT_RECEIVED,1,0,817,1,0,0
pay_00006750,608.26,DEBIT_CARD,RETAIL,10.5_VISA_EASY_PAYMENT,0,1,43,0,0,0
pay_00006751,1324.26,CREDIT_CARD,RETAIL,10.4_FRAUDULENT_TRANSACTION,1,1,239,1,1,0
pay_00006752,644.27,UPI,TRAVEL,13.3_NOT_AS_DESCRIBED,0,1,275,0,0,0
pay_00006753,235.64,UPI,GAMING,10.4_FRAUDULENT_TRANSACTION,1,3,848,0,1,1
pay_00006754,102.14,CREDIT_CARD,TRAVEL,13.1_MERCHANDISE_NOT_RECEIVED,1,1,794,1,0,1
pay_00006755,995.62,CREDIT_CARD,GAMING,10.4_FRAUDULENT_TRANSACTION,0,1,97,0,0,0
pay_00006756,2819.75,UPI,RETAIL,10.4_FRAUDULENT_TRANSACTION,1,0,15,0,0,0
pay_00006757,1374.05,NETBANKING,GAMING,10.4_FRAUDULENT_TRANSACTION,1,0,309,0,0,0
pay_00006758,10810.1,CREDIT_CARD,GAMING,10.4_FRAUDULENT_TRANSACTION,1,0,229,0,0,1
pay_00006759,607.09,CREDIT_CARD,GAMING,13.1_MERCHANDISE_NOT_RECEIVED,0,1,532,0,0,1
pay_00006760,593.7,UPI,DIGITAL_SERVICES,10.4_FRAUDULENT_TRANSACTION,1,0,645,0,0,0
pay_00006761,361.08,NETBANKING,DIGITAL_SERVICES,10.4_FRAUDULENT_TRANSACTION,1,0,832,0,0,0
pay_00006762,368.8,UPI,RETAIL,10.4_FRAUDULENT_TRANSACTION,1,0,432,1,0,1
pay_00006763,603.6,CREDIT_CARD,TRAVEL,10.4_FRAUDULENT_TRANSACTION,1,1,936,0,0,0
pay_00006764,2461.4,DEBIT_CARD,GAMING,13.1_MERCHANDISE_NOT_RECEIVED,1,1,792,0,1,0
pay_00006765,3642.81,UPI,DIGITAL_SERVICES,10.4_FRAUDULENT_TRANSACTION,1,0,838,0,0,0
pay_00006766,5638.56,CREDIT_CARD,TRAVEL,13.3_NOT_AS_DESCRIBED,1,0,908,0,0,0
pay_00006767,496.51,UPI,GAMING,13.1_MERCHANDISE_NOT_RECEIVED,1,0,640,0,1,0
pay_00006768,3296.7,DEBIT_CARD,TRAVEL,13.3_NOT_AS_DESCRIBED,1,1,772,0,0,0
pay_00006769,696.81,CREDIT_CARD,ELECTRONICS,10.4_FRAUDULENT_TRANSACTION,1,1,624,0,0,0
pay_00006770,279.6,NETBANKING,GAMING,13.1_MERCHANDISE_NOT_RECEIVED,1,1,683,0,0,0
pay_00006771,3160.62,NETBANKING,TRAVEL,10.4_FRAUDULENT_TRANSACTION,1,0,973,0,0,0
pay_00006772,1616.34,CREDIT_CARD,GAMING,10.4_FRAUDULENT_TRANSACTION,1,2,692,0,1,0
pay_00006773,370.0,DEBIT_CARD,GAMING,13.3_NOT_AS_DESCRIBED,1,0,405,1,0,0
pay_00006774,942.73,CREDIT_CARD,ELECTRONICS,13.3_NOT_AS_DESCRIBED,1,0,709,0,0,0
pay_00006775,607.95,UPI,TRAVEL,10.4_FRAUDULENT_TRANSACTION,1,0,397,0,0,0
pay_00006776,2102.23,CREDIT_CARD,RETAIL,10.5_VISA_EASY_PAYMENT,0,1,258,2,1,1
pay_00006777,1006.1,NETBANKING,DIGITAL_SERVICES,13.3_NOT_AS_DESCRIBED,1,2,364,2,0,1
pay_00006778,6903.46,UPI,GAMING,10.4_FRAUDULENT_TRANSACTION,1,1,134,0,1,0
pay_00006779,184.45,UPI,GAMING,10.4_FRAUDULENT_TRANSACTION,0,0,93,0,0,0
pay_00006780,757.79,UPI,GAMING,10.4_FRAUDULENT_TRANSACTION,0,0,663,2,0,1
pay_00006781,1086.38,UPI,GAMING,10.4_FRAUDULENT_TRANSACTION,1,1,483,0,1,0
pay_00006782,1149.15,UPI,DIGITAL_SERVICES,10.4_FRAUDULENT_TRANSACTION,1,1,330,0,0,0
pay_00006783,669.56,UPI,RETAIL,10.4_FRAUDULENT_TRANSACTION,1,2,468,1,0,0
pay_00006784,2059.79,UPI,ELECTRONICS,10.4_FRAUDULENT_TRANSACTION,1,1,345,0,0,0
pay_00006785,3216.13,CREDIT_CARD,RETAIL,10.4_FRAUDULENT_TRANSACTION,1,0,676,0,0,0
pay_00006786,4288.44,UPI,DIGITAL_SERVICES,10.4_FRAUDULENT_TRANSACTION,1,2,522,0,0,0
pay_00006787,2552.85,CREDIT_CARD,TRAVEL,10.4_FRAUDULENT_TRANSACTION,1,0,411,1,0,0
pay_00006788,2951.49,NETBANKING,ELECTRONICS,10.4_FRAUDULENT_TRANSACTION,1,1,391,0,0,0
pay_00006789,1299.58,WALLET,ELECTRONICS,13.1_MERCHANDISE_NOT_RECEIVED,1,0,562,0,0,0
pay_00006790,2722.09,CREDIT_CARD,TRAVEL,10.4_FRAUDULENT_TRANSACTION,0,0,789,0,0,0
pay_00006791,642.54,UPI,GAMING,13.3_NOT_AS_DESCRIBED,0,0,86,0,0,0
pay_00006792,862.44,WALLET,DIGITAL_SERVICES,10.5_VISA_EASY_PAYMENT,1,0,46,0,0,0
pay_00006793,671.7,DEBIT_CARD,TRAVEL,10.4_FRAUDULENT_TRANSACTION,1,0,978,0,0,0
pay_00006794,1044.94,UPI,RETAIL,10.4_FRAUDULENT_TRANSACTION,1,2,513,0,0,0
pay_00006795,604.43,UPI,RETAIL,13.1_MERCHANDISE_NOT_RECEIVED,1,0,345,0,0,0
pay_00006796,4989.99,UPI,TRAVEL,10.4_FRAUDULENT_TRANSACTION,1,0,439,0,0,0
pay_00006797,662.79,UPI,DIGITAL_SERVICES,10.4_FRAUDULENT_TRANSACTION,1,0,248,0,0,0
pay_00006798,254.79,UPI,ELECTRONICS,10.4_FRAUDULENT_TRANSACTION,1,0,53,1,1,0
pay_00006799,1222.41,NETBANKING,ELECTRONICS,10.4_FRAUDULENT_TRANSACTION,1,1,405,0,0,0
pay_00006800,188.19,CREDIT_CARD,GAMING,10.4_FRAUDULENT_TRANSACTION,1,1,113,0,1,0
pay_00006801,275.72,CREDIT_CARD,DIGITAL_SERVICES,10.5_VISA_EASY_PAYMENT,0,0,990,0,0,0
pay_00006802,471.52,DEBIT_CARD,RETAIL,10.4_FRAUDULENT_TRANSACTION,1,1,416,1,0,0
pay_00006803,1036.41,DEBIT_CARD,RETAIL,13.1_MERCHANDISE_NOT_RECEIVED,1,1,995,0,0,0
pay_00006804,951.76,NETBANKING,GAMING,10.4_FRAUDULENT_TRANSACTION,1,0,239,1,0,1
pay_00006805,2511.85,WALLET,RETAIL,10.4_FRAUDULENT_TRANSACTION,1,0,14,0,0,0
pay_00006806,2117.58,UPI,GAMING,10.4_FRAUDULENT_TRANSACTION,1,0,807,1,0,0
pay_00006807,933.52,WALLET,GAMING,13.3_NOT_AS_DESCRIBED,1,3,638,0,0,0
pay_00006808,709.03,DEBIT_CARD,TRAVEL,10.4_FRAUDULENT_TRANSACTION,0,0,298,1,0,0
pay_00006809,670.72,UPI,ELECTRONICS,10.4_FRAUDULENT_TRANSACTION,1,0,793,1,1,0
pay_00006810,2330.8,CREDIT_CARD,DIGITAL_SERVICES,10.4_FRAUDULENT_TRANSACTION,1,0,413,0,0,0
pay_00006811,180.22,CREDIT_CARD,DIGITAL_SERVICES,10.4_FRAUDULENT_TRANSACTION,1,1,765,0,0,0
pay_00006812,119.36,NETBANKING,ELECTRONICS,10.4_FRAUDULENT_TRANSACTION,1,0,288,0,0,0
pay_00006813,2481.11,UPI,DIGITAL_SERVICES,13.1_MERCHANDISE_NOT_RECEIVED,1,2,11,0,1,0
pay_00006814,1072.68,CREDIT_CARD,RETAIL,10.4_FRAUDULENT_TRANSACTION,0,0,156,0,0,1
pay_00006815,310.41,UPI,RETAIL,10.4_FRAUDULENT_TRANSACTION,1,2,453,0,0,0
pay_00006816,502.93,UPI,DIGITAL_SERVICES,13.3_NOT_AS_DESCRIBED,1,1,768,0,0,0
pay_00006817,4143.53,UPI,TRAVEL,13.3_NOT_AS_DESCRIBED,1,3,739,1,1,0
pay_00006818,3043.85,CREDIT_CARD,DIGITAL_SERVICES,10.4_FRAUDULENT_TRANSACTION,1,0,281,0,0,0
pay_00006819,1955.7,DEBIT_CARD,GAMING,13.1_MERCHANDISE_NOT_RECEIVED,1,0,52,0,0,0
pay_00006820,1087.32,UPI,GAMING,10.4_FRAUDULENT_TRANSACTION,1,1,681,0,0,0
pay_00006821,1201.97,CREDIT_CARD,ELECTRONICS,13.3_NOT_AS_DESCRIBED,1,0,179,2,0,1
pay_00006822,5648.06,UPI,RETAIL,13.1_MERCHANDISE_NOT_RECEIVED,1,0,647,2,0,0
pay_00006823,5162.0,UPI,TRAVEL,13.1_MERCHANDISE_NOT_RECEIVED,1,0,929,0,0,0
pay_00006824,463.62,CREDIT_CARD,DIGITAL_SERVICES,13.1_MERCHANDISE_NOT_RECEIVED,0,0,554,0,0,0
pay_00006825,2599.84,UPI,GAMING,13.1_MERCHANDISE_NOT_RECEIVED,0,4,987,1,0,1
pay_00006826,429.55,CREDIT_CARD,RETAIL,13.1_MERCHANDISE_NOT_RECEIVED,1,2,876,0,0,0
pay_00006827,460.32,UPI,RETAIL,10.4_FRAUDULENT_TRANSACTION,0,1,623,0,0,1
pay_00006828,1790.95,UPI,TRAVEL,10.4_FRAUDULENT_TRANSACTION,1,0,213,0,0,0
pay_00006829,878.79,CREDIT_CARD,TRAVEL,13.3_NOT_AS_DESCRIBED,1,0,57,2,0,1
pay_00006830,4122.36,CREDIT_CARD,TRAVEL,10.4_FRAUDULENT_TRANSACTION,1,0,987,0,1,0
pay_00006831,239.83,UPI,TRAVEL,10.4_FRAUDULENT_TRANSACTION,1,1,985,0,0,0
pay_00006832,1174.7,CREDIT_CARD,GAMING,13.1_MERCHANDISE_NOT_RECEIVED,1,1,982,0,0,1
pay_00006833,3861.12,DEBIT_CARD,TRAVEL,10.5_VISA_EASY_PAYMENT,1,0,11,1,1,0
pay_00006834,3616.89,DEBIT_CARD,RETAIL,10.4_FRAUDULENT_TRANSACTION,1,1,838,3,1,1
pay_00006835,355.35,UPI,RETAIL,13.3_NOT_AS_DESCRIBED,1,0,323,0,1,0
pay_00006836,785.07,CREDIT_CARD,DIGITAL_SERVICES,10.4_FRAUDULENT_TRANSACTION,1,0,30,0,0,0
pay_00006837,1547.91,CREDIT_CARD,RETAIL,13.1_MERCHANDISE_NOT_RECEIVED,1,0,476,0,0,0
pay_00006838,360.45,UPI,RETAIL,13.3_NOT_AS_DESCRIBED,1,1,361,0,1,0
pay_00006839,5264.07,NETBANKING,GAMING,13.3_NOT_AS_DESCRIBED,1,0,721,0,0,0
pay_00006840,3793.24,NETBANKING,RETAIL,13.3_NOT_AS_DESCRIBED,1,0,23,3,0,0
pay_00006841,373.99,NETBANKING,ELECTRONICS,10.4_FRAUDULENT_TRANSACTION,1,0,819,0,1,0
pay_00006842,293.72,DEBIT_CARD,RETAIL,10.4_FRAUDULENT_TRANSACTION,0,0,738,0,0,0
pay_00006843,233.92,DEBIT_CARD,DIGITAL_SERVICES,10.4_FRAUDULENT_TRANSACTION,1,1,341,0,1,0
pay_00006844,3702.67,CREDIT_CARD,DIGITAL_SERVICES,13.3_NOT_AS_DESCRIBED,1,1,517,1,0,0
pay_00006845,422.81,CREDIT_CARD,TRAVEL,13.3_NOT_AS_DESCRIBED,1,0,818,0,0,0
pay_00006846,907.51,DEBIT_CARD,GAMING,10.4_FRAUDULENT_TRANSACTION,1,1,256,0,0,0
pay_00006847,993.63,CREDIT_CARD,DIGITAL_SERVICES,10.4_FRAUDULENT_TRANSACTION,1,0,172,0,0,0
pay_00006848,1470.73,UPI,ELECTRONICS,13.3_NOT_AS_DESCRIBED,1,3,888,0,0,0
pay_00006849,211.66,UPI,ELECTRONICS,13.1_MERCHANDISE_NOT_RECEIVED,0,1,527,0,1,0
pay_00006850,485.75,NETBANKING,TRAVEL,13.1_MERCHANDISE_NOT_RECEIVED,1,1,622,0,0,0
pay_00006851,4121.17,UPI,GAMING,13.3_NOT_AS_DESCRIBED,0,1,514,0,1,1
pay_00006852,3685.65,CREDIT_CARD,GAMING,10.4_FRAUDULENT_TRANSACTION,1,0,920,0,0,0
pay_00006853,2380.02,WALLET,RETAIL,10.4_FRAUDULENT_TRANSACTION,1,0,694,0,1,1
pay_00006854,129.39,DEBIT_CARD,ELECTRONICS,13.3_NOT_AS_DESCRIBED,1,0,778,0,0,0
pay_00006855,694.03,WALLET,ELECTRONICS,10.4_FRAUDULENT_TRANSACTION,1,0,212,1,0,0
pay_00006856,1583.13,CREDIT_CARD,ELECTRONICS,10.4_FRAUDULENT_TRANSACTION,1,0,803,2,0,0
pay_00006857,582.77,UPI,ELECTRONICS,10.4_FRAUDULENT_TRANSACTION,1,1,382,0,0,0
pay_00006858,3705.05,DEBIT_CARD,DIGITAL_SERVICES,10.4_FRAUDULENT_TRANSACTION,1,1,41,0,0,0
pay_00006859,1607.23,UPI,GAMING,10.4_FRAUDULENT_TRANSACTION,1,0,303,0,1,1
pay_00006860,211.93,UPI,RETAIL,13.1_MERCHANDISE_NOT_RECEIVED,1,0,126,0,1,0
pay_00006861,3695.44,UPI,DIGITAL_SERVICES,10.5_VISA_EASY_PAYMENT,1,0,758,0,0,0
pay_00006862,4846.82,UPI,GAMING,10.4_FRAUDULENT_TRANSACTION,1,1,341,0,0,0
pay_00006863,221.35,UPI,TRAVEL,13.3_NOT_AS_DESCRIBED,1,2,926,0,0,0
pay_00006864,1240.09,UPI,ELECTRONICS,10.4_FRAUDULENT_TRANSACTION,1,0,765,0,0,0
pay_00006865,642.24,CREDIT_CARD,RETAIL,10.4_FRAUDULENT_TRANSACTION,1,1,477,0,0,1
pay_00006866,848.44,DEBIT_CARD,GAMING,13.1_MERCHANDISE_NOT_RECEIVED,1,0,634,0,0,0
pay_00006867,397.04,UPI,TRAVEL,10.5_VISA_EASY_PAYMENT,1,0,867,0,0,0
pay_00006868,1394.38,UPI,ELECTRONICS,10.5_VISA_EASY_PAYMENT,1,0,934,0,0,0
pay_00006869,4854.39,CREDIT_CARD,TRAVEL,10.4_FRAUDULENT_TRANSACTION,1,1,538,0,0,0
pay_00006870,1148.97,CREDIT_CARD,TRAVEL,10.4_FRAUDULENT_TRANSACTION,1,0,532,0,0,1
pay_00006871,229.83,NETBANKING,DIGITAL_SERVICES,10.5_VISA_EASY_PAYMENT,1,1,292,0,0,0
pay_00006872,1551.38,UPI,TRAVEL,10.4_FRAUDULENT_TRANSACTION,1,2,832,0,0,0
pay_00006873,723.78,NETBANKING,DIGITAL_SERVICES,13.1_MERCHANDISE_NOT_RECEIVED,1,0,555,2,0,0
pay_00006874,3006.13,CREDIT_CARD,DIGITAL_SERVICES,10.4_FRAUDULENT_TRANSACTION,1,0,680,0,0,0
pay_00006875,955.54,CREDIT_CARD,TRAVEL,13.1_MERCHANDISE_NOT_RECEIVED,0,0,530,0,0,1
pay_00006876,421.35,UPI,GAMING,10.4_FRAUDULENT_TRANSACTION,1,0,918,0,0,0
pay_00006877,418.13,UPI,TRAVEL,10.4_FRAUDULENT_TRANSACTION,1,2,205,0,0,0
pay_00006878,2296.48,UPI,TRAVEL,13.3_NOT_AS_DESCRIBED,1,1,79,2,0,0
pay_00006879,563.03,UPI,GAMING,10.4_FRAUDULENT_TRANSACTION,1,0,528,0,0,0
pay_00006880,2286.58,CREDIT_CARD,ELECTRONICS,10.4_FRAUDULENT_TRANSACTION,1,0,473,1,0,1
pay_00006881,445.79,DEBIT_CARD,RETAIL,10.4_FRAUDULENT_TRANSACTION,1,1,771,0,0,0
pay_00006882,682.22,DEBIT_CARD,ELECTRONICS,10.4_FRAUDULENT_TRANSACTION,1,1,837,0,0,0
pay_00006883,1039.6,CREDIT_CARD,TRAVEL,10.4_FRAUDULENT_TRANSACTION,1,0,923,0,0,0
pay_00006884,4402.22,CREDIT_CARD,ELECTRONICS,10.4_FRAUDULENT_TRANSACTION,1,1,103,0,0,0
pay_00006885,4126.46,UPI,RETAIL,10.4_FRAUDULENT_TRANSACTION,1,0,97,0,0,0
pay_00006886,447.66,WALLET,ELECTRONICS,10.5_VISA_EASY_PAYMENT,1,1,936,0,0,0
pay_00006887,765.26,CREDIT_CARD,RETAIL,10.4_FRAUDULENT_TRANSACTION,1,0,614,0,0,0
pay_00006888,342.72,UPI,ELECTRONICS,13.1_MERCHANDISE_NOT_RECEIVED,1,1,516,0,0,0
pay_00006889,1169.98,UPI,DIGITAL_SERVICES,13.1_MERCHANDISE_NOT_RECEIVED,1,0,683,0,0,0
pay_00006890,1025.9,CREDIT_CARD,TRAVEL,13.1_MERCHANDISE_NOT_RECEIVED,1,0,614,0,0,0
pay_00006891,3565.32,CREDIT_CARD,RETAIL,13.1_MERCHANDISE_NOT_RECEIVED,0,0,820,1,0,0
pay_00006892,4089.01,UPI,TRAVEL,10.4_FRAUDULENT_TRANSACTION,1,0,248,0,0,0
pay_00006893,825.71,DEBIT_CARD,DIGITAL_SERVICES,10.4_FRAUDULENT_TRANSACTION,1,2,820,2,1,0
pay_00006894,1115.14,DEBIT_CARD,ELECTRONICS,10.4_FRAUDULENT_TRANSACTION,0,1,629,1,0,1
pay_00006895,3498.46,CREDIT_CARD,TRAVEL,13.3_NOT_AS_DESCRIBED,1,1,322,0,0,0
pay_00006896,2565.33,UPI,ELECTRONICS,13.3_NOT_AS_DESCRIBED,1,0,446,1,0,0
pay_00006897,105.49,UPI,ELECTRONICS,13.1_MERCHANDISE_NOT_RECEIVED,1,1,595,0,0,0
pay_00006898,678.63,NETBANKING,TRAVEL,10.4_FRAUDULENT_TRANSACTION,1,2,63,0,0,0
pay_00006899,921.69,NETBANKING,RETAIL,13.1_MERCHANDISE_NOT_RECEIVED,1,0,179,0,0,0
pay_00006900,491.49,UPI,RETAIL,10.4_FRAUDULENT_TRANSACTION,1,1,192,0,0,0
pay_00006901,433.91,UPI,TRAVEL,10.4_FRAUDULENT_TRANSACTION,1,0,722,0,0,0
pay_00006902,157.78,UPI,RETAIL,10.4_FRAUDULENT_TRANSACTION,1,0,636,0,0,0
pay_00006903,1646.58,UPI,GAMING,13.3_NOT_AS_DESCRIBED,1,0,952,0,0,0
pay_00006904,556.75,CREDIT_CARD,ELECTRONICS,13.1_MERCHANDISE_NOT_RECEIVED,0,2,11,0,0,0
pay_00006905,180.65,WALLET,TRAVEL,10.4_FRAUDULENT_TRANSACTION,0,0,163,0,0,0
pay_00006906,493.96,UPI,DIGITAL_SERVICES,10.4_FRAUDULENT_TRANSACTION,1,0,907,0,0,0
pay_00006907,2528.58,UPI,TRAVEL,10.4_FRAUDULENT_TRANSACTION,1,0,417,0,0,0
pay_00006908,2960.65,NETBANKING,TRAVEL,13.1_MERCHANDISE_NOT_RECEIVED,0,1,578,0,0,0
pay_00006909,1089.76,UPI,ELECTRONICS,13.1_MERCHANDISE_NOT_RECEIVED,1,0,385,0,0,0
pay_00006910,906.96,WALLET,DIGITAL_SERVICES,10.4_FRAUDULENT_TRANSACTION,1,0,33,0,0,0
pay_00006911,5815.13,CREDIT_CARD,ELECTRONICS,10.5_VISA_EASY_PAYMENT,1,0,77,0,1,0
pay_00006912,435.77,NETBANKING,RETAIL,13.3_NOT_AS_DESCRIBED,1,0,667,0,0,0
pay_00006913,463.79,UPI,TRAVEL,13.3_NOT_AS_DESCRIBED,1,1,449,0,0,0
pay_00006914,617.69,UPI,ELECTRONICS,10.4_FRAUDULENT_TRANSACTION,1,0,874,0,1,1
pay_00006915,384.49,UPI,GAMING,10.4_FRAUDULENT_TRANSACTION,1,1,221,0,0,0
pay_00006916,815.52,UPI,TRAVEL,10.4_FRAUDULENT_TRANSACTION,1,0,173,0,0,0
pay_00006917,3725.89,UPI,RETAIL,10.4_FRAUDULENT_TRANSACTION,0,0,872,0,0,0
pay_00006918,1533.12,WALLET,ELECTRONICS,13.3_NOT_AS_DESCRIBED,1,0,86,0,0,0
pay_00006919,896.41,DEBIT_CARD,ELECTRONICS,10.4_FRAUDULENT_TRANSACTION,1,1,871,0,0,0
pay_00006920,4186.52,CREDIT_CARD,GAMING,13.3_NOT_AS_DESCRIBED,1,0,596,0,0,1
pay_00006921,174.52,UPI,RETAIL,13.1_MERCHANDISE_NOT_RECEIVED,1,0,300,0,0,0
pay_00006922,454.11,DEBIT_CARD,GAMING,10.4_FRAUDULENT_TRANSACTION,1,0,808,1,0,0
pay_00006923,1351.68,DEBIT_CARD,TRAVEL,13.1_MERCHANDISE_NOT_RECEIVED,1,1,557,0,0,0
pay_00006924,1533.92,UPI,DIGITAL_SERVICES,10.4_FRAUDULENT_TRANSACTION,1,0,642,1,0,0
pay_00006925,160.54,NETBANKING,ELECTRONICS,10.4_FRAUDULENT_TRANSACTION,1,0,681,0,0,0
pay_00006926,873.85,UPI,GAMING,13.3_NOT_AS_DESCRIBED,1,0,436,2,0,0
pay_00006927,1671.11,UPI,ELECTRONICS,13.1_MERCHANDISE_NOT_RECEIVED,1,1,17,0,0,0
pay_00006928,1896.34,UPI,ELECTRONICS,10.4_FRAUDULENT_TRANSACTION,1,0,50,0,0,0
pay_00006929,1624.75,DEBIT_CARD,GAMING,10.5_VISA_EASY_PAYMENT,1,0,504,0,0,0
pay_00006930,679.74,CREDIT_CARD,ELECTRONICS,10.4_FRAUDULENT_TRANSACTION,1,1,880,0,0,0
pay_00006931,247.28,UPI,RETAIL,10.4_FRAUDULENT_TRANSACTION,1,1,681,0,0,0
pay_00006932,935.6,UPI,RETAIL,10.4_FRAUDULENT_TRANSACTION,1,0,901,0,1,1
pay_00006933,306.75,UPI,DIGITAL_SERVICES,10.4_FRAUDULENT_TRANSACTION,1,0,948,0,0,0
pay_00006934,4523.95,UPI,RETAIL,10.4_FRAUDULENT_TRANSACTION,1,0,432,0,0,0
pay_00006935,1067.02,UPI,GAMING,13.3_NOT_AS_DESCRIBED,0,0,858,0,0,1
pay_00006936,672.46,UPI,RETAIL,10.5_VISA_EASY_PAYMENT,1,0,781,0,0,0
pay_00006937,2280.6,UPI,DIGITAL_SERVICES,13.3_NOT_AS_DESCRIBED,1,0,951,0,0,0
pay_00006938,1133.58,NETBANKING,TRAVEL,13.1_MERCHANDISE_NOT_RECEIVED,1,2,162,2,0,0
pay_00006939,656.67,CREDIT_CARD,TRAVEL,13.1_MERCHANDISE_NOT_RECEIVED,1,0,823,0,0,0
pay_00006940,2606.71,DEBIT_CARD,GAMING,13.1_MERCHANDISE_NOT_RECEIVED,1,0,350,0,0,0
pay_00006941,3127.83,UPI,DIGITAL_SERVICES,10.4_FRAUDULENT_TRANSACTION,1,2,940,0,0,0
pay_00006942,1776.73,UPI,RETAIL,13.1_MERCHANDISE_NOT_RECEIVED,1,0,937,0,0,0
pay_00006943,172.15,UPI,DIGITAL_SERVICES,10.5_VISA_EASY_PAYMENT,1,0,2,0,1,0
pay_00006944,1353.18,UPI,ELECTRONICS,10.4_FRAUDULENT_TRANSACTION,1,0,716,0,0,0
pay_00006945,2261.41,UPI,DIGITAL_SERVICES,10.4_FRAUDULENT_TRANSACTION,1,0,184,0,1,0
pay_00006946,320.15,NETBANKING,RETAIL,10.4_FRAUDULENT_TRANSACTION,0,1,854,0,0,0
pay_00006947,489.46,NETBANKING,GAMING,10.4_FRAUDULENT_TRANSACTION,1,2,870,0,0,0
pay_00006948,3311.91,UPI,ELECTRONICS,13.1_MERCHANDISE_NOT_RECEIVED,1,0,781,0,0,0
pay_00006949,130.49,UPI,DIGITAL_SERVICES,13.1_MERCHANDISE_NOT_RECEIVED,0,0,432,0,0,0
pay_00006950,2195.89,WALLET,TRAVEL,10.4_FRAUDULENT_TRANSACTION,0,0,372,0,0,0
pay_00006951,1063.03,UPI,RETAIL,10.4_FRAUDULENT_TRANSACTION,1,0,857,0,0,0
pay_00006952,987.98,CREDIT_CARD,GAMING,13.1_MERCHANDISE_NOT_RECEIVED,1,1,936,0,0,0
pay_00006953,110.68,WALLET,RETAIL,13.1_MERCHANDISE_NOT_RECEIVED,1,2,615,0,0,0
pay_00006954,2667.19,WALLET,DIGITAL_SERVICES,13.3_NOT_AS_DESCRIBED,1,0,444,3,0,0
pay_00006955,769.02,UPI,GAMING,10.4_FRAUDULENT_TRANSACTION,1,1,495,0,0,0
pay_00006956,1267.29,UPI,TRAVEL,10.4_FRAUDULENT_TRANSACTION,1,1,37,0,0,0
pay_00006957,1796.55,UPI,ELECTRONICS,10.4_FRAUDULENT_TRANSACTION,1,0,533,0,0,0
pay_00006958,1919.17,NETBANKING,DIGITAL_SERVICES,10.4_FRAUDULENT_TRANSACTION,1,0,274,0,0,0
pay_00006959,4784.67,NETBANKING,GAMING,10.4_FRAUDULENT_TRANSACTION,0,1,501,0,0,0
pay_00006960,1236.82,CREDIT_CARD,ELECTRONICS,10.4_FRAUDULENT_TRANSACTION,1,1,979,0,0,0
pay_00006961,865.54,DEBIT_CARD,GAMING,13.1_MERCHANDISE_NOT_RECEIVED,1,0,845,0,0,0
pay_00006962,4709.04,DEBIT_CARD,DIGITAL_SERVICES,10.4_FRAUDULENT_TRANSACTION,1,0,183,0,0,0
pay_00006963,1641.3,CREDIT_CARD,GAMING,13.3_NOT_AS_DESCRIBED,1,0,601,0,1,0
pay_00006964,631.05,DEBIT_CARD,TRAVEL,10.4_FRAUDULENT_TRANSACTION,1,1,208,0,0,0
pay_00006965,302.81,CREDIT_CARD,GAMING,10.4_FRAUDULENT_TRANSACTION,1,0,109,0,0,0
pay_00006966,2873.01,CREDIT_CARD,DIGITAL_SERVICES,10.4_FRAUDULENT_TRANSACTION,1,0,762,0,1,1
pay_00006967,774.55,UPI,GAMING,10.5_VISA_EASY_PAYMENT,1,1,575,0,0,0
pay_00006968,1720.29,DEBIT_CARD,ELECTRONICS,10.4_FRAUDULENT_TRANSACTION,1,0,733,0,0,0
pay_00006969,1054.63,UPI,ELECTRONICS,10.4_FRAUDULENT_TRANSACTION,1,0,700,0,0,0
pay_00006970,432.71,UPI,RETAIL,10.4_FRAUDULENT_TRANSACTION,1,1,686,1,0,0
pay_00006971,1480.77,DEBIT_CARD,RETAIL,13.1_MERCHANDISE_NOT_RECEIVED,1,1,16,1,0,1
pay_00006972,193.9,CREDIT_CARD,TRAVEL,13.1_MERCHANDISE_NOT_RECEIVED,0,0,214,0,0,1
pay_00006973,899.97,NETBANKING,ELECTRONICS,10.4_FRAUDULENT_TRANSACTION,1,0,684,0,0,0
pay_00006974,1286.52,UPI,RETAIL,13.1_MERCHANDISE_NOT_RECEIVED,1,1,652,1,0,0
pay_00006975,959.18,CREDIT_CARD,GAMING,10.4_FRAUDULENT_TRANSACTION,1,0,747,0,1,0
pay_00006976,2171.5,UPI,TRAVEL,10.4_FRAUDULENT_TRANSACTION,1,0,320,0,1,0
pay_00006977,2739.74,NETBANKING,DIGITAL_SERVICES,13.1_MERCHANDISE_NOT_RECEIVED,1,0,474,0,0,0
pay_00006978,2312.64,UPI,RETAIL,10.5_VISA_EASY_PAYMENT,1,0,668,0,0,0
pay_00006979,159.38,CREDIT_CARD,RETAIL,13.1_MERCHANDISE_NOT_RECEIVED,1,1,951,1,0,0
pay_00006980,423.75,DEBIT_CARD,ELECTRONICS,10.4_FRAUDULENT_TRANSACTION,1,0,796,0,0,0
pay_00006981,1253.77,UPI,TRAVEL,10.4_FRAUDULENT_TRANSACTION,1,0,87,0,1,1
pay_00006982,4195.95,WALLET,ELECTRONICS,10.5_VISA_EASY_PAYMENT,1,0,615,0,0,0
pay_00006983,2802.32,NETBANKING,ELECTRONICS,10.4_FRAUDULENT_TRANSACTION,1,1,606,0,0,0
pay_00006984,2872.82,UPI,TRAVEL,13.3_NOT_AS_DESCRIBED,1,2,868,0,0,0
pay_00006985,641.9,UPI,GAMING,13.1_MERCHANDISE_NOT_RECEIVED,1,1,934,0,0,0
pay_00006986,941.73,UPI,RETAIL,13.1_MERCHANDISE_NOT_RECEIVED,1,0,951,0,0,0
pay_00006987,1054.32,UPI,ELECTRONICS,10.4_FRAUDULENT_TRANSACTION,1,0,398,0,1,0
pay_00006988,356.84,NETBANKING,RETAIL,10.4_FRAUDULENT_TRANSACTION,1,0,762,0,0,1
pay_00006989,147.34,WALLET,TRAVEL,10.4_FRAUDULENT_TRANSACTION,1,0,671,0,0,1
pay_00006990,4503.45,UPI,GAMING,10.5_VISA_EASY_PAYMENT,1,0,63,0,0,0
pay_00006991,513.06,UPI,DIGITAL_SERVICES,10.4_FRAUDULENT_TRANSACTION,1,2,942,0,1,0
pay_00006992,511.55,CREDIT_CARD,GAMING,13.1_MERCHANDISE_NOT_RECEIVED,1,0,76,0,0,1
pay_00006993,230.59,UPI,TRAVEL,13.1_MERCHANDISE_NOT_RECEIVED,1,0,879,0,0,0
pay_00006994,4057.25,UPI,GAMING,10.4_FRAUDULENT_TRANSACTION,1,1,459,0,0,0
pay_00006995,1400.31,UPI,DIGITAL_SERVICES,13.1_MERCHANDISE_NOT_RECEIVED,1,0,388,0,1,0
pay_00006996,1749.59,CREDIT_CARD,ELECTRONICS,13.1_MERCHANDISE_NOT_RECEIVED,1,1,473,0,0,0
pay_00006997,3738.43,CREDIT_CARD,GAMING,13.3_NOT_AS_DESCRIBED,1,1,875,0,0,0
pay_00006998,736.1,DEBIT_CARD,TRAVEL,10.4_FRAUDULENT_TRANSACTION,0,0,345,0,0,0
pay_00006999,1557.34,UPI,GAMING,13.3_NOT_AS_DESCRIBED,1,0,364,0,0,0
pay_00007000,159.36,DEBIT_CARD,DIGITAL_SERVICES,10.4_FRAUDULENT_TRANSACTION,0,0,276,0,0,0
pay_00007001,410.12,CREDIT_CARD,TRAVEL,13.1_MERCHANDISE_NOT_RECEIVED,1,1,456,0,1,1
pay_00007002,2768.97,NETBANKING,GAMING,10.4_FRAUDULENT_TRANSACTION,1,0,24,0,0,0
pay_00007003,2283.58,UPI,TRAVEL,10.4_FRAUDULENT_TRANSACTION,1,1,850,0,0,0
pay_00007004,747.66,NETBANKING,DIGITAL_SERVICES,10.4_FRAUDULENT_TRANSACTION,1,1,294,0,0,0
pay_00007005,809.36,NETBANKING,ELECTRONICS,10.4_FRAUDULENT_TRANSACTION,0,0,329,0,0,0
pay_00007006,1243.92,UPI,DIGITAL_SERVICES,10.4_FRAUDULENT_TRANSACTION,0,3,408,0,0,1
pay_00007007,100.36,UPI,ELECTRONICS,13.3_NOT_AS_DESCRIBED,1,0,325,0,0,0
pay_00007008,514.11,NETBANKING,RETAIL,13.1_MERCHANDISE_NOT_RECEIVED,1,0,432,0,0,0
pay_00007009,450.23,DEBIT_CARD,DIGITAL_SERVICES,13.3_NOT_AS_DESCRIBED,1,1,45,0,1,0
pay_00007010,532.49,NETBANKING,ELECTRONICS,10.4_FRAUDULENT_TRANSACTION,1,0,333,2,1,0
pay_00007011,2559.12,DEBIT_CARD,RETAIL,13.3_NOT_AS_DESCRIBED,0,2,405,0,0,0
pay_00007012,592.08,CREDIT_CARD,RETAIL,13.3_NOT_AS_DESCRIBED,0,0,841,0,0,0
pay_00007013,418.9,UPI,RETAIL,10.4_FRAUDULENT_TRANSACTION,1,0,706,0,0,0
pay_00007014,1152.57,UPI,TRAVEL,10.4_FRAUDULENT_TRANSACTION,1,0,437,0,0,0
pay_00007015,3110.9,WALLET,DIGITAL_SERVICES,13.1_MERCHANDISE_NOT_RECEIVED,1,1,880,0,0,0
pay_00007016,514.32,UPI,DIGITAL_SERVICES,10.4_FRAUDULENT_TRANSACTION,1,0,449,0,0,0
pay_00007017,222.69,UPI,DIGITAL_SERVICES,10.5_VISA_EASY_PAYMENT,0,1,264,0,0,0
pay_00007018,761.03,DEBIT_CARD,DIGITAL_SERVICES,10.4_FRAUDULENT_TRANSACTION,1,4,472,0,0,0
pay_00007019,2165.42,DEBIT_CARD,TRAVEL,10.4_FRAUDULENT_TRANSACTION,1,0,34,0,0,0
pay_00007020,1300.07,UPI,DIGITAL_SERVICES,13.3_NOT_AS_DESCRIBED,1,1,138,0,0,0
pay_00007021,2645.71,UPI,ELECTRONICS,10.4_FRAUDULENT_TRANSACTION,0,0,877,0,0,1
pay_00007022,4913.1,UPI,RETAIL,10.4_FRAUDULENT_TRANSACTION,1,0,385,1,0,0
pay_00007023,2460.11,UPI,TRAVEL,10.4_FRAUDULENT_TRANSACTION,1,0,163,0,0,0
pay_00007024,1488.77,DEBIT_CARD,TRAVEL,13.1_MERCHANDISE_NOT_RECEIVED,1,1,361,0,0,0
pay_00007025,1119.88,UPI,DIGITAL_SERVICES,10.4_FRAUDULENT_TRANSACTION,1,0,503,0,0,1
pay_00007026,161.34,NETBANKING,RETAIL,13.1_MERCHANDISE_NOT_RECEIVED,1,0,567,0,0,0
pay_00007027,6333.24,DEBIT_CARD,ELECTRONICS,10.4_FRAUDULENT_TRANSACTION,1,0,538,0,0,0
pay_00007028,825.5,CREDIT_CARD,RETAIL,13.1_MERCHANDISE_NOT_RECEIVED,1,2,580,0,0,0
pay_00007029,347.72,UPI,GAMING,10.4_FRAUDULENT_TRANSACTION,1,0,351,0,0,0
pay_00007030,1748.11,CREDIT_CARD,RETAIL,10.4_FRAUDULENT_TRANSACTION,1,0,645,0,0,0
pay_00007031,601.72,UPI,ELECTRONICS,13.1_MERCHANDISE_NOT_RECEIVED,1,2,599,0,0,0
pay_00007032,1422.03,UPI,ELECTRONICS,10.4_FRAUDULENT_TRANSACTION,1,1,482,3,0,0
pay_00007033,1425.62,DEBIT_CARD,ELECTRONICS,13.3_NOT_AS_DESCRIBED,1,0,79,1,0,0
pay_00007034,985.15,UPI,TRAVEL,10.4_FRAUDULENT_TRANSACTION,1,0,451,0,0,0
pay_00007035,2812.92,DEBIT_CARD,TRAVEL,13.1_MERCHANDISE_NOT_RECEIVED,0,0,787,0,0,0
pay_00007036,561.76,UPI,GAMING,13.1_MERCHANDISE_NOT_RECEIVED,1,1,299,0,0,0
pay_00007037,993.03,UPI,RETAIL,13.1_MERCHANDISE_NOT_RECEIVED,1,1,551,0,0,0
pay_00007038,1257.29,WALLET,DIGITAL_SERVICES,10.5_VISA_EASY_PAYMENT,1,0,231,0,0,0
pay_00007039,1734.29,CREDIT_CARD,GAMING,10.4_FRAUDULENT_TRANSACTION,1,0,411,1,0,0
pay_00007040,2398.52,CREDIT_CARD,DIGITAL_SERVICES,13.3_NOT_AS_DESCRIBED,1,0,406,0,0,0
pay_00007041,853.31,CREDIT_CARD,DIGITAL_SERVICES,10.4_FRAUDULENT_TRANSACTION,0,1,817,0,0,0
pay_00007042,1657.89,UPI,GAMING,10.4_FRAUDULENT_TRANSACTION,1,0,314,1,0,0
pay_00007043,344.86,DEBIT_CARD,RETAIL,10.4_FRAUDULENT_TRANSACTION,0,1,827,1,0,1
pay_00007044,4146.74,UPI,DIGITAL_SERVICES,13.1_MERCHANDISE_NOT_RECEIVED,0,0,207,0,0,0
pay_00007045,824.47,CREDIT_CARD,TRAVEL,13.1_MERCHANDISE_NOT_RECEIVED,1,1,552,0,0,1
pay_00007046,2061.34,CREDIT_CARD,TRAVEL,10.4_FRAUDULENT_TRANSACTION,1,1,618,0,0,0
pay_00007047,130.83,NETBANKING,GAMING,13.1_MERCHANDISE_NOT_RECEIVED,1,0,783,0,0,0
pay_00007048,444.47,CREDIT_CARD,DIGITAL_SERVICES,13.3_NOT_AS_DESCRIBED,1,0,288,0,0,0
pay_00007049,1101.46,UPI,GAMING,13.3_NOT_AS_DESCRIBED,1,1,58,0,0,0
pay_00007050,3258.71,CREDIT_CARD,TRAVEL,10.4_FRAUDULENT_TRANSACTION,0,0,351,0,0,1
pay_00007051,1223.8,UPI,GAMING,10.4_FRAUDULENT_TRANSACTION,0,0,500,0,1,0
pay_00007052,4086.12,UPI,DIGITAL_SERVICES,10.4_FRAUDULENT_TRANSACTION,1,1,56,0,0,0
pay_00007053,1091.88,UPI,DIGITAL_SERVICES,10.4_FRAUDULENT_TRANSACTION,1,2,103,0,1,0
pay_00007054,1111.34,CREDIT_CARD,TRAVEL,10.4_FRAUDULENT_TRANSACTION,1,0,977,0,1,1
pay_00007055,291.32,UPI,ELECTRONICS,10.4_FRAUDULENT_TRANSACTION,1,1,375,0,0,0
pay_00007056,2534.21,UPI,ELECTRONICS,10.5_VISA_EASY_PAYMENT,1,2,52,0,0,0
pay_00007057,525.47,NETBANKING,RETAIL,13.3_NOT_AS_DESCRIBED,1,0,973,1,0,1
pay_00007058,3548.08,DEBIT_CARD,TRAVEL,13.3_NOT_AS_DESCRIBED,1,1,998,0,0,0
pay_00007059,3725.72,UPI,RETAIL,10.5_VISA_EASY_PAYMENT,1,1,229,0,0,0
pay_00007060,4405.24,UPI,TRAVEL,13.1_MERCHANDISE_NOT_RECEIVED,1,1,720,0,0,0
pay_00007061,1201.67,CREDIT_CARD,DIGITAL_SERVICES,10.4_FRAUDULENT_TRANSACTION,1,3,284,0,0,1
pay_00007062,1795.59,NETBANKING,TRAVEL,13.3_NOT_AS_DESCRIBED,1,0,994,0,0,0
pay_00007063,2361.11,UPI,GAMING,10.4_FRAUDULENT_TRANSACTION,0,1,96,0,0,0
pay_00007064,310.64,DEBIT_CARD,RETAIL,10.4_FRAUDULENT_TRANSACTION,0,0,760,0,0,0
pay_00007065,1478.03,CREDIT_CARD,TRAVEL,10.4_FRAUDULENT_TRANSACTION,1,2,408,0,0,1
pay_00007066,152.35,CREDIT_CARD,RETAIL,10.4_FRAUDULENT_TRANSACTION,1,0,382,0,0,0
pay_00007067,1132.44,WALLET,TRAVEL,13.3_NOT_AS_DESCRIBED,1,1,677,0,1,1
pay_00007068,352.35,DEBIT_CARD,ELECTRONICS,13.3_NOT_AS_DESCRIBED,1,1,702,0,0,0
pay_00007069,403.03,NETBANKING,RETAIL,10.4_FRAUDULENT_TRANSACTION,1,1,5,0,0,0
pay_00007070,781.31,UPI,DIGITAL_SERVICES,10.4_FRAUDULENT_TRANSACTION,1,0,684,3,0,0
pay_00007071,949.61,CREDIT_CARD,DIGITAL_SERVICES,10.4_FRAUDULENT_TRANSACTION,0,0,983,0,0,0
pay_00007072,1563.95,CREDIT_CARD,TRAVEL,13.1_MERCHANDISE_NOT_RECEIVED,1,0,306,0,0,0
pay_00007073,216.02,UPI,DIGITAL_SERVICES,10.4_FRAUDULENT_TRANSACTION,1,1,981,3,0,0
pay_00007074,1150.84,CREDIT_CARD,DIGITAL_SERVICES,10.5_VISA_EASY_PAYMENT,1,0,641,2,0,1
pay_00007075,402.49,UPI,RETAIL,10.4_FRAUDULENT_TRANSACTION,1,0,448,0,0,0
pay_00007076,1379.89,UPI,TRAVEL,10.5_VISA_EASY_PAYMENT,1,0,461,0,0,0
pay_00007077,1621.7,UPI,RETAIL,10.4_FRAUDULENT_TRANSACTION,1,2,244,0,1,0
pay_00007078,1320.29,DEBIT_CARD,TRAVEL,10.4_FRAUDULENT_TRANSACTION,1,1,748,1,0,0
pay_00007079,2110.81,NETBANKING,DIGITAL_SERVICES,10.4_FRAUDULENT_TRANSACTION,1,1,456,0,1,1
pay_00007080,713.33,UPI,TRAVEL,13.1_MERCHANDISE_NOT_RECEIVED,1,1,257,0,0,0
pay_00007081,2272.94,CREDIT_CARD,TRAVEL,10.4_FRAUDULENT_TRANSACTION,1,1,143,0,0,0
pay_00007082,950.48,UPI,GAMING,13.3_NOT_AS_DESCRIBED,1,0,202,0,0,0
pay_00007083,1093.01,NETBANKING,TRAVEL,10.4_FRAUDULENT_TRANSACTION,1,1,1,0,0,0
pay_00007084,1666.62,CREDIT_CARD,GAMING,13.1_MERCHANDISE_NOT_RECEIVED,1,1,974,0,0,0
pay_00007085,127.79,DEBIT_CARD,RETAIL,10.4_FRAUDULENT_TRANSACTION,1,0,493,0,1,0
pay_00007086,1691.95,DEBIT_CARD,GAMING,10.4_FRAUDULENT_TRANSACTION,1,0,820,0,0,0
pay_00007087,1545.8,UPI,RETAIL,10.4_FRAUDULENT_TRANSACTION,1,0,746,0,0,0
pay_00007088,656.26,CREDIT_CARD,TRAVEL,10.5_VISA_EASY_PAYMENT,1,2,512,0,0,0
pay_00007089,234.55,WALLET,RETAIL,10.4_FRAUDULENT_TRANSACTION,1,1,357,0,0,0
pay_00007090,243.01,UPI,DIGITAL_SERVICES,10.4_FRAUDULENT_TRANSACTION,1,2,553,0,0,0
pay_00007091,3950.29,CREDIT_CARD,TRAVEL,10.4_FRAUDULENT_TRANSACTION,1,0,831,0,0,0
pay_00007092,1853.29,WALLET,GAMING,13.1_MERCHANDISE_NOT_RECEIVED,1,0,942,0,0,0
pay_00007093,303.91,UPI,ELECTRONICS,10.4_FRAUDULENT_TRANSACTION,1,1,277,1,0,0
pay_00007094,761.77,NETBANKING,TRAVEL,13.3_NOT_AS_DESCRIBED,1,0,961,0,0,0
pay_00007095,1446.51,NETBANKING,DIGITAL_SERVICES,10.4_FRAUDULENT_TRANSACTION,1,0,751,0,0,0
pay_00007096,2807.92,DEBIT_CARD,RETAIL,10.4_FRAUDULENT_TRANSACTION,0,0,219,0,0,0
pay_00007097,166.96,UPI,GAMING,10.4_FRAUDULENT_TRANSACTION,1,0,371,0,0,0
pay_00007098,505.02,UPI,GAMING,10.4_FRAUDULENT_TRANSACTION,1,1,52,0,1,0
pay_00007099,3407.49,UPI,DIGITAL_SERVICES,10.4_FRAUDULENT_TRANSACTION,0,1,927,0,0,0
pay_00007100,113.81,DEBIT_CARD,DIGITAL_SERVICES,10.4_FRAUDULENT_TRANSACTION,1,0,199,0,1,0
pay_00007101,437.34,DEBIT_CARD,TRAVEL,10.4_FRAUDULENT_TRANSACTION,1,0,466,0,0,0
pay_00007102,4892.16,CREDIT_CARD,ELECTRONICS,13.1_MERCHANDISE_NOT_RECEIVED,1,0,804,0,0,0
pay_00007103,1525.55,UPI,ELECTRONICS,10.4_FRAUDULENT_TRANSACTION,0,0,792,0,0,1
pay_00007104,555.05,UPI,RETAIL,10.4_FRAUDULENT_TRANSACTION,1,0,501,0,0,0
pay_00007105,204.01,DEBIT_CARD,GAMING,13.1_MERCHANDISE_NOT_RECEIVED,0,1,934,0,0,1
pay_00007106,142.89,DEBIT_CARD,TRAVEL,10.4_FRAUDULENT_TRANSACTION,1,1,611,1,0,0
pay_00007107,521.05,NETBANKING,GAMING,10.4_FRAUDULENT_TRANSACTION,1,1,68,0,0,0
pay_00007108,3299.08,DEBIT_CARD,TRAVEL,13.1_MERCHANDISE_NOT_RECEIVED,1,1,249,0,1,1
pay_00007109,906.56,DEBIT_CARD,DIGITAL_SERVICES,10.4_FRAUDULENT_TRANSACTION,1,1,770,0,0,0
pay_00007110,2011.24,DEBIT_CARD,RETAIL,10.4_FRAUDULENT_TRANSACTION,1,1,867,0,0,0
pay_00007111,3856.78,CREDIT_CARD,DIGITAL_SERVICES,10.4_FRAUDULENT_TRANSACTION,1,0,338,0,0,0
pay_00007112,886.48,UPI,GAMING,10.4_FRAUDULENT_TRANSACTION,0,0,450,0,0,0
pay_00007113,418.45,NETBANKING,RETAIL,10.5_VISA_EASY_PAYMENT,1,0,91,0,0,0
pay_00007114,1191.97,CREDIT_CARD,TRAVEL,10.4_FRAUDULENT_TRANSACTION,0,1,825,0,0,0
pay_00007115,3680.32,UPI,TRAVEL,13.1_MERCHANDISE_NOT_RECEIVED,1,0,831,0,0,0
pay_00007116,2547.33,UPI,RETAIL,13.1_MERCHANDISE_NOT_RECEIVED,1,0,616,0,0,0
pay_00007117,202.15,UPI,DIGITAL_SERVICES,13.3_NOT_AS_DESCRIBED,1,0,839,0,0,0
pay_00007118,1869.28,CREDIT_CARD,RETAIL,13.1_MERCHANDISE_NOT_RECEIVED,1,2,766,0,0,1
pay_00007119,1372.59,UPI,DIGITAL_SERVICES,10.4_FRAUDULENT_TRANSACTION,1,0,297,3,0,1
pay_00007120,3670.22,UPI,RETAIL,10.4_FRAUDULENT_TRANSACTION,1,2,351,0,0,0
pay_00007121,295.99,CREDIT_CARD,DIGITAL_SERVICES,13.3_NOT_AS_DESCRIBED,1,0,760,0,0,0
pay_00007122,1245.47,UPI,ELECTRONICS,13.1_MERCHANDISE_NOT_RECEIVED,1,0,617,0,0,1
pay_00007123,3273.69,DEBIT_CARD,RETAIL,10.4_FRAUDULENT_TRANSACTION,0,0,226,0,0,1
pay_00007124,891.51,UPI,DIGITAL_SERVICES,10.4_FRAUDULENT_TRANSACTION,1,0,263,0,0,0
pay_00007125,1086.66,CREDIT_CARD,GAMING,10.4_FRAUDULENT_TRANSACTION,1,0,569,0,0,0
pay_00007126,209.6,UPI,GAMING,13.3_NOT_AS_DESCRIBED,1,0,685,0,0,0
pay_00007127,588.89,UPI,RETAIL,13.1_MERCHANDISE_NOT_RECEIVED,1,1,126,0,0,0
pay_00007128,688.47,UPI,RETAIL,13.1_MERCHANDISE_NOT_RECEIVED,1,0,93,0,0,0
pay_00007129,4453.98,DEBIT_CARD,TRAVEL,10.4_FRAUDULENT_TRANSACTION,1,0,121,0,0,0
pay_00007130,598.32,DEBIT_CARD,DIGITAL_SERVICES,10.4_FRAUDULENT_TRANSACTION,1,1,904,2,0,1
pay_00007131,1026.69,UPI,RETAIL,10.4_FRAUDULENT_TRANSACTION,1,0,225,0,0,0
pay_00007132,1768.93,CREDIT_CARD,GAMING,10.4_FRAUDULENT_TRANSACTION,1,1,515,0,0,0
pay_00007133,365.43,UPI,GAMING,10.4_FRAUDULENT_TRANSACTION,1,1,104,0,0,1
pay_00007134,1099.59,WALLET,GAMING,10.4_FRAUDULENT_TRANSACTION,1,0,672,0,0,0
pay_00007135,2112.21,WALLET,DIGITAL_SERVICES,10.4_FRAUDULENT_TRANSACTION,0,0,723,0,0,1
pay_00007136,3124.48,CREDIT_CARD,ELECTRONICS,13.1_MERCHANDISE_NOT_RECEIVED,1,0,324,0,1,0
pay_00007137,1576.29,CREDIT_CARD,RETAIL,10.4_FRAUDULENT_TRANSACTION,1,0,394,0,0,0
pay_00007138,1758.7,DEBIT_CARD,ELECTRONICS,10.4_FRAUDULENT_TRANSACTION,1,0,786,0,0,0
pay_00007139,302.5,DEBIT_CARD,DIGITAL_SERVICES,13.3_NOT_AS_DESCRIBED,1,0,339,0,0,0
pay_00007140,4471.96,CREDIT_CARD,RETAIL,10.4_FRAUDULENT_TRANSACTION,0,1,181,0,0,0
pay_00007141,313.34,WALLET,TRAVEL,10.4_FRAUDULENT_TRANSACTION,1,1,588,0,0,0
pay_00007142,2335.3,CREDIT_CARD,RETAIL,13.3_NOT_AS_DESCRIBED,1,0,907,0,0,0
pay_00007143,561.45,CREDIT_CARD,RETAIL,13.1_MERCHANDISE_NOT_RECEIVED,1,0,672,0,0,0
pay_00007144,4167.93,DEBIT_CARD,RETAIL,13.3_NOT_AS_DESCRIBED,1,1,518,0,0,0
pay_00007145,2009.23,CREDIT_CARD,RETAIL,10.4_FRAUDULENT_TRANSACTION,1,2,678,0,1,0
pay_00007146,2202.5,DEBIT_CARD,RETAIL,10.5_VISA_EASY_PAYMENT,1,2,823,0,0,0
pay_00007147,470.88,UPI,DIGITAL_SERVICES,10.4_FRAUDULENT_TRANSACTION,1,0,924,0,0,0
pay_00007148,977.89,UPI,RETAIL,10.5_VISA_EASY_PAYMENT,0,1,794,1,0,1
pay_00007149,1542.77,UPI,DIGITAL_SERVICES,10.5_VISA_EASY_PAYMENT,1,1,200,0,0,0
pay_00007150,2304.34,CREDIT_CARD,RETAIL,13.1_MERCHANDISE_NOT_RECEIVED,1,0,586,0,0,1
pay_00007151,264.65,UPI,RETAIL,13.1_MERCHANDISE_NOT_RECEIVED,0,1,214,0,0,0
pay_00007152,5019.74,WALLET,DIGITAL_SERVICES,13.3_NOT_AS_DESCRIBED,1,0,226,0,0,0
pay_00007153,3413.92,CREDIT_CARD,RETAIL,10.4_FRAUDULENT_TRANSACTION,1,0,109,0,0,1
pay_00007154,572.78,DEBIT_CARD,GAMING,13.1_MERCHANDISE_NOT_RECEIVED,1,0,115,0,0,0
pay_00007155,2695.38,UPI,RETAIL,10.5_VISA_EASY_PAYMENT,0,0,256,0,0,1
pay_00007156,1195.73,DEBIT_CARD,TRAVEL,10.4_FRAUDULENT_TRANSACTION,1,1,598,0,0,0
pay_00007157,1029.31,CREDIT_CARD,DIGITAL_SERVICES,10.5_VISA_EASY_PAYMENT,0,1,406,0,0,0
pay_00007158,666.27,CREDIT_CARD,RETAIL,13.1_MERCHANDISE_NOT_RECEIVED,1,2,518,0,0,0
pay_00007159,1404.71,UPI,RETAIL,13.3_NOT_AS_DESCRIBED,1,1,479,0,0,0
pay_00007160,2063.38,CREDIT_CARD,DIGITAL_SERVICES,10.4_FRAUDULENT_TRANSACTION,1,0,292,0,0,0
pay_00007161,893.82,CREDIT_CARD,ELECTRONICS,10.4_FRAUDULENT_TRANSACTION,1,0,639,2,0,0
pay_00007162,1588.22,CREDIT_CARD,GAMING,10.5_VISA_EASY_PAYMENT,1,0,779,0,0,0
pay_00007163,1902.53,NETBANKING,GAMING,10.4_FRAUDULENT_TRANSACTION,1,0,338,0,0,0
pay_00007164,1962.63,NETBANKING,RETAIL,13.1_MERCHANDISE_NOT_RECEIVED,0,1,888,0,0,0
pay_00007165,180.05,WALLET,DIGITAL_SERVICES,13.3_NOT_AS_DESCRIBED,1,1,546,0,0,0
pay_00007166,3046.47,CREDIT_CARD,TRAVEL,10.4_FRAUDULENT_TRANSACTION,1,1,259,0,0,0
pay_00007167,1019.44,WALLET,RETAIL,13.1_MERCHANDISE_NOT_RECEIVED,0,1,753,0,0,1
pay_00007168,556.56,DEBIT_CARD,GAMING,10.4_FRAUDULENT_TRANSACTION,1,0,617,0,0,0
pay_00007169,515.14,UPI,RETAIL,10.4_FRAUDULENT_TRANSACTION,1,0,627,0,0,0
pay_00007170,1089.61,UPI,DIGITAL_SERVICES,10.4_FRAUDULENT_TRANSACTION,1,0,434,0,1,0
pay_00007171,3368.32,UPI,TRAVEL,13.1_MERCHANDISE_NOT_RECEIVED,1,0,358,0,0,0
pay_00007172,813.06,UPI,ELECTRONICS,13.3_NOT_AS_DESCRIBED,1,0,248,1,1,1
pay_00007173,2177.8,UPI,TRAVEL,10.4_FRAUDULENT_TRANSACTION,0,0,804,0,0,1
pay_00007174,252.75,UPI,RETAIL,10.4_FRAUDULENT_TRANSACTION,1,0,721,0,0,0
pay_00007175,1069.56,DEBIT_CARD,GAMING,10.4_FRAUDULENT_TRANSACTION,1,0,606,0,1,0
pay_00007176,7284.75,UPI,DIGITAL_SERVICES,10.4_FRAUDULENT_TRANSACTION,1,0,439,0,0,0
pay_00007177,2307.37,UPI,RETAIL,10.4_FRAUDULENT_TRANSACTION,1,0,542,0,0,0
pay_00007178,454.59,DEBIT_CARD,ELECTRONICS,13.3_NOT_AS_DESCRIBED,0,0,574,0,0,0
pay_00007179,1144.05,DEBIT_CARD,DIGITAL_SERVICES,10.5_VISA_EASY_PAYMENT,1,0,755,0,0,0
pay_00007180,499.13,WALLET,DIGITAL_SERVICES,10.4_FRAUDULENT_TRANSACTION,0,1,181,0,0,1
pay_00007181,890.33,CREDIT_CARD,DIGITAL_SERVICES,13.1_MERCHANDISE_NOT_RECEIVED,0,1,107,1,0,1
pay_00007182,2371.76,UPI,RETAIL,13.1_MERCHANDISE_NOT_RECEIVED,1,0,562,0,0,0
pay_00007183,2312.52,UPI,ELECTRONICS,10.5_VISA_EASY_PAYMENT,1,0,223,1,0,0
pay_00007184,488.35,UPI,RETAIL,10.4_FRAUDULENT_TRANSACTION,1,0,160,0,0,0
pay_00007185,3930.87,UPI,DIGITAL_SERVICES,13.3_NOT_AS_DESCRIBED,1,2,120,0,0,0
pay_00007186,1446.82,UPI,DIGITAL_SERVICES,10.5_VISA_EASY_PAYMENT,1,0,880,0,0,0
pay_00007187,816.87,WALLET,GAMING,10.5_VISA_EASY_PAYMENT,0,0,339,0,0,0
pay_00007188,1145.54,UPI,TRAVEL,13.1_MERCHANDISE_NOT_RECEIVED,1,1,777,1,0,0
pay_00007189,1493.57,UPI,RETAIL,10.4_FRAUDULENT_TRANSACTION,1,0,881,0,0,0
pay_00007190,1331.1,UPI,ELECTRONICS,13.1_MERCHANDISE_NOT_RECEIVED,1,0,272,0,0,0
pay_00007191,1099.48,DEBIT_CARD,DIGITAL_SERVICES,10.4_FRAUDULENT_TRANSACTION,1,1,422,0,1,1
pay_00007192,1154.59,UPI,RETAIL,10.4_FRAUDULENT_TRANSACTION,1,1,403,0,0,0
pay_00007193,391.13,UPI,TRAVEL,10.4_FRAUDULENT_TRANSACTION,1,0,862,0,0,0
pay_00007194,2612.83,UPI,RETAIL,10.4_FRAUDULENT_TRANSACTION,1,1,804,0,0,0
pay_00007195,1270.54,UPI,TRAVEL,10.4_FRAUDULENT_TRANSACTION,1,1,779,0,0,0
pay_00007196,310.76,UPI,RETAIL,10.4_FRAUDULENT_TRANSACTION,1,1,500,1,0,0
pay_00007197,2279.66,CREDIT_CARD,GAMING,10.4_FRAUDULENT_TRANSACTION,1,2,591,0,0,0
pay_00007198,4142.2,UPI,RETAIL,10.4_FRAUDULENT_TRANSACTION,1,0,984,0,0,0
pay_00007199,4514.91,DEBIT_CARD,GAMING,10.4_FRAUDULENT_TRANSACTION,1,0,233,0,0,0
pay_00007200,790.72,CREDIT_CARD,TRAVEL,13.3_NOT_AS_DESCRIBED,1,0,191,0,0,0
pay_00007201,318.44,DEBIT_CARD,DIGITAL_SERVICES,13.1_MERCHANDISE_NOT_RECEIVED,1,1,597,0,1,0
pay_00007202,1195.96,UPI,DIGITAL_SERVICES,13.3_NOT_AS_DESCRIBED,1,0,636,0,0,0
pay_00007203,279.2,UPI,RETAIL,10.4_FRAUDULENT_TRANSACTION,1,1,427,0,0,0
pay_00007204,4176.86,UPI,ELECTRONICS,13.3_NOT_AS_DESCRIBED,1,0,586,0,0,0
pay_00007205,404.24,CREDIT_CARD,RETAIL,10.5_VISA_EASY_PAYMENT,1,0,499,0,0,1
pay_00007206,537.07,CREDIT_CARD,GAMING,10.4_FRAUDULENT_TRANSACTION,1,0,217,0,0,1
pay_00007207,882.92,UPI,GAMING,10.4_FRAUDULENT_TRANSACTION,1,0,352,0,0,0
pay_00007208,824.73,DEBIT_CARD,TRAVEL,13.1_MERCHANDISE_NOT_RECEIVED,0,1,289,0,0,1
pay_00007209,2474.65,DEBIT_CARD,RETAIL,13.1_MERCHANDISE_NOT_RECEIVED,1,1,49,0,0,0
pay_00007210,1014.08,DEBIT_CARD,TRAVEL,10.4_FRAUDULENT_TRANSACTION,0,0,179,0,1,1
pay_00007211,380.88,UPI,ELECTRONICS,10.5_VISA_EASY_PAYMENT,1,0,690,0,0,0
pay_00007212,566.34,CREDIT_CARD,DIGITAL_SERVICES,10.4_FRAUDULENT_TRANSACTION,1,0,536,0,0,0
pay_00007213,1167.31,UPI,DIGITAL_SERVICES,13.3_NOT_AS_DESCRIBED,1,0,277,0,0,0
pay_00007214,339.29,CREDIT_CARD,RETAIL,10.4_FRAUDULENT_TRANSACTION,1,1,410,0,1,0
pay_00007215,1518.79,UPI,TRAVEL,10.4_FRAUDULENT_TRANSACTION,1,0,593,0,0,0
pay_00007216,1351.19,UPI,TRAVEL,10.4_FRAUDULENT_TRANSACTION,0,0,147,1,0,0
pay_00007217,1981.33,NETBANKING,ELECTRONICS,10.4_FRAUDULENT_TRANSACTION,1,0,707,0,0,0
pay_00007218,4263.8,CREDIT_CARD,TRAVEL,10.5_VISA_EASY_PAYMENT,1,0,461,0,0,0
pay_00007219,3749.97,UPI,GAMING,13.1_MERCHANDISE_NOT_RECEIVED,1,1,578,0,0,0
pay_00007220,4480.26,UPI,GAMING,13.3_NOT_AS_DESCRIBED,1,0,937,0,1,1
pay_00007221,520.99,CREDIT_CARD,GAMING,10.5_VISA_EASY_PAYMENT,0,0,64,0,0,0
pay_00007222,311.59,NETBANKING,RETAIL,10.4_FRAUDULENT_TRANSACTION,1,1,365,0,0,0
pay_00007223,639.9,CREDIT_CARD,GAMING,10.4_FRAUDULENT_TRANSACTION,1,0,480,1,0,0
pay_00007224,3481.91,WALLET,GAMING,10.5_VISA_EASY_PAYMENT,0,0,417,0,0,1
pay_00007225,5466.19,UPI,DIGITAL_SERVICES,13.1_MERCHANDISE_NOT_RECEIVED,1,0,544,0,1,1
pay_00007226,3041.95,CREDIT_CARD,RETAIL,13.1_MERCHANDISE_NOT_RECEIVED,1,2,618,0,0,0
pay_00007227,274.83,DEBIT_CARD,GAMING,10.4_FRAUDULENT_TRANSACTION,1,0,501,1,0,1
pay_00007228,4518.36,CREDIT_CARD,ELECTRONICS,13.3_NOT_AS_DESCRIBED,1,0,665,0,1,1
pay_00007229,925.8,UPI,GAMING,13.1_MERCHANDISE_NOT_RECEIVED,1,1,444,0,0,0
pay_00007230,114.03,CREDIT_CARD,RETAIL,13.3_NOT_AS_DESCRIBED,1,0,387,0,0,0
pay_00007231,976.15,CREDIT_CARD,TRAVEL,10.5_VISA_EASY_PAYMENT,1,0,874,0,0,0
pay_00007232,170.75,DEBIT_CARD,DIGITAL_SERVICES,13.1_MERCHANDISE_NOT_RECEIVED,1,0,819,0,1,0
pay_00007233,1277.49,DEBIT_CARD,DIGITAL_SERVICES,13.1_MERCHANDISE_NOT_RECEIVED,0,2,7,0,0,0
pay_00007234,719.99,DEBIT_CARD,RETAIL,10.4_FRAUDULENT_TRANSACTION,1,1,625,0,0,0
pay_00007235,1062.07,CREDIT_CARD,GAMING,10.4_FRAUDULENT_TRANSACTION,0,2,189,0,0,1
pay_00007236,1524.66,UPI,ELECTRONICS,13.1_MERCHANDISE_NOT_RECEIVED,1,0,793,0,0,0
pay_00007237,3146.56,UPI,GAMING,10.4_FRAUDULENT_TRANSACTION,1,0,855,0,0,0
pay_00007238,1726.63,DEBIT_CARD,GAMING,10.5_VISA_EASY_PAYMENT,1,0,254,0,0,0
pay_00007239,953.87,WALLET,ELECTRONICS,13.1_MERCHANDISE_NOT_RECEIVED,1,3,604,1,0,1
pay_00007240,2667.44,UPI,DIGITAL_SERVICES,10.5_VISA_EASY_PAYMENT,1,1,716,0,0,0
pay_00007241,3640.04,CREDIT_CARD,GAMING,10.4_FRAUDULENT_TRANSACTION,1,0,520,0,0,0
pay_00007242,291.34,UPI,TRAVEL,10.5_VISA_EASY_PAYMENT,1,1,754,0,0,0
pay_00007243,1238.72,UPI,TRAVEL,13.1_MERCHANDISE_NOT_RECEIVED,1,2,511,0,0,0
pay_00007244,602.19,CREDIT_CARD,RETAIL,13.3_NOT_AS_DESCRIBED,1,0,739,0,0,0
pay_00007245,172.31,CREDIT_CARD,RETAIL,10.4_FRAUDULENT_TRANSACTION,1,1,793,0,0,0
pay_00007246,1756.4,UPI,ELECTRONICS,13.1_MERCHANDISE_NOT_RECEIVED,1,1,222,0,0,0
pay_00007247,3079.15,DEBIT_CARD,ELECTRONICS,13.1_MERCHANDISE_NOT_RECEIVED,1,0,447,0,1,0
pay_00007248,366.72,DEBIT_CARD,RETAIL,10.4_FRAUDULENT_TRANSACTION,1,0,416,0,0,0
pay_00007249,2610.27,WALLET,GAMING,10.4_FRAUDULENT_TRANSACTION,1,0,228,0,1,1
pay_00007250,2980.03,UPI,DIGITAL_SERVICES,10.5_VISA_EASY_PAYMENT,0,0,928,0,0,0
pay_00007251,3786.06,CREDIT_CARD,TRAVEL,10.4_FRAUDULENT_TRANSACTION,1,0,565,0,0,0
pay_00007252,562.41,UPI,ELECTRONICS,10.4_FRAUDULENT_TRANSACTION,1,2,281,1,0,1
pay_00007253,3614.38,UPI,RETAIL,10.4_FRAUDULENT_TRANSACTION,1,0,538,0,1,0
pay_00007254,679.96,CREDIT_CARD,TRAVEL,10.5_VISA_EASY_PAYMENT,1,0,8,0,0,0
pay_00007255,1305.58,DEBIT_CARD,ELECTRONICS,13.1_MERCHANDISE_NOT_RECEIVED,0,0,197,0,0,1
pay_00007256,177.74,UPI,ELECTRONICS,10.4_FRAUDULENT_TRANSACTION,1,0,898,0,0,0
pay_00007257,167.31,WALLET,GAMING,10.4_FRAUDULENT_TRANSACTION,0,0,147,0,0,0
pay_00007258,2011.45,DEBIT_CARD,ELECTRONICS,13.3_NOT_AS_DESCRIBED,1,0,963,0,0,0
pay_00007259,981.78,DEBIT_CARD,DIGITAL_SERVICES,10.4_FRAUDULENT_TRANSACTION,1,2,716,0,0,0
pay_00007260,544.16,DEBIT_CARD,ELECTRONICS,10.4_FRAUDULENT_TRANSACTION,1,0,487,0,0,0
pay_00007261,416.85,UPI,DIGITAL_SERVICES,10.4_FRAUDULENT_TRANSACTION,1,1,736,0,0,0
pay_00007262,1762.78,DEBIT_CARD,GAMING,10.4_FRAUDULENT_TRANSACTION,1,0,198,1,0,1
pay_00007263,100.6,UPI,DIGITAL_SERVICES,13.1_MERCHANDISE_NOT_RECEIVED,1,0,247,0,0,0
pay_00007264,2559.0,NETBANKING,TRAVEL,13.1_MERCHANDISE_NOT_RECEIVED,1,0,776,0,1,0
pay_00007265,223.85,UPI,ELECTRONICS,13.1_MERCHANDISE_NOT_RECEIVED,1,0,187,0,0,0
pay_00007266,418.84,UPI,RETAIL,10.4_FRAUDULENT_TRANSACTION,1,0,133,0,0,0
pay_00007267,832.22,CREDIT_CARD,RETAIL,10.4_FRAUDULENT_TRANSACTION,1,3,845,0,0,0
pay_00007268,1094.97,UPI,DIGITAL_SERVICES,10.4_FRAUDULENT_TRANSACTION,1,0,159,0,0,0
pay_00007269,757.75,UPI,GAMING,10.4_FRAUDULENT_TRANSACTION,1,0,397,0,0,0
pay_00007270,680.07,UPI,DIGITAL_SERVICES,10.4_FRAUDULENT_TRANSACTION,0,0,118,0,1,0
pay_00007271,5082.86,NETBANKING,DIGITAL_SERVICES,13.1_MERCHANDISE_NOT_RECEIVED,1,0,385,0,0,0
pay_00007272,1639.07,CREDIT_CARD,DIGITAL_SERVICES,10.4_FRAUDULENT_TRANSACTION,1,0,558,0,0,0
pay_00007273,135.57,UPI,TRAVEL,13.3_NOT_AS_DESCRIBED,1,0,132,0,0,0
pay_00007274,943.64,UPI,TRAVEL,13.1_MERCHANDISE_NOT_RECEIVED,0,0,374,1,0,0
pay_00007275,3219.27,UPI,DIGITAL_SERVICES,10.4_FRAUDULENT_TRANSACTION,1,1,404,0,0,0
pay_00007276,638.14,CREDIT_CARD,GAMING,10.4_FRAUDULENT_TRANSACTION,1,1,349,1,0,0
pay_00007277,249.0,DEBIT_CARD,ELECTRONICS,13.1_MERCHANDISE_NOT_RECEIVED,1,0,32,3,0,0
pay_00007278,2230.61,UPI,RETAIL,13.3_NOT_AS_DESCRIBED,1,0,97,0,0,0
pay_00007279,1497.16,UPI,TRAVEL,13.3_NOT_AS_DESCRIBED,1,0,896,0,0,0
pay_00007280,1367.05,UPI,ELECTRONICS,10.4_FRAUDULENT_TRANSACTION,1,0,590,0,0,0
pay_00007281,182.6,UPI,TRAVEL,13.1_MERCHANDISE_NOT_RECEIVED,0,0,339,0,0,1
pay_00007282,327.1,UPI,TRAVEL,10.4_FRAUDULENT_TRANSACTION,1,0,883,0,0,0
pay_00007283,1561.47,DEBIT_CARD,TRAVEL,13.1_MERCHANDISE_NOT_RECEIVED,1,1,387,0,0,0
pay_00007284,449.46,UPI,DIGITAL_SERVICES,10.5_VISA_EASY_PAYMENT,1,1,820,0,0,0
pay_00007285,1151.98,CREDIT_CARD,DIGITAL_SERVICES,13.1_MERCHANDISE_NOT_RECEIVED,1,0,779,0,0,0
pay_00007286,1280.8,CREDIT_CARD,TRAVEL,10.4_FRAUDULENT_TRANSACTION,0,0,777,0,0,0
pay_00007287,600.08,UPI,TRAVEL,13.1_MERCHANDISE_NOT_RECEIVED,1,0,185,0,0,0
pay_00007288,4547.08,DEBIT_CARD,RETAIL,10.5_VISA_EASY_PAYMENT,1,1,958,0,0,0
pay_00007289,2872.15,CREDIT_CARD,ELECTRONICS,10.4_FRAUDULENT_TRANSACTION,0,0,184,0,0,0
pay_00007290,2022.22,UPI,ELECTRONICS,10.4_FRAUDULENT_TRANSACTION,1,1,894,0,0,0
pay_00007291,221.81,DEBIT_CARD,GAMING,10.4_FRAUDULENT_TRANSACTION,1,1,51,0,0,0
pay_00007292,268.29,UPI,GAMING,10.4_FRAUDULENT_TRANSACTION,1,0,732,0,0,0
pay_00007293,1118.22,NETBANKING,GAMING,10.4_FRAUDULENT_TRANSACTION,1,2,2,0,1,0
pay_00007294,362.8,CREDIT_CARD,DIGITAL_SERVICES,10.4_FRAUDULENT_TRANSACTION,1,2,77,0,0,0
pay_00007295,5843.28,CREDIT_CARD,DIGITAL_SERVICES,10.4_FRAUDULENT_TRANSACTION,1,1,995,0,0,1
pay_00007296,358.89,NETBANKING,RETAIL,10.4_FRAUDULENT_TRANSACTION,1,2,479,0,0,0
pay_00007297,1102.59,DEBIT_CARD,DIGITAL_SERVICES,13.1_MERCHANDISE_NOT_RECEIVED,1,0,875,1,1,0
pay_00007298,779.12,CREDIT_CARD,GAMING,10.4_FRAUDULENT_TRANSACTION,1,0,462,0,0,1
pay_00007299,1629.92,DEBIT_CARD,TRAVEL,10.5_VISA_EASY_PAYMENT,1,1,399,0,0,0
pay_00007300,307.23,UPI,GAMING,10.4_FRAUDULENT_TRANSACTION,1,1,837,0,0,0
pay_00007301,944.01,CREDIT_CARD,RETAIL,13.1_MERCHANDISE_NOT_RECEIVED,1,3,39,0,0,1
pay_00007302,581.77,UPI,TRAVEL,10.4_FRAUDULENT_TRANSACTION,1,1,546,0,0,0
pay_00007303,3380.56,UPI,DIGITAL_SERVICES,10.4_FRAUDULENT_TRANSACTION,0,0,742,0,0,0
pay_00007304,162.15,DEBIT_CARD,TRAVEL,13.1_MERCHANDISE_NOT_RECEIVED,0,1,683,0,0,0
pay_00007305,3775.37,UPI,RETAIL,13.1_MERCHANDISE_NOT_RECEIVED,1,0,251,0,0,0
pay_00007306,2784.59,UPI,DIGITAL_SERVICES,13.3_NOT_AS_DESCRIBED,1,1,66,0,0,0
pay_00007307,629.82,DEBIT_CARD,ELECTRONICS,13.3_NOT_AS_DESCRIBED,1,1,429,0,0,0
pay_00007308,2435.91,UPI,GAMING,13.1_MERCHANDISE_NOT_RECEIVED,1,0,353,0,0,0
pay_00007309,147.57,UPI,GAMING,10.4_FRAUDULENT_TRANSACTION,1,1,383,0,0,0
pay_00007310,5210.77,CREDIT_CARD,RETAIL,13.1_MERCHANDISE_NOT_RECEIVED,1,0,27,0,1,0
pay_00007311,1221.71,CREDIT_CARD,RETAIL,10.4_FRAUDULENT_TRANSACTION,0,1,67,1,0,1
pay_00007312,642.06,DEBIT_CARD,GAMING,10.4_FRAUDULENT_TRANSACTION,0,0,702,1,0,0
pay_00007313,775.5,CREDIT_CARD,TRAVEL,10.4_FRAUDULENT_TRANSACTION,1,3,832,0,0,0
pay_00007314,203.07,CREDIT_CARD,ELECTRONICS,10.4_FRAUDULENT_TRANSACTION,1,0,500,0,0,0
pay_00007315,6913.22,DEBIT_CARD,ELECTRONICS,10.4_FRAUDULENT_TRANSACTION,1,0,898,0,1,1
pay_00007316,160.13,UPI,RETAIL,10.4_FRAUDULENT_TRANSACTION,1,0,755,0,0,0
pay_00007317,1695.91,CREDIT_CARD,RETAIL,13.3_NOT_AS_DESCRIBED,1,0,412,0,0,0
pay_00007318,977.07,NETBANKING,TRAVEL,10.4_FRAUDULENT_TRANSACTION,1,1,630,0,1,1
pay_00007319,4561.43,UPI,RETAIL,10.5_VISA_EASY_PAYMENT,1,2,990,1,0,0
pay_00007320,523.54,UPI,ELECTRONICS,10.4_FRAUDULENT_TRANSACTION,1,0,681,0,0,0
pay_00007321,1239.21,UPI,GAMING,10.4_FRAUDULENT_TRANSACTION,1,1,370,0,0,0
pay_00007322,1087.7,CREDIT_CARD,ELECTRONICS,13.1_MERCHANDISE_NOT_RECEIVED,0,1,599,1,0,0
pay_00007323,1920.36,UPI,TRAVEL,13.3_NOT_AS_DESCRIBED,1,0,609,0,0,0
pay_00007324,205.65,CREDIT_CARD,GAMING,13.1_MERCHANDISE_NOT_RECEIVED,1,1,436,0,0,0
pay_00007325,423.11,DEBIT_CARD,GAMING,13.1_MERCHANDISE_NOT_RECEIVED,1,2,782,1,0,0
pay_00007326,462.28,CREDIT_CARD,ELECTRONICS,13.3_NOT_AS_DESCRIBED,1,1,61,0,1,0
pay_00007327,2109.98,UPI,GAMING,13.1_MERCHANDISE_NOT_RECEIVED,1,1,974,0,1,1
pay_00007328,414.49,DEBIT_CARD,GAMING,13.3_NOT_AS_DESCRIBED,1,0,50,0,0,0
pay_00007329,1378.19,UPI,RETAIL,13.3_NOT_AS_DESCRIBED,1,0,525,1,0,0
pay_00007330,463.57,DEBIT_CARD,GAMING,10.4_FRAUDULENT_TRANSACTION,1,0,196,0,1,0
pay_00007331,3066.68,CREDIT_CARD,TRAVEL,13.3_NOT_AS_DESCRIBED,1,0,370,0,0,0
pay_00007332,4375.77,UPI,GAMING,10.4_FRAUDULENT_TRANSACTION,0,2,275,0,0,1
pay_00007333,1196.25,NETBANKING,RETAIL,10.5_VISA_EASY_PAYMENT,1,2,216,0,0,0
pay_00007334,751.51,UPI,DIGITAL_SERVICES,10.4_FRAUDULENT_TRANSACTION,1,0,292,0,1,0
pay_00007335,499.97,WALLET,DIGITAL_SERVICES,10.4_FRAUDULENT_TRANSACTION,1,1,326,0,0,0
pay_00007336,176.59,UPI,TRAVEL,10.5_VISA_EASY_PAYMENT,1,0,780,2,0,0
pay_00007337,568.99,UPI,TRAVEL,10.4_FRAUDULENT_TRANSACTION,1,1,841,0,0,0
pay_00007338,1693.0,UPI,GAMING,13.1_MERCHANDISE_NOT_RECEIVED,1,0,525,0,0,0
pay_00007339,1244.12,UPI,GAMING,10.4_FRAUDULENT_TRANSACTION,1,1,536,0,0,0
pay_00007340,4424.71,DEBIT_CARD,DIGITAL_SERVICES,10.4_FRAUDULENT_TRANSACTION,0,1,174,0,0,1
pay_00007341,856.96,CREDIT_CARD,DIGITAL_SERVICES,10.5_VISA_EASY_PAYMENT,1,0,783,0,0,0
pay_00007342,1875.59,DEBIT_CARD,ELECTRONICS,10.4_FRAUDULENT_TRANSACTION,1,1,430,0,0,0
pay_00007343,1108.03,UPI,DIGITAL_SERVICES,13.3_NOT_AS_DESCRIBED,1,1,882,1,1,0
pay_00007344,1177.93,UPI,DIGITAL_SERVICES,10.4_FRAUDULENT_TRANSACTION,1,0,606,0,0,1
pay_00007345,567.5,CREDIT_CARD,TRAVEL,13.3_NOT_AS_DESCRIBED,1,0,608,0,0,0
pay_00007346,1010.32,UPI,ELECTRONICS,13.3_NOT_AS_DESCRIBED,1,0,992,0,0,0
pay_00007347,1054.54,CREDIT_CARD,ELECTRONICS,13.1_MERCHANDISE_NOT_RECEIVED,1,1,994,0,0,0
pay_00007348,1939.55,CREDIT_CARD,GAMING,10.5_VISA_EASY_PAYMENT,1,1,35,0,0,0
pay_00007349,4336.2,UPI,GAMING,10.4_FRAUDULENT_TRANSACTION,1,0,914,0,0,0
pay_00007350,699.2,DEBIT_CARD,ELECTRONICS,13.3_NOT_AS_DESCRIBED,1,4,979,0,0,0
pay_00007351,164.68,DEBIT_CARD,ELECTRONICS,13.1_MERCHANDISE_NOT_RECEIVED,1,0,754,0,0,0
pay_00007352,1128.65,CREDIT_CARD,GAMING,10.4_FRAUDULENT_TRANSACTION,1,0,719,0,0,0
pay_00007353,1279.41,UPI,TRAVEL,13.1_MERCHANDISE_NOT_RECEIVED,1,2,662,1,0,0
pay_00007354,376.68,UPI,TRAVEL,13.1_MERCHANDISE_NOT_RECEIVED,1,1,793,0,0,0
pay_00007355,2243.58,UPI,TRAVEL,13.1_MERCHANDISE_NOT_RECEIVED,1,2,792,0,0,0
pay_00007356,6392.49,UPI,TRAVEL,10.4_FRAUDULENT_TRANSACTION,1,0,902,0,0,0
pay_00007357,4471.91,UPI,GAMING,10.4_FRAUDULENT_TRANSACTION,1,0,164,0,0,0
pay_00007358,429.3,DEBIT_CARD,RETAIL,10.4_FRAUDULENT_TRANSACTION,0,0,394,0,0,0
pay_00007359,3223.53,CREDIT_CARD,DIGITAL_SERVICES,10.4_FRAUDULENT_TRANSACTION,1,0,268,0,0,0
pay_00007360,1928.6,CREDIT_CARD,DIGITAL_SERVICES,10.4_FRAUDULENT_TRANSACTION,1,0,325,3,0,0
pay_00007361,1007.28,UPI,DIGITAL_SERVICES,13.1_MERCHANDISE_NOT_RECEIVED,1,0,404,0,0,0
pay_00007362,1266.79,NETBANKING,DIGITAL_SERVICES,10.4_FRAUDULENT_TRANSACTION,1,0,37,1,0,0
pay_00007363,2941.69,UPI,GAMING,13.3_NOT_AS_DESCRIBED,1,0,496,1,0,0
pay_00007364,1081.28,DEBIT_CARD,RETAIL,13.1_MERCHANDISE_NOT_RECEIVED,1,0,530,0,0,0
pay_00007365,800.71,WALLET,GAMING,10.4_FRAUDULENT_TRANSACTION,1,0,111,0,0,0
pay_00007366,1119.6,DEBIT_CARD,RETAIL,10.4_FRAUDULENT_TRANSACTION,1,0,488,0,0,0
pay_00007367,1398.15,WALLET,GAMING,13.1_MERCHANDISE_NOT_RECEIVED,1,0,225,0,0,0
pay_00007368,414.37,CREDIT_CARD,ELECTRONICS,13.3_NOT_AS_DESCRIBED,1,0,297,0,0,1
pay_00007369,3567.56,UPI,RETAIL,13.1_MERCHANDISE_NOT_RECEIVED,1,1,780,0,0,0
pay_00007370,1782.15,UPI,DIGITAL_SERVICES,13.1_MERCHANDISE_NOT_RECEIVED,1,0,865,0,0,0
pay_00007371,1604.69,UPI,RETAIL,10.4_FRAUDULENT_TRANSACTION,1,0,197,1,0,0
pay_00007372,257.2,UPI,TRAVEL,10.4_FRAUDULENT_TRANSACTION,1,0,329,0,0,0
pay_00007373,1490.17,CREDIT_CARD,RETAIL,13.1_MERCHANDISE_NOT_RECEIVED,1,0,97,0,1,0
pay_00007374,293.39,UPI,TRAVEL,10.4_FRAUDULENT_TRANSACTION,1,0,448,0,0,0
pay_00007375,222.95,DEBIT_CARD,TRAVEL,10.4_FRAUDULENT_TRANSACTION,1,1,158,0,0,0
pay_00007376,1223.98,UPI,ELECTRONICS,10.4_FRAUDULENT_TRANSACTION,1,1,494,1,0,0
pay_00007377,873.22,UPI,RETAIL,13.1_MERCHANDISE_NOT_RECEIVED,1,0,17,0,1,0
pay_00007378,1433.05,WALLET,ELECTRONICS,13.1_MERCHANDISE_NOT_RECEIVED,1,0,547,0,0,0
pay_00007379,240.18,UPI,DIGITAL_SERVICES,13.1_MERCHANDISE_NOT_RECEIVED,1,0,336,0,0,0
pay_00007380,945.77,DEBIT_CARD,RETAIL,10.4_FRAUDULENT_TRANSACTION,0,0,424,3,0,0
pay_00007381,388.17,DEBIT_CARD,GAMING,13.1_MERCHANDISE_NOT_RECEIVED,1,0,403,0,1,1
pay_00007382,6625.8,UPI,GAMING,10.5_VISA_EASY_PAYMENT,1,0,828,0,0,0
pay_00007383,1335.4,CREDIT_CARD,GAMING,13.1_MERCHANDISE_NOT_RECEIVED,1,1,431,0,0,0
pay_00007384,1844.42,UPI,TRAVEL,13.3_NOT_AS_DESCRIBED,1,1,894,0,0,0
pay_00007385,690.49,DEBIT_CARD,GAMING,10.4_FRAUDULENT_TRANSACTION,0,0,898,0,0,0
pay_00007386,249.3,CREDIT_CARD,DIGITAL_SERVICES,13.1_MERCHANDISE_NOT_RECEIVED,0,1,710,0,0,1
pay_00007387,5686.5,UPI,RETAIL,10.4_FRAUDULENT_TRANSACTION,1,0,938,0,0,0
pay_00007388,605.85,DEBIT_CARD,RETAIL,10.4_FRAUDULENT_TRANSACTION,0,0,629,0,0,0
pay_00007389,926.97,UPI,TRAVEL,10.4_FRAUDULENT_TRANSACTION,1,1,493,1,0,0
pay_00007390,1674.15,DEBIT_CARD,TRAVEL,10.4_FRAUDULENT_TRANSACTION,1,2,444,1,0,0
pay_00007391,137.51,NETBANKING,TRAVEL,13.1_MERCHANDISE_NOT_RECEIVED,0,3,751,0,0,1
pay_00007392,2593.14,NETBANKING,DIGITAL_SERVICES,13.3_NOT_AS_DESCRIBED,1,0,11,0,0,0
pay_00007393,1253.68,DEBIT_CARD,RETAIL,13.3_NOT_AS_DESCRIBED,1,1,841,0,1,0
pay_00007394,589.05,UPI,ELECTRONICS,10.4_FRAUDULENT_TRANSACTION,1,0,539,0,0,0
pay_00007395,195.38,WALLET,TRAVEL,13.1_MERCHANDISE_NOT_RECEIVED,1,0,270,0,0,0
pay_00007396,366.0,UPI,GAMING,13.1_MERCHANDISE_NOT_RECEIVED,1,1,611,0,0,0
pay_00007397,3481.18,CREDIT_CARD,ELECTRONICS,13.3_NOT_AS_DESCRIBED,1,0,126,0,0,0
pay_00007398,1837.66,UPI,ELECTRONICS,10.4_FRAUDULENT_TRANSACTION,0,0,724,0,0,0
pay_00007399,531.33,WALLET,TRAVEL,10.4_FRAUDULENT_TRANSACTION,1,1,955,0,0,0
pay_00007400,201.78,DEBIT_CARD,GAMING,13.1_MERCHANDISE_NOT_RECEIVED,1,0,122,0,0,0
pay_00007401,1859.75,DEBIT_CARD,TRAVEL,13.1_MERCHANDISE_NOT_RECEIVED,0,0,352,0,0,0
pay_00007402,1374.38,UPI,TRAVEL,10.5_VISA_EASY_PAYMENT,1,0,368,0,0,0
pay_00007403,877.58,DEBIT_CARD,GAMING,10.4_FRAUDULENT_TRANSACTION,1,0,392,0,0,0
pay_00007404,777.92,DEBIT_CARD,ELECTRONICS,13.1_MERCHANDISE_NOT_RECEIVED,1,0,75,0,0,0
pay_00007405,466.58,CREDIT_CARD,ELECTRONICS,10.4_FRAUDULENT_TRANSACTION,1,0,450,0,0,0
pay_00007406,1761.23,UPI,GAMING,10.4_FRAUDULENT_TRANSACTION,1,1,5,0,0,0
pay_00007407,5393.62,UPI,ELECTRONICS,13.3_NOT_AS_DESCRIBED,1,0,158,0,0,0
pay_00007408,389.86,UPI,DIGITAL_SERVICES,13.3_NOT_AS_DESCRIBED,1,1,236,0,0,0
pay_00007409,1463.66,UPI,TRAVEL,13.1_MERCHANDISE_NOT_RECEIVED,1,1,489,1,0,0
pay_00007410,927.95,UPI,DIGITAL_SERVICES,10.4_FRAUDULENT_TRANSACTION,1,0,203,0,0,0
pay_00007411,987.75,UPI,DIGITAL_SERVICES,10.4_FRAUDULENT_TRANSACTION,1,1,720,1,0,0
pay_00007412,539.84,UPI,DIGITAL_SERVICES,10.4_FRAUDULENT_TRANSACTION,1,1,793,2,0,0
pay_00007413,2715.61,UPI,RETAIL,10.4_FRAUDULENT_TRANSACTION,1,0,362,1,0,1
pay_00007414,1096.13,UPI,RETAIL,13.1_MERCHANDISE_NOT_RECEIVED,1,0,793,2,0,0
pay_00007415,1275.94,NETBANKING,DIGITAL_SERVICES,13.1_MERCHANDISE_NOT_RECEIVED,1,1,331,0,0,0
pay_00007416,645.25,CREDIT_CARD,TRAVEL,13.1_MERCHANDISE_NOT_RECEIVED,1,2,574,1,0,1
pay_00007417,400.99,UPI,DIGITAL_SERVICES,13.1_MERCHANDISE_NOT_RECEIVED,1,1,321,0,0,0
pay_00007418,234.74,CREDIT_CARD,DIGITAL_SERVICES,13.1_MERCHANDISE_NOT_RECEIVED,1,0,737,0,0,0
pay_00007419,1978.27,CREDIT_CARD,RETAIL,13.1_MERCHANDISE_NOT_RECEIVED,1,0,257,3,0,0
pay_00007420,427.67,NETBANKING,DIGITAL_SERVICES,10.4_FRAUDULENT_TRANSACTION,1,1,376,0,0,0
pay_00007421,1857.14,UPI,TRAVEL,10.4_FRAUDULENT_TRANSACTION,1,0,628,2,0,0
pay_00007422,842.37,UPI,TRAVEL,10.4_FRAUDULENT_TRANSACTION,1,0,175,0,0,0
pay_00007423,906.2,WALLET,DIGITAL_SERVICES,13.3_NOT_AS_DESCRIBED,0,1,329,0,0,1
pay_00007424,1049.99,UPI,TRAVEL,13.3_NOT_AS_DESCRIBED,0,0,283,0,0,1
pay_00007425,787.61,UPI,DIGITAL_SERVICES,13.3_NOT_AS_DESCRIBED,1,0,294,0,1,0
pay_00007426,259.07,UPI,RETAIL,13.1_MERCHANDISE_NOT_RECEIVED,1,0,403,0,0,0
pay_00007427,655.8,UPI,DIGITAL_SERVICES,13.1_MERCHANDISE_NOT_RECEIVED,1,0,808,0,0,0
pay_00007428,1734.78,WALLET,ELECTRONICS,10.4_FRAUDULENT_TRANSACTION,1,0,721,2,0,0
pay_00007429,1743.95,UPI,RETAIL,10.4_FRAUDULENT_TRANSACTION,1,1,652,0,0,0
pay_00007430,605.78,NETBANKING,TRAVEL,10.4_FRAUDULENT_TRANSACTION,0,0,578,0,0,0
pay_00007431,1024.56,WALLET,TRAVEL,10.5_VISA_EASY_PAYMENT,0,0,200,0,0,0
pay_00007432,422.48,CREDIT_CARD,RETAIL,10.4_FRAUDULENT_TRANSACTION,1,0,33,0,1,1
pay_00007433,454.29,UPI,ELECTRONICS,13.1_MERCHANDISE_NOT_RECEIVED,1,0,508,2,0,0
pay_00007434,134.98,UPI,RETAIL,13.3_NOT_AS_DESCRIBED,1,2,141,0,0,0
pay_00007435,3505.85,UPI,GAMING,10.4_FRAUDULENT_TRANSACTION,1,0,43,0,0,0
pay_00007436,454.93,UPI,ELECTRONICS,13.1_MERCHANDISE_NOT_RECEIVED,1,1,661,1,1,0
pay_00007437,487.25,CREDIT_CARD,RETAIL,13.3_NOT_AS_DESCRIBED,1,1,723,2,0,0
pay_00007438,591.93,UPI,GAMING,13.1_MERCHANDISE_NOT_RECEIVED,1,0,418,0,1,0
pay_00007439,304.43,NETBANKING,DIGITAL_SERVICES,13.1_MERCHANDISE_NOT_RECEIVED,1,0,798,0,0,0
pay_00007440,1629.41,CREDIT_CARD,ELECTRONICS,10.4_FRAUDULENT_TRANSACTION,1,0,276,0,0,0
pay_00007441,217.17,CREDIT_CARD,DIGITAL_SERVICES,13.1_MERCHANDISE_NOT_RECEIVED,1,0,82,0,0,0
pay_00007442,316.16,NETBANKING,GAMING,10.4_FRAUDULENT_TRANSACTION,1,0,213,1,1,1
pay_00007443,1652.43,UPI,TRAVEL,10.4_FRAUDULENT_TRANSACTION,1,1,632,0,0,0
pay_00007444,722.5,UPI,TRAVEL,13.1_MERCHANDISE_NOT_RECEIVED,1,0,932,0,0,0
pay_00007445,1946.23,UPI,TRAVEL,10.4_FRAUDULENT_TRANSACTION,0,0,775,0,0,0
pay_00007446,1322.72,UPI,DIGITAL_SERVICES,13.3_NOT_AS_DESCRIBED,1,1,197,0,0,0
pay_00007447,543.61,CREDIT_CARD,ELECTRONICS,10.4_FRAUDULENT_TRANSACTION,1,1,777,1,0,0
pay_00007448,1678.29,UPI,DIGITAL_SERVICES,13.3_NOT_AS_DESCRIBED,1,1,45,0,0,0
pay_00007449,285.41,UPI,DIGITAL_SERVICES,10.4_FRAUDULENT_TRANSACTION,1,0,530,0,0,0
pay_00007450,1253.13,WALLET,TRAVEL,10.5_VISA_EASY_PAYMENT,1,1,303,0,0,0
pay_00007451,962.11,UPI,DIGITAL_SERVICES,10.4_FRAUDULENT_TRANSACTION,1,0,626,1,0,0
pay_00007452,567.7,CREDIT_CARD,GAMING,10.4_FRAUDULENT_TRANSACTION,0,1,513,0,0,1
pay_00007453,1489.53,UPI,RETAIL,13.3_NOT_AS_DESCRIBED,1,1,996,0,0,0
pay_00007454,3175.8,UPI,RETAIL,10.5_VISA_EASY_PAYMENT,1,0,749,0,0,0
pay_00007455,10325.09,CREDIT_CARD,RETAIL,10.5_VISA_EASY_PAYMENT,1,0,846,0,0,0
pay_00007456,1503.83,NETBANKING,TRAVEL,10.4_FRAUDULENT_TRANSACTION,1,0,328,0,0,0
pay_00007457,878.05,UPI,TRAVEL,13.1_MERCHANDISE_NOT_RECEIVED,0,1,821,0,0,0
pay_00007458,482.74,UPI,RETAIL,13.1_MERCHANDISE_NOT_RECEIVED,1,0,37,0,0,1
pay_00007459,545.78,UPI,ELECTRONICS,13.1_MERCHANDISE_NOT_RECEIVED,1,1,20,0,0,0
pay_00007460,1079.32,UPI,RETAIL,10.4_FRAUDULENT_TRANSACTION,1,0,351,0,0,0
pay_00007461,786.59,UPI,DIGITAL_SERVICES,10.4_FRAUDULENT_TRANSACTION,1,2,967,0,0,0
pay_00007462,3776.88,CREDIT_CARD,RETAIL,13.3_NOT_AS_DESCRIBED,1,1,186,0,0,0
pay_00007463,789.0,UPI,RETAIL,13.3_NOT_AS_DESCRIBED,1,0,632,0,0,0
pay_00007464,801.28,UPI,ELECTRONICS,13.3_NOT_AS_DESCRIBED,1,1,41,3,0,0
pay_00007465,825.63,CREDIT_CARD,TRAVEL,13.1_MERCHANDISE_NOT_RECEIVED,1,0,934,0,0,0
pay_00007466,2817.52,UPI,TRAVEL,13.1_MERCHANDISE_NOT_RECEIVED,1,0,300,0,0,0
pay_00007467,1678.12,UPI,DIGITAL_SERVICES,10.4_FRAUDULENT_TRANSACTION,1,0,377,0,0,0
pay_00007468,1528.53,WALLET,RETAIL,13.1_MERCHANDISE_NOT_RECEIVED,1,0,235,0,0,0
pay_00007469,710.02,UPI,GAMING,13.1_MERCHANDISE_NOT_RECEIVED,1,0,911,0,1,0
pay_00007470,2654.83,DEBIT_CARD,DIGITAL_SERVICES,10.4_FRAUDULENT_TRANSACTION,1,0,881,0,0,0
pay_00007471,158.68,UPI,TRAVEL,13.3_NOT_AS_DESCRIBED,1,0,895,0,0,0
pay_00007472,3169.56,UPI,ELECTRONICS,13.3_NOT_AS_DESCRIBED,1,2,419,0,0,0
pay_00007473,1178.47,UPI,TRAVEL,10.5_VISA_EASY_PAYMENT,1,0,81,0,0,0
pay_00007474,861.87,UPI,TRAVEL,10.4_FRAUDULENT_TRANSACTION,0,0,27,0,0,1
pay_00007475,1131.25,UPI,ELECTRONICS,13.1_MERCHANDISE_NOT_RECEIVED,1,1,21,2,0,0
pay_00007476,1751.29,UPI,RETAIL,10.5_VISA_EASY_PAYMENT,0,0,296,0,0,0
pay_00007477,119.27,NETBANKING,RETAIL,10.4_FRAUDULENT_TRANSACTION,1,1,758,1,1,1
pay_00007478,3178.35,CREDIT_CARD,TRAVEL,13.3_NOT_AS_DESCRIBED,1,0,556,0,0,0
pay_00007479,987.89,UPI,DIGITAL_SERVICES,10.5_VISA_EASY_PAYMENT,1,2,877,0,0,0
pay_00007480,730.03,CREDIT_CARD,GAMING,13.1_MERCHANDISE_NOT_RECEIVED,1,1,858,0,0,0
pay_00007481,323.18,NETBANKING,DIGITAL_SERVICES,10.5_VISA_EASY_PAYMENT,1,1,172,0,1,0
pay_00007482,968.3,DEBIT_CARD,DIGITAL_SERVICES,13.1_MERCHANDISE_NOT_RECEIVED,1,0,773,0,1,0
pay_00007483,1128.73,UPI,TRAVEL,10.4_FRAUDULENT_TRANSACTION,0,0,865,0,0,0
pay_00007484,875.38,NETBANKING,TRAVEL,10.4_FRAUDULENT_TRANSACTION,1,0,380,2,1,0
pay_00007485,1802.88,UPI,GAMING,13.1_MERCHANDISE_NOT_RECEIVED,1,0,945,0,0,0
pay_00007486,919.41,UPI,GAMING,10.4_FRAUDULENT_TRANSACTION,0,0,709,0,0,0
pay_00007487,4982.44,CREDIT_CARD,GAMING,13.1_MERCHANDISE_NOT_RECEIVED,1,1,732,1,0,0
pay_00007488,1471.73,NETBANKING,TRAVEL,10.4_FRAUDULENT_TRANSACTION,0,1,149,0,0,1
pay_00007489,2571.32,NETBANKING,TRAVEL,10.5_VISA_EASY_PAYMENT,1,0,520,0,0,0
pay_00007490,273.72,NETBANKING,DIGITAL_SERVICES,10.4_FRAUDULENT_TRANSACTION,1,1,834,0,0,0
pay_00007491,859.48,UPI,TRAVEL,13.1_MERCHANDISE_NOT_RECEIVED,1,0,887,2,0,0
pay_00007492,716.13,NETBANKING,RETAIL,13.1_MERCHANDISE_NOT_RECEIVED,1,1,165,0,0,0
pay_00007493,1364.15,UPI,RETAIL,13.3_NOT_AS_DESCRIBED,1,1,910,2,0,0
pay_00007494,3061.15,UPI,GAMING,10.4_FRAUDULENT_TRANSACTION,1,1,418,0,0,0
pay_00007495,222.37,CREDIT_CARD,TRAVEL,10.5_VISA_EASY_PAYMENT,1,2,373,1,0,1
pay_00007496,213.01,UPI,RETAIL,10.4_FRAUDULENT_TRANSACTION,1,0,108,0,0,0
pay_00007497,2948.86,CREDIT_CARD,DIGITAL_SERVICES,10.4_FRAUDULENT_TRANSACTION,1,0,316,1,0,0
pay_00007498,459.0,UPI,ELECTRONICS,13.1_MERCHANDISE_NOT_RECEIVED,1,1,445,0,1,1
pay_00007499,1757.34,NETBANKING,DIGITAL_SERVICES,13.1_MERCHANDISE_NOT_RECEIVED,1,0,430,0,0,0
pay_00007500,1274.21,UPI,ELECTRONICS,13.1_MERCHANDISE_NOT_RECEIVED,0,2,485,0,0,1
pay_00007501,2783.69,UPI,DIGITAL_SERVICES,13.1_MERCHANDISE_NOT_RECEIVED,1,1,661,0,0,0
pay_00007502,300.45,NETBANKING,RETAIL,10.4_FRAUDULENT_TRANSACTION,1,1,219,0,0,0
pay_00007503,308.52,UPI,TRAVEL,10.4_FRAUDULENT_TRANSACTION,1,1,498,0,0,0
pay_00007504,1320.66,CREDIT_CARD,ELECTRONICS,10.4_FRAUDULENT_TRANSACTION,1,1,249,0,1,1
pay_00007505,4488.71,CREDIT_CARD,TRAVEL,10.5_VISA_EASY_PAYMENT,1,2,274,0,0,1
pay_00007506,904.21,CREDIT_CARD,TRAVEL,13.3_NOT_AS_DESCRIBED,1,1,368,0,0,0
pay_00007507,693.89,CREDIT_CARD,RETAIL,10.4_FRAUDULENT_TRANSACTION,1,0,829,0,0,0
pay_00007508,1499.73,UPI,GAMING,10.4_FRAUDULENT_TRANSACTION,1,0,197,0,0,0
pay_00007509,4098.53,NETBANKING,GAMING,10.4_FRAUDULENT_TRANSACTION,1,0,674,0,0,0
pay_00007510,2820.34,UPI,ELECTRONICS,13.3_NOT_AS_DESCRIBED,1,0,850,0,0,1
pay_00007511,8200.06,UPI,RETAIL,10.4_FRAUDULENT_TRANSACTION,1,0,950,0,0,0
pay_00007512,134.24,UPI,TRAVEL,13.1_MERCHANDISE_NOT_RECEIVED,1,0,506,0,0,0
pay_00007513,279.63,CREDIT_CARD,DIGITAL_SERVICES,10.4_FRAUDULENT_TRANSACTION,1,1,611,0,0,1
pay_00007514,1510.37,CREDIT_CARD,DIGITAL_SERVICES,13.1_MERCHANDISE_NOT_RECEIVED,1,0,602,0,0,0
pay_00007515,2677.01,NETBANKING,ELECTRONICS,10.4_FRAUDULENT_TRANSACTION,1,0,669,0,0,0
pay_00007516,603.72,DEBIT_CARD,ELECTRONICS,10.4_FRAUDULENT_TRANSACTION,1,0,937,0,0,0
pay_00007517,510.1,CREDIT_CARD,ELECTRONICS,13.1_MERCHANDISE_NOT_RECEIVED,1,1,860,0,0,0
pay_00007518,2419.52,NETBANKING,RETAIL,13.1_MERCHANDISE_NOT_RECEIVED,1,1,710,0,0,0
pay_00007519,187.05,UPI,DIGITAL_SERVICES,13.3_NOT_AS_DESCRIBED,1,2,90,0,0,0
pay_00007520,791.58,CREDIT_CARD,RETAIL,10.4_FRAUDULENT_TRANSACTION,1,2,314,0,0,0
pay_00007521,1157.25,CREDIT_CARD,RETAIL,13.1_MERCHANDISE_NOT_RECEIVED,1,1,722,0,0,0
pay_00007522,1332.66,UPI,TRAVEL,10.4_FRAUDULENT_TRANSACTION,1,0,926,0,0,0
pay_00007523,2056.33,DEBIT_CARD,RETAIL,13.1_MERCHANDISE_NOT_RECEIVED,1,0,673,0,0,1
pay_00007524,757.4,UPI,RETAIL,10.4_FRAUDULENT_TRANSACTION,1,0,959,0,0,0
pay_00007525,1522.77,CREDIT_CARD,TRAVEL,10.4_FRAUDULENT_TRANSACTION,1,1,96,0,0,0
pay_00007526,1420.57,DEBIT_CARD,GAMING,10.4_FRAUDULENT_TRANSACTION,1,0,730,0,0,0
pay_00007527,1289.84,NETBANKING,TRAVEL,10.4_FRAUDULENT_TRANSACTION,1,0,726,0,0,0
pay_00007528,1634.49,NETBANKING,ELECTRONICS,10.4_FRAUDULENT_TRANSACTION,1,1,290,0,0,0
pay_00007529,550.54,CREDIT_CARD,GAMING,13.1_MERCHANDISE_NOT_RECEIVED,0,0,119,0,0,1
pay_00007530,232.67,CREDIT_CARD,DIGITAL_SERVICES,10.4_FRAUDULENT_TRANSACTION,1,0,631,0,0,0
pay_00007531,290.51,UPI,RETAIL,10.4_FRAUDULENT_TRANSACTION,1,1,49,0,0,0
pay_00007532,481.53,UPI,GAMING,10.4_FRAUDULENT_TRANSACTION,1,0,524,0,0,0
pay_00007533,1140.31,NETBANKING,DIGITAL_SERVICES,10.4_FRAUDULENT_TRANSACTION,1,1,254,2,1,0
pay_00007534,2853.03,NETBANKING,TRAVEL,10.4_FRAUDULENT_TRANSACTION,1,1,150,0,0,0
pay_00007535,1912.44,NETBANKING,TRAVEL,10.4_FRAUDULENT_TRANSACTION,1,2,469,0,0,0
pay_00007536,2434.13,UPI,ELECTRONICS,10.4_FRAUDULENT_TRANSACTION,1,0,664,0,0,0
pay_00007537,748.43,NETBANKING,ELECTRONICS,13.3_NOT_AS_DESCRIBED,1,1,312,0,0,0
pay_00007538,877.92,NETBANKING,GAMING,13.1_MERCHANDISE_NOT_RECEIVED,1,0,665,1,0,0
pay_00007539,850.53,UPI,RETAIL,13.1_MERCHANDISE_NOT_RECEIVED,1,1,450,0,0,0
pay_00007540,419.55,CREDIT_CARD,TRAVEL,13.1_MERCHANDISE_NOT_RECEIVED,1,1,641,0,0,0
pay_00007541,194.76,DEBIT_CARD,GAMING,10.5_VISA_EASY_PAYMENT,1,1,202,2,0,0
pay_00007542,1440.75,CREDIT_CARD,GAMING,10.4_FRAUDULENT_TRANSACTION,1,1,374,0,0,0
pay_00007543,6894.63,WALLET,GAMING,10.4_FRAUDULENT_TRANSACTION,1,0,674,0,0,1
pay_00007544,373.78,UPI,ELECTRONICS,10.5_VISA_EASY_PAYMENT,1,0,389,0,0,0
pay_00007545,171.71,DEBIT_CARD,TRAVEL,13.3_NOT_AS_DESCRIBED,1,0,785,0,0,0
pay_00007546,2368.0,DEBIT_CARD,ELECTRONICS,13.3_NOT_AS_DESCRIBED,1,0,641,1,0,0
pay_00007547,536.7,UPI,ELECTRONICS,13.1_MERCHANDISE_NOT_RECEIVED,1,0,462,0,1,0
pay_00007548,2754.8,NETBANKING,GAMING,13.1_MERCHANDISE_NOT_RECEIVED,1,0,405,0,0,0
pay_00007549,1925.77,CREDIT_CARD,DIGITAL_SERVICES,13.1_MERCHANDISE_NOT_RECEIVED,1,1,6,0,0,0
pay_00007550,4469.12,UPI,DIGITAL_SERVICES,13.1_MERCHANDISE_NOT_RECEIVED,1,0,843,0,0,0
pay_00007551,888.72,UPI,DIGITAL_SERVICES,10.4_FRAUDULENT_TRANSACTION,0,1,39,0,0,0
pay_00007552,1726.93,UPI,GAMING,13.3_NOT_AS_DESCRIBED,1,1,955,0,0,0
pay_00007553,1037.83,DEBIT_CARD,RETAIL,10.5_VISA_EASY_PAYMENT,1,0,660,0,0,0
pay_00007554,1593.77,NETBANKING,TRAVEL,13.1_MERCHANDISE_NOT_RECEIVED,1,0,852,2,1,0
pay_00007555,995.66,UPI,GAMING,10.4_FRAUDULENT_TRANSACTION,1,2,725,0,0,0
pay_00007556,413.55,UPI,GAMING,13.1_MERCHANDISE_NOT_RECEIVED,1,0,960,0,1,0
pay_00007557,1163.6,UPI,ELECTRONICS,10.4_FRAUDULENT_TRANSACTION,1,0,630,0,0,0
pay_00007558,1228.02,CREDIT_CARD,DIGITAL_SERVICES,10.5_VISA_EASY_PAYMENT,1,0,152,0,0,0
pay_00007559,2595.87,WALLET,GAMING,13.1_MERCHANDISE_NOT_RECEIVED,1,0,41,0,0,0
pay_00007560,2094.99,CREDIT_CARD,RETAIL,10.4_FRAUDULENT_TRANSACTION,1,0,119,0,0,0
pay_00007561,1735.04,CREDIT_CARD,TRAVEL,13.1_MERCHANDISE_NOT_RECEIVED,1,0,602,0,0,1
pay_00007562,280.52,CREDIT_CARD,RETAIL,13.3_NOT_AS_DESCRIBED,1,0,323,0,0,0
pay_00007563,2012.75,UPI,GAMING,10.4_FRAUDULENT_TRANSACTION,0,0,806,0,0,0
pay_00007564,1140.64,DEBIT_CARD,GAMING,10.4_FRAUDULENT_TRANSACTION,1,0,233,0,0,1
pay_00007565,3467.88,CREDIT_CARD,ELECTRONICS,10.4_FRAUDULENT_TRANSACTION,1,0,38,0,0,0
pay_00007566,3886.17,CREDIT_CARD,RETAIL,13.3_NOT_AS_DESCRIBED,1,0,284,0,0,0
pay_00007567,185.1,NETBANKING,ELECTRONICS,10.4_FRAUDULENT_TRANSACTION,1,0,251,0,0,0
pay_00007568,2677.55,DEBIT_CARD,RETAIL,13.1_MERCHANDISE_NOT_RECEIVED,1,1,778,0,0,0
pay_00007569,157.64,DEBIT_CARD,DIGITAL_SERVICES,10.4_FRAUDULENT_TRANSACTION,1,2,152,0,0,0
pay_00007570,786.33,NETBANKING,DIGITAL_SERVICES,10.4_FRAUDULENT_TRANSACTION,0,1,830,0,0,0
pay_00007571,1272.31,WALLET,RETAIL,10.4_FRAUDULENT_TRANSACTION,1,0,616,2,0,0
pay_00007572,340.43,CREDIT_CARD,ELECTRONICS,10.4_FRAUDULENT_TRANSACTION,1,1,692,0,0,0
pay_00007573,2157.49,UPI,DIGITAL_SERVICES,10.5_VISA_EASY_PAYMENT,1,0,368,0,0,0
pay_00007574,112.58,UPI,GAMING,10.5_VISA_EASY_PAYMENT,1,0,71,1,0,0
pay_00007575,376.96,DEBIT_CARD,TRAVEL,10.4_FRAUDULENT_TRANSACTION,1,0,215,3,0,1
pay_00007576,1404.1,UPI,ELECTRONICS,10.4_FRAUDULENT_TRANSACTION,0,0,215,0,0,0
pay_00007577,1979.68,UPI,RETAIL,10.5_VISA_EASY_PAYMENT,1,1,920,1,0,1
pay_00007578,3826.94,UPI,TRAVEL,10.4_FRAUDULENT_TRANSACTION,1,2,863,0,1,0
pay_00007579,1933.7,DEBIT_CARD,TRAVEL,10.4_FRAUDULENT_TRANSACTION,1,0,882,0,0,0
pay_00007580,1771.1,CREDIT_CARD,GAMING,10.4_FRAUDULENT_TRANSACTION,0,0,252,0,0,0
pay_00007581,852.16,UPI,ELECTRONICS,13.3_NOT_AS_DESCRIBED,0,1,50,0,0,1
pay_00007582,101.93,UPI,TRAVEL,10.4_FRAUDULENT_TRANSACTION,1,1,751,0,0,0
pay_00007583,292.02,DEBIT_CARD,ELECTRONICS,13.1_MERCHANDISE_NOT_RECEIVED,1,1,982,0,0,0
pay_00007584,1247.14,UPI,GAMING,13.1_MERCHANDISE_NOT_RECEIVED,1,0,731,1,0,0
pay_00007585,1786.49,UPI,RETAIL,10.4_FRAUDULENT_TRANSACTION,0,0,934,0,0,0
pay_00007586,910.51,CREDIT_CARD,TRAVEL,10.4_FRAUDULENT_TRANSACTION,1,0,837,0,0,0
pay_00007587,2067.78,CREDIT_CARD,TRAVEL,10.5_VISA_EASY_PAYMENT,1,1,914,0,0,0
pay_00007588,1206.78,UPI,TRAVEL,13.3_NOT_AS_DESCRIBED,1,0,968,0,0,0
pay_00007589,215.61,CREDIT_CARD,ELECTRONICS,13.1_MERCHANDISE_NOT_RECEIVED,1,0,355,0,0,0
pay_00007590,419.82,UPI,TRAVEL,10.4_FRAUDULENT_TRANSACTION,1,1,689,0,0,0
pay_00007591,2848.86,DEBIT_CARD,ELECTRONICS,10.4_FRAUDULENT_TRANSACTION,1,1,17,0,0,0
pay_00007592,2036.0,UPI,DIGITAL_SERVICES,13.1_MERCHANDISE_NOT_RECEIVED,1,1,972,1,0,0
pay_00007593,3477.3,UPI,DIGITAL_SERVICES,10.4_FRAUDULENT_TRANSACTION,0,0,375,1,0,0
pay_00007594,287.59,DEBIT_CARD,ELECTRONICS,10.5_VISA_EASY_PAYMENT,1,1,231,0,0,0
pay_00007595,7041.51,DEBIT_CARD,DIGITAL_SERVICES,10.4_FRAUDULENT_TRANSACTION,0,0,598,0,0,1
pay_00007596,452.46,UPI,GAMING,13.1_MERCHANDISE_NOT_RECEIVED,1,0,886,2,0,0
pay_00007597,117.77,UPI,GAMING,10.4_FRAUDULENT_TRANSACTION,1,0,821,0,0,0
pay_00007598,9041.66,DEBIT_CARD,DIGITAL_SERVICES,13.1_MERCHANDISE_NOT_RECEIVED,1,0,902,0,1,0
pay_00007599,595.0,DEBIT_CARD,RETAIL,13.1_MERCHANDISE_NOT_RECEIVED,0,0,862,0,0,1
pay_00007600,1754.02,UPI,ELECTRONICS,10.4_FRAUDULENT_TRANSACTION,1,0,706,1,0,0
pay_00007601,391.62,CREDIT_CARD,DIGITAL_SERVICES,10.4_FRAUDULENT_TRANSACTION,1,1,645,0,0,0
pay_00007602,1402.07,UPI,ELECTRONICS,13.1_MERCHANDISE_NOT_RECEIVED,1,0,898,0,0,0
pay_00007603,3615.66,CREDIT_CARD,DIGITAL_SERVICES,10.5_VISA_EASY_PAYMENT,1,0,702,0,1,0
pay_00007604,678.89,UPI,GAMING,13.1_MERCHANDISE_NOT_RECEIVED,1,0,99,0,0,0
pay_00007605,1764.15,UPI,RETAIL,10.4_FRAUDULENT_TRANSACTION,1,0,901,0,0,0
pay_00007606,412.2,UPI,ELECTRONICS,13.3_NOT_AS_DESCRIBED,1,0,415,0,0,0
pay_00007607,1570.43,UPI,RETAIL,10.4_FRAUDULENT_TRANSACTION,1,0,81,0,1,0
pay_00007608,715.23,UPI,GAMING,10.4_FRAUDULENT_TRANSACTION,1,2,703,0,0,0
pay_00007609,455.88,UPI,TRAVEL,10.4_FRAUDULENT_TRANSACTION,1,0,987,0,0,0
pay_00007610,663.53,UPI,TRAVEL,10.4_FRAUDULENT_TRANSACTION,1,0,223,0,0,0
pay_00007611,395.56,UPI,ELECTRONICS,10.4_FRAUDULENT_TRANSACTION,1,0,755,0,0,0
pay_00007612,3582.9,DEBIT_CARD,GAMING,13.3_NOT_AS_DESCRIBED,1,1,330,0,1,0
pay_00007613,859.22,UPI,ELECTRONICS,10.4_FRAUDULENT_TRANSACTION,1,2,332,0,1,0
pay_00007614,522.11,DEBIT_CARD,ELECTRONICS,10.4_FRAUDULENT_TRANSACTION,1,0,118,0,1,0
pay_00007615,992.42,UPI,ELECTRONICS,10.4_FRAUDULENT_TRANSACTION,1,0,530,2,0,0
pay_00007616,679.68,UPI,RETAIL,13.1_MERCHANDISE_NOT_RECEIVED,1,0,115,0,0,0
pay_00007617,2146.33,CREDIT_CARD,DIGITAL_SERVICES,10.4_FRAUDULENT_TRANSACTION,1,0,205,0,0,1
pay_00007618,5422.11,WALLET,GAMING,10.4_FRAUDULENT_TRANSACTION,1,0,441,0,0,0
pay_00007619,964.47,UPI,RETAIL,10.4_FRAUDULENT_TRANSACTION,1,1,712,0,0,0
pay_00007620,3060.28,UPI,DIGITAL_SERVICES,10.4_FRAUDULENT_TRANSACTION,1,0,867,0,0,0
pay_00007621,1351.59,CREDIT_CARD,ELECTRONICS,10.4_FRAUDULENT_TRANSACTION,1,0,375,0,0,0
pay_00007622,356.6,NETBANKING,TRAVEL,10.4_FRAUDULENT_TRANSACTION,1,1,318,0,0,0
pay_00007623,1859.79,WALLET,RETAIL,10.4_FRAUDULENT_TRANSACTION,1,1,767,0,0,0
pay_00007624,1180.58,UPI,GAMING,10.4_FRAUDULENT_TRANSACTION,0,1,388,0,1,0
pay_00007625,1677.33,UPI,GAMING,10.4_FRAUDULENT_TRANSACTION,1,0,958,0,0,0
pay_00007626,3406.66,CREDIT_CARD,DIGITAL_SERVICES,13.1_MERCHANDISE_NOT_RECEIVED,1,0,302,0,0,0
pay_00007627,970.89,CREDIT_CARD,RETAIL,13.1_MERCHANDISE_NOT_RECEIVED,1,0,839,0,0,0
pay_00007628,3571.65,CREDIT_CARD,ELECTRONICS,13.1_MERCHANDISE_NOT_RECEIVED,1,0,917,1,0,0
pay_00007629,2183.46,NETBANKING,DIGITAL_SERVICES,10.5_VISA_EASY_PAYMENT,0,1,828,0,1,1
pay_00007630,1105.92,DEBIT_CARD,GAMING,10.5_VISA_EASY_PAYMENT,1,0,685,0,0,0
pay_00007631,1486.57,UPI,RETAIL,10.4_FRAUDULENT_TRANSACTION,1,1,876,0,0,0
pay_00007632,690.86,UPI,TRAVEL,10.4_FRAUDULENT_TRANSACTION,1,0,79,0,1,1
pay_00007633,6265.46,CREDIT_CARD,ELECTRONICS,13.3_NOT_AS_DESCRIBED,1,0,482,0,1,0
pay_00007634,1751.0,UPI,GAMING,10.4_FRAUDULENT_TRANSACTION,1,1,662,0,0,0
pay_00007635,167.26,UPI,RETAIL,13.1_MERCHANDISE_NOT_RECEIVED,1,0,193,0,0,0
pay_00007636,693.17,UPI,TRAVEL,10.5_VISA_EASY_PAYMENT,1,0,262,0,0,0
pay_00007637,1564.52,UPI,GAMING,13.1_MERCHANDISE_NOT_RECEIVED,0,1,833,0,1,0
pay_00007638,186.97,UPI,TRAVEL,10.4_FRAUDULENT_TRANSACTION,1,0,595,0,0,0
pay_00007639,136.26,DEBIT_CARD,GAMING,13.1_MERCHANDISE_NOT_RECEIVED,1,1,896,0,0,0
pay_00007640,996.82,UPI,DIGITAL_SERVICES,10.4_FRAUDULENT_TRANSACTION,1,1,923,0,0,0
pay_00007641,706.75,CREDIT_CARD,DIGITAL_SERVICES,10.5_VISA_EASY_PAYMENT,0,0,906,0,0,1
pay_00007642,965.18,UPI,DIGITAL_SERVICES,10.4_FRAUDULENT_TRANSACTION,0,0,127,0,0,0
pay_00007643,557.13,UPI,RETAIL,10.4_FRAUDULENT_TRANSACTION,1,0,183,0,0,0
pay_00007644,369.98,WALLET,DIGITAL_SERVICES,13.1_MERCHANDISE_NOT_RECEIVED,0,1,462,1,0,1
pay_00007645,1852.64,NETBANKING,RETAIL,10.4_FRAUDULENT_TRANSACTION,1,1,674,0,0,0
pay_00007646,1184.08,UPI,ELECTRONICS,10.4_FRAUDULENT_TRANSACTION,0,1,553,0,1,1
pay_00007647,435.0,DEBIT_CARD,DIGITAL_SERVICES,10.4_FRAUDULENT_TRANSACTION,0,0,160,1,0,1
pay_00007648,677.59,UPI,RETAIL,10.4_FRAUDULENT_TRANSACTION,1,0,451,0,0,0
pay_00007649,1444.03,WALLET,GAMING,10.5_VISA_EASY_PAYMENT,1,0,563,0,0,0
pay_00007650,212.46,UPI,RETAIL,10.4_FRAUDULENT_TRANSACTION,1,2,110,0,0,0
pay_00007651,339.29,UPI,RETAIL,10.4_FRAUDULENT_TRANSACTION,1,0,80,2,0,0
pay_00007652,214.1,CREDIT_CARD,GAMING,13.1_MERCHANDISE_NOT_RECEIVED,1,1,423,0,0,0
pay_00007653,2609.5,DEBIT_CARD,RETAIL,10.4_FRAUDULENT_TRANSACTION,1,0,225,0,0,0
pay_00007654,2193.97,UPI,GAMING,13.1_MERCHANDISE_NOT_RECEIVED,1,1,517,0,0,0
pay_00007655,2199.45,DEBIT_CARD,TRAVEL,10.4_FRAUDULENT_TRANSACTION,1,0,826,0,0,0
pay_00007656,1989.89,UPI,DIGITAL_SERVICES,10.4_FRAUDULENT_TRANSACTION,0,0,227,0,0,0
pay_00007657,1760.2,NETBANKING,ELECTRONICS,10.4_FRAUDULENT_TRANSACTION,1,1,913,0,0,0
pay_00007658,1072.24,UPI,RETAIL,10.4_FRAUDULENT_TRANSACTION,1,0,407,0,0,0
pay_00007659,1642.0,NETBANKING,GAMING,13.1_MERCHANDISE_NOT_RECEIVED,0,0,474,0,0,1
pay_00007660,158.68,UPI,DIGITAL_SERVICES,10.4_FRAUDULENT_TRANSACTION,1,0,174,0,0,0
pay_00007661,1557.17,UPI,RETAIL,13.3_NOT_AS_DESCRIBED,1,0,624,0,0,0
pay_00007662,2356.79,WALLET,DIGITAL_SERVICES,13.3_NOT_AS_DESCRIBED,0,1,391,0,1,0
pay_00007663,1140.8,WALLET,TRAVEL,10.4_FRAUDULENT_TRANSACTION,1,1,105,0,0,0
pay_00007664,763.61,CREDIT_CARD,RETAIL,10.5_VISA_EASY_PAYMENT,1,0,62,0,0,0
pay_00007665,587.4,UPI,GAMING,10.4_FRAUDULENT_TRANSACTION,1,0,7,0,0,0
pay_00007666,1644.2,CREDIT_CARD,TRAVEL,13.3_NOT_AS_DESCRIBED,0,0,527,0,0,0
pay_00007667,1870.39,CREDIT_CARD,RETAIL,10.4_FRAUDULENT_TRANSACTION,1,1,125,3,0,0
pay_00007668,3171.54,CREDIT_CARD,DIGITAL_SERVICES,10.4_FRAUDULENT_TRANSACTION,1,0,926,0,0,0
pay_00007669,728.59,CREDIT_CARD,TRAVEL,10.5_VISA_EASY_PAYMENT,1,1,532,0,0,0
pay_00007670,2303.03,UPI,GAMING,10.5_VISA_EASY_PAYMENT,1,0,963,0,0,0
pay_00007671,1336.1,DEBIT_CARD,RETAIL,13.1_MERCHANDISE_NOT_RECEIVED,1,0,854,2,0,0
pay_00007672,3316.28,DEBIT_CARD,DIGITAL_SERVICES,10.4_FRAUDULENT_TRANSACTION,1,0,368,0,0,0
pay_00007673,1225.57,UPI,DIGITAL_SERVICES,10.5_VISA_EASY_PAYMENT,0,0,310,0,0,1
pay_00007674,1193.57,CREDIT_CARD,TRAVEL,13.1_MERCHANDISE_NOT_RECEIVED,1,1,434,0,0,0
pay_00007675,1393.69,CREDIT_CARD,RETAIL,10.4_FRAUDULENT_TRANSACTION,1,1,839,0,0,0
pay_00007676,2175.34,CREDIT_CARD,DIGITAL_SERVICES,10.4_FRAUDULENT_TRANSACTION,0,1,607,0,0,0
pay_00007677,5115.4,UPI,TRAVEL,13.3_NOT_AS_DESCRIBED,1,0,433,0,0,0
pay_00007678,214.61,CREDIT_CARD,ELECTRONICS,13.3_NOT_AS_DESCRIBED,1,2,761,0,0,0
pay_00007679,182.37,UPI,DIGITAL_SERVICES,10.5_VISA_EASY_PAYMENT,1,0,818,0,0,0
pay_00007680,4260.09,CREDIT_CARD,TRAVEL,10.4_FRAUDULENT_TRANSACTION,1,1,259,1,0,0
pay_00007681,1232.14,DEBIT_CARD,ELECTRONICS,13.1_MERCHANDISE_NOT_RECEIVED,1,0,886,0,0,0
pay_00007682,1531.39,DEBIT_CARD,TRAVEL,10.4_FRAUDULENT_TRANSACTION,1,1,619,0,0,0
pay_00007683,1087.9,UPI,DIGITAL_SERVICES,13.1_MERCHANDISE_NOT_RECEIVED,1,0,448,0,0,0
pay_00007684,247.51,CREDIT_CARD,ELECTRONICS,13.1_MERCHANDISE_NOT_RECEIVED,1,0,247,0,0,0
pay_00007685,2292.1,WALLET,TRAVEL,10.4_FRAUDULENT_TRANSACTION,0,0,558,1,0,1
pay_00007686,2162.88,UPI,RETAIL,13.1_MERCHANDISE_NOT_RECEIVED,1,1,849,1,0,0
pay_00007687,660.3,NETBANKING,ELECTRONICS,10.4_FRAUDULENT_TRANSACTION,1,0,883,0,0,0
pay_00007688,648.44,DEBIT_CARD,TRAVEL,10.4_FRAUDULENT_TRANSACTION,1,0,918,0,0,0
pay_00007689,2828.77,DEBIT_CARD,RETAIL,10.4_FRAUDULENT_TRANSACTION,1,0,436,0,0,0
pay_00007690,212.66,UPI,ELECTRONICS,13.3_NOT_AS_DESCRIBED,1,0,37,0,0,0
pay_00007691,3294.27,UPI,TRAVEL,10.4_FRAUDULENT_TRANSACTION,1,1,637,0,0,0
pay_00007692,544.91,NETBANKING,DIGITAL_SERVICES,10.4_FRAUDULENT_TRANSACTION,0,3,60,0,0,1
pay_00007693,1448.36,UPI,ELECTRONICS,10.4_FRAUDULENT_TRANSACTION,1,0,963,0,0,0
pay_00007694,4223.17,UPI,ELECTRONICS,13.1_MERCHANDISE_NOT_RECEIVED,1,2,432,0,0,0
pay_00007695,1800.38,CREDIT_CARD,RETAIL,10.4_FRAUDULENT_TRANSACTION,1,0,414,0,0,1
pay_00007696,902.75,UPI,TRAVEL,13.3_NOT_AS_DESCRIBED,1,0,216,0,0,0
pay_00007697,1854.52,DEBIT_CARD,DIGITAL_SERVICES,10.5_VISA_EASY_PAYMENT,1,1,609,0,0,0
pay_00007698,732.35,CREDIT_CARD,RETAIL,10.4_FRAUDULENT_TRANSACTION,1,0,811,0,0,0
pay_00007699,587.06,NETBANKING,ELECTRONICS,13.1_MERCHANDISE_NOT_RECEIVED,0,1,138,0,0,0
pay_00007700,8663.17,DEBIT_CARD,RETAIL,10.4_FRAUDULENT_TRANSACTION,1,1,327,0,0,1
pay_00007701,2184.19,UPI,RETAIL,10.4_FRAUDULENT_TRANSACTION,0,0,976,0,0,0
pay_00007702,1652.27,UPI,RETAIL,10.4_FRAUDULENT_TRANSACTION,1,1,864,0,0,0
pay_00007703,758.43,DEBIT_CARD,ELECTRONICS,13.1_MERCHANDISE_NOT_RECEIVED,1,1,2,1,0,0
pay_00007704,175.62,UPI,GAMING,10.5_VISA_EASY_PAYMENT,1,0,584,0,0,0
pay_00007705,147.32,WALLET,RETAIL,13.3_NOT_AS_DESCRIBED,1,0,975,0,0,0
pay_00007706,1311.76,DEBIT_CARD,GAMING,10.5_VISA_EASY_PAYMENT,1,0,496,0,0,0
pay_00007707,2253.43,UPI,DIGITAL_SERVICES,10.5_VISA_EASY_PAYMENT,0,2,835,0,0,0
pay_00007708,1256.27,NETBANKING,DIGITAL_SERVICES,10.4_FRAUDULENT_TRANSACTION,1,2,468,0,0,0
pay_00007709,2856.25,UPI,DIGITAL_SERVICES,10.4_FRAUDULENT_TRANSACTION,1,1,226,0,0,0
pay_00007710,151.0,UPI,TRAVEL,10.4_FRAUDULENT_TRANSACTION,1,0,239,0,0,0
pay_00007711,785.34,DEBIT_CARD,ELECTRONICS,13.1_MERCHANDISE_NOT_RECEIVED,1,0,174,2,0,1
pay_00007712,505.88,NETBANKING,GAMING,10.4_FRAUDULENT_TRANSACTION,1,0,373,1,0,0
pay_00007713,989.34,CREDIT_CARD,TRAVEL,13.3_NOT_AS_DESCRIBED,1,0,169,0,0,0
pay_00007714,212.69,UPI,GAMING,13.1_MERCHANDISE_NOT_RECEIVED,1,0,4,0,0,1
pay_00007715,4722.97,UPI,ELECTRONICS,13.1_MERCHANDISE_NOT_RECEIVED,1,1,599,0,0,0
pay_00007716,478.97,UPI,RETAIL,10.4_FRAUDULENT_TRANSACTION,0,1,392,2,1,1
pay_00007717,3932.5,UPI,TRAVEL,10.4_FRAUDULENT_TRANSACTION,1,2,522,0,0,0
pay_00007718,932.41,UPI,ELECTRONICS,10.4_FRAUDULENT_TRANSACTION,0,1,512,0,0,1
pay_00007719,6452.91,CREDIT_CARD,TRAVEL,10.5_VISA_EASY_PAYMENT,1,0,113,0,0,0
pay_00007720,1311.35,NETBANKING,DIGITAL_SERVICES,10.4_FRAUDULENT_TRANSACTION,1,0,102,0,0,0
pay_00007721,4106.84,UPI,TRAVEL,13.1_MERCHANDISE_NOT_RECEIVED,1,0,517,0,0,0
pay_00007722,108.05,UPI,RETAIL,10.5_VISA_EASY_PAYMENT,1,1,74,0,0,1
pay_00007723,2168.91,DEBIT_CARD,RETAIL,10.4_FRAUDULENT_TRANSACTION,1,0,602,0,0,0
pay_00007724,3600.35,DEBIT_CARD,GAMING,10.4_FRAUDULENT_TRANSACTION,1,2,113,0,1,0
pay_00007725,325.75,NETBANKING,TRAVEL,13.1_MERCHANDISE_NOT_RECEIVED,1,0,80,0,1,1
pay_00007726,251.6,UPI,DIGITAL_SERVICES,13.1_MERCHANDISE_NOT_RECEIVED,1,0,633,0,1,0
pay_00007727,928.96,UPI,RETAIL,10.5_VISA_EASY_PAYMENT,1,0,443,0,1,0
pay_00007728,4169.87,CREDIT_CARD,GAMING,10.4_FRAUDULENT_TRANSACTION,1,1,442,0,0,0
pay_00007729,1272.6,CREDIT_CARD,DIGITAL_SERVICES,10.4_FRAUDULENT_TRANSACTION,1,0,407,1,1,0
pay_00007730,1224.44,UPI,DIGITAL_SERVICES,10.4_FRAUDULENT_TRANSACTION,1,1,317,0,0,0
pay_00007731,328.2,CREDIT_CARD,DIGITAL_SERVICES,13.1_MERCHANDISE_NOT_RECEIVED,1,1,913,0,0,0
pay_00007732,101.18,UPI,ELECTRONICS,10.4_FRAUDULENT_TRANSACTION,1,0,284,0,0,0
pay_00007733,2592.2,UPI,RETAIL,13.1_MERCHANDISE_NOT_RECEIVED,1,0,146,0,0,0
pay_00007734,237.47,CREDIT_CARD,ELECTRONICS,10.4_FRAUDULENT_TRANSACTION,1,0,820,0,0,1
pay_00007735,1607.07,UPI,ELECTRONICS,13.1_MERCHANDISE_NOT_RECEIVED,1,1,570,0,0,0
pay_00007736,3790.9,CREDIT_CARD,RETAIL,10.4_FRAUDULENT_TRANSACTION,1,3,681,0,0,0
pay_00007737,451.03,UPI,TRAVEL,10.4_FRAUDULENT_TRANSACTION,1,0,715,0,0,0
pay_00007738,1741.66,UPI,GAMING,13.3_NOT_AS_DESCRIBED,1,0,738,0,0,1
pay_00007739,222.95,UPI,RETAIL,10.4_FRAUDULENT_TRANSACTION,0,1,494,0,1,0
pay_00007740,1488.58,UPI,GAMING,10.4_FRAUDULENT_TRANSACTION,1,0,591,0,0,0
pay_00007741,368.57,UPI,TRAVEL,13.1_MERCHANDISE_NOT_RECEIVED,1,0,769,0,0,0
pay_00007742,2097.45,CREDIT_CARD,RETAIL,13.1_MERCHANDISE_NOT_RECEIVED,1,3,353,0,0,1
pay_00007743,637.65,DEBIT_CARD,DIGITAL_SERVICES,10.4_FRAUDULENT_TRANSACTION,0,1,73,0,0,0
pay_00007744,1033.73,UPI,RETAIL,13.1_MERCHANDISE_NOT_RECEIVED,1,1,620,0,0,0
pay_00007745,1472.3,UPI,TRAVEL,10.4_FRAUDULENT_TRANSACTION,1,1,657,0,0,0
pay_00007746,381.8,WALLET,ELECTRONICS,10.4_FRAUDULENT_TRANSACTION,1,0,463,0,0,0
pay_00007747,2130.09,UPI,RETAIL,10.4_FRAUDULENT_TRANSACTION,1,4,260,1,0,0
pay_00007748,640.68,UPI,DIGITAL_SERVICES,10.5_VISA_EASY_PAYMENT,1,0,101,0,0,0
pay_00007749,1728.72,UPI,RETAIL,13.3_NOT_AS_DESCRIBED,1,1,302,0,0,0
pay_00007750,358.47,DEBIT_CARD,ELECTRONICS,10.4_FRAUDULENT_TRANSACTION,1,0,838,0,1,1
pay_00007751,1847.69,UPI,RETAIL,10.4_FRAUDULENT_TRANSACTION,1,0,518,0,0,0
pay_00007752,305.77,CREDIT_CARD,DIGITAL_SERVICES,10.4_FRAUDULENT_TRANSACTION,1,0,339,0,0,0
pay_00007753,931.01,UPI,TRAVEL,10.4_FRAUDULENT_TRANSACTION,1,1,407,0,0,0
pay_00007754,525.95,UPI,DIGITAL_SERVICES,13.3_NOT_AS_DESCRIBED,1,1,606,0,0,0
pay_00007755,2169.72,UPI,TRAVEL,10.4_FRAUDULENT_TRANSACTION,1,2,120,0,0,0
pay_00007756,555.79,DEBIT_CARD,DIGITAL_SERVICES,10.4_FRAUDULENT_TRANSACTION,0,0,385,0,0,0
pay_00007757,3302.02,CREDIT_CARD,GAMING,10.4_FRAUDULENT_TRANSACTION,1,1,509,0,0,0
pay_00007758,3435.94,UPI,RETAIL,10.4_FRAUDULENT_TRANSACTION,1,1,713,0,0,0
pay_00007759,428.06,UPI,RETAIL,10.4_FRAUDULENT_TRANSACTION,0,0,701,0,0,0
pay_00007760,1527.28,CREDIT_CARD,ELECTRONICS,13.1_MERCHANDISE_NOT_RECEIVED,0,0,918,0,1,1
pay_00007761,237.71,DEBIT_CARD,GAMING,10.4_FRAUDULENT_TRANSACTION,1,0,193,0,0,0
pay_00007762,845.23,UPI,ELECTRONICS,10.4_FRAUDULENT_TRANSACTION,1,1,891,0,0,0
pay_00007763,1974.09,CREDIT_CARD,RETAIL,10.4_FRAUDULENT_TRANSACTION,1,1,825,0,0,0
pay_00007764,1715.67,UPI,ELECTRONICS,13.3_NOT_AS_DESCRIBED,0,0,420,0,0,1
pay_00007765,1570.05,UPI,TRAVEL,10.4_FRAUDULENT_TRANSACTION,1,1,25,0,0,0
pay_00007766,598.06,UPI,GAMING,10.4_FRAUDULENT_TRANSACTION,1,1,528,0,1,0
pay_00007767,812.28,DEBIT_CARD,DIGITAL_SERVICES,10.4_FRAUDULENT_TRANSACTION,1,0,922,0,0,0
pay_00007768,262.96,UPI,TRAVEL,10.4_FRAUDULENT_TRANSACTION,1,0,732,0,0,0
pay_00007769,2004.22,DEBIT_CARD,DIGITAL_SERVICES,10.4_FRAUDULENT_TRANSACTION,1,1,517,1,0,0
pay_00007770,1151.43,DEBIT_CARD,ELECTRONICS,10.4_FRAUDULENT_TRANSACTION,1,3,880,0,0,0
pay_00007771,1950.44,DEBIT_CARD,RETAIL,10.4_FRAUDULENT_TRANSACTION,1,1,150,0,0,0
pay_00007772,529.41,UPI,TRAVEL,10.4_FRAUDULENT_TRANSACTION,1,0,782,0,0,0
pay_00007773,688.32,UPI,GAMING,10.4_FRAUDULENT_TRANSACTION,1,0,457,1,0,0
pay_00007774,710.18,WALLET,DIGITAL_SERVICES,13.1_MERCHANDISE_NOT_RECEIVED,0,0,462,0,0,0
pay_00007775,139.12,DEBIT_CARD,TRAVEL,13.1_MERCHANDISE_NOT_RECEIVED,1,0,592,0,0,0
pay_00007776,725.66,DEBIT_CARD,RETAIL,10.4_FRAUDULENT_TRANSACTION,1,0,639,1,0,1
pay_00007777,2539.15,UPI,GAMING,13.1_MERCHANDISE_NOT_RECEIVED,1,0,990,0,0,0
pay_00007778,3513.89,UPI,GAMING,13.1_MERCHANDISE_NOT_RECEIVED,1,0,736,0,0,0
pay_00007779,1195.4,DEBIT_CARD,DIGITAL_SERVICES,10.5_VISA_EASY_PAYMENT,1,1,838,0,0,0
pay_00007780,1011.84,UPI,TRAVEL,13.3_NOT_AS_DESCRIBED,0,0,785,0,0,0
pay_00007781,146.96,CREDIT_CARD,TRAVEL,13.1_MERCHANDISE_NOT_RECEIVED,1,0,257,0,1,0
pay_00007782,3270.48,UPI,GAMING,13.3_NOT_AS_DESCRIBED,1,1,146,0,0,0
pay_00007783,119.64,UPI,ELECTRONICS,10.4_FRAUDULENT_TRANSACTION,1,2,587,0,0,0
pay_00007784,4443.83,UPI,GAMING,10.4_FRAUDULENT_TRANSACTION,1,0,11,0,0,0
pay_00007785,1107.71,UPI,RETAIL,10.4_FRAUDULENT_TRANSACTION,1,0,604,0,0,0
pay_00007786,727.68,UPI,TRAVEL,10.4_FRAUDULENT_TRANSACTION,0,0,780,0,0,0
pay_00007787,3969.85,CREDIT_CARD,DIGITAL_SERVICES,10.4_FRAUDULENT_TRANSACTION,1,1,162,0,1,1
pay_00007788,137.04,UPI,TRAVEL,10.4_FRAUDULENT_TRANSACTION,1,1,592,1,0,0
pay_00007789,1406.35,UPI,GAMING,10.4_FRAUDULENT_TRANSACTION,1,0,714,0,0,1
pay_00007790,1294.21,NETBANKING,RETAIL,10.5_VISA_EASY_PAYMENT,1,2,762,0,0,0
pay_00007791,471.39,UPI,ELECTRONICS,10.4_FRAUDULENT_TRANSACTION,1,0,757,0,0,0
pay_00007792,940.25,UPI,TRAVEL,13.1_MERCHANDISE_NOT_RECEIVED,1,0,878,0,0,0
pay_00007793,1684.47,DEBIT_CARD,GAMING,10.5_VISA_EASY_PAYMENT,1,0,254,0,0,0
pay_00007794,2048.15,NETBANKING,GAMING,13.1_MERCHANDISE_NOT_RECEIVED,1,0,615,1,0,0
pay_00007795,101.08,UPI,GAMING,10.4_FRAUDULENT_TRANSACTION,1,0,904,0,0,0
pay_00007796,4243.45,UPI,RETAIL,13.1_MERCHANDISE_NOT_RECEIVED,0,0,218,1,0,0
pay_00007797,369.63,CREDIT_CARD,GAMING,10.4_FRAUDULENT_TRANSACTION,1,1,810,0,0,0
pay_00007798,499.04,UPI,GAMING,10.4_FRAUDULENT_TRANSACTION,1,0,746,0,0,0
pay_00007799,558.71,DEBIT_CARD,GAMING,13.3_NOT_AS_DESCRIBED,1,0,142,0,0,0
pay_00007800,157.83,WALLET,TRAVEL,10.4_FRAUDULENT_TRANSACTION,0,0,947,0,0,0
pay_00007801,296.96,NETBANKING,GAMING,13.3_NOT_AS_DESCRIBED,1,1,393,0,0,0
pay_00007802,6541.02,UPI,RETAIL,10.4_FRAUDULENT_TRANSACTION,0,0,241,0,0,1
pay_00007803,667.98,UPI,TRAVEL,13.1_MERCHANDISE_NOT_RECEIVED,1,1,83,0,0,0
pay_00007804,283.76,WALLET,GAMING,10.4_FRAUDULENT_TRANSACTION,1,0,354,0,0,0
pay_00007805,269.74,UPI,ELECTRONICS,10.5_VISA_EASY_PAYMENT,0,0,879,0,0,0
pay_00007806,2006.56,UPI,RETAIL,10.4_FRAUDULENT_TRANSACTION,1,0,422,0,0,0
pay_00007807,2992.08,DEBIT_CARD,ELECTRONICS,10.5_VISA_EASY_PAYMENT,1,0,128,0,0,0
pay_00007808,545.49,UPI,RETAIL,10.4_FRAUDULENT_TRANSACTION,1,0,925,0,0,0
pay_00007809,131.7,UPI,ELECTRONICS,13.1_MERCHANDISE_NOT_RECEIVED,1,1,797,0,0,0
pay_00007810,478.65,NETBANKING,GAMING,13.1_MERCHANDISE_NOT_RECEIVED,1,0,28,0,0,0
pay_00007811,187.26,UPI,ELECTRONICS,10.4_FRAUDULENT_TRANSACTION,1,0,752,1,0,0
pay_00007812,263.71,UPI,ELECTRONICS,13.1_MERCHANDISE_NOT_RECEIVED,1,0,241,0,0,0
pay_00007813,947.15,UPI,RETAIL,10.4_FRAUDULENT_TRANSACTION,1,1,344,0,0,0
pay_00007814,491.89,CREDIT_CARD,GAMING,10.4_FRAUDULENT_TRANSACTION,1,0,92,0,0,0
pay_00007815,1188.34,UPI,RETAIL,13.3_NOT_AS_DESCRIBED,1,0,106,0,0,0
pay_00007816,538.53,UPI,GAMING,10.5_VISA_EASY_PAYMENT,1,1,748,0,0,0
pay_00007817,4333.61,CREDIT_CARD,DIGITAL_SERVICES,13.1_MERCHANDISE_NOT_RECEIVED,0,1,122,0,0,1
pay_00007818,3645.8,DEBIT_CARD,TRAVEL,13.1_MERCHANDISE_NOT_RECEIVED,1,1,76,0,0,0
pay_00007819,1354.85,UPI,TRAVEL,13.1_MERCHANDISE_NOT_RECEIVED,1,1,339,0,0,0
pay_00007820,756.42,DEBIT_CARD,RETAIL,13.3_NOT_AS_DESCRIBED,1,2,262,0,0,0
pay_00007821,819.83,UPI,GAMING,10.5_VISA_EASY_PAYMENT,1,1,770,0,0,0
pay_00007822,896.17,CREDIT_CARD,ELECTRONICS,13.1_MERCHANDISE_NOT_RECEIVED,1,0,565,0,0,0
pay_00007823,2050.61,UPI,TRAVEL,10.4_FRAUDULENT_TRANSACTION,1,0,256,0,1,0
pay_00007824,1001.23,UPI,RETAIL,10.4_FRAUDULENT_TRANSACTION,1,0,882,0,0,0
pay_00007825,3014.54,DEBIT_CARD,RETAIL,10.4_FRAUDULENT_TRANSACTION,0,0,359,0,0,0
pay_00007826,4426.15,UPI,RETAIL,13.3_NOT_AS_DESCRIBED,1,2,287,0,0,0
pay_00007827,714.09,UPI,GAMING,10.5_VISA_EASY_PAYMENT,0,1,37,0,0,1
pay_00007828,1333.84,UPI,RETAIL,13.1_MERCHANDISE_NOT_RECEIVED,1,1,696,0,0,0
pay_00007829,249.82,CREDIT_CARD,DIGITAL_SERVICES,10.5_VISA_EASY_PAYMENT,1,0,630,0,0,0
pay_00007830,435.6,UPI,ELECTRONICS,10.4_FRAUDULENT_TRANSACTION,1,0,477,0,0,0
pay_00007831,900.29,UPI,RETAIL,13.1_MERCHANDISE_NOT_RECEIVED,1,0,680,3,0,0
pay_00007832,446.39,UPI,GAMING,13.1_MERCHANDISE_NOT_RECEIVED,1,0,652,0,0,0
pay_00007833,3238.01,UPI,ELECTRONICS,10.4_FRAUDULENT_TRANSACTION,1,0,761,0,0,0
pay_00007834,358.47,UPI,ELECTRONICS,13.1_MERCHANDISE_NOT_RECEIVED,0,0,567,1,0,1
pay_00007835,1012.27,UPI,TRAVEL,10.4_FRAUDULENT_TRANSACTION,1,1,737,0,0,0
pay_00007836,1495.96,UPI,RETAIL,13.1_MERCHANDISE_NOT_RECEIVED,1,2,697,0,0,1
pay_00007837,1865.82,UPI,RETAIL,13.1_MERCHANDISE_NOT_RECEIVED,1,0,367,0,0,0
pay_00007838,824.5,DEBIT_CARD,GAMING,13.3_NOT_AS_DESCRIBED,1,1,685,0,1,1
pay_00007839,3149.97,DEBIT_CARD,DIGITAL_SERVICES,13.1_MERCHANDISE_NOT_RECEIVED,1,1,25,1,0,0
pay_00007840,1360.1,NETBANKING,DIGITAL_SERVICES,10.4_FRAUDULENT_TRANSACTION,1,0,682,0,0,0
pay_00007841,968.41,UPI,TRAVEL,10.4_FRAUDULENT_TRANSACTION,0,0,146,0,0,0
pay_00007842,204.41,WALLET,DIGITAL_SERVICES,10.4_FRAUDULENT_TRANSACTION,1,1,670,0,0,0
pay_00007843,1037.36,UPI,GAMING,10.4_FRAUDULENT_TRANSACTION,1,0,786,0,0,0
pay_00007844,2678.34,WALLET,TRAVEL,13.1_MERCHANDISE_NOT_RECEIVED,1,1,647,0,0,0
pay_00007845,1529.98,UPI,RETAIL,10.4_FRAUDULENT_TRANSACTION,1,0,591,0,0,0
pay_00007846,2777.14,UPI,DIGITAL_SERVICES,13.1_MERCHANDISE_NOT_RECEIVED,1,1,286,0,0,0
pay_00007847,1121.86,UPI,GAMING,10.4_FRAUDULENT_TRANSACTION,0,1,389,0,0,1
pay_00007848,289.13,UPI,GAMING,10.4_FRAUDULENT_TRANSACTION,1,0,197,0,0,0
pay_00007849,120.6,DEBIT_CARD,RETAIL,10.4_FRAUDULENT_TRANSACTION,1,1,417,3,0,1
pay_00007850,641.93,DEBIT_CARD,GAMING,10.4_FRAUDULENT_TRANSACTION,1,0,6,0,0,0
pay_00007851,1895.95,WALLET,TRAVEL,10.4_FRAUDULENT_TRANSACTION,1,0,304,0,0,0
pay_00007852,2442.83,CREDIT_CARD,TRAVEL,10.4_FRAUDULENT_TRANSACTION,0,0,872,0,0,0
pay_00007853,625.94,UPI,ELECTRONICS,10.4_FRAUDULENT_TRANSACTION,0,0,388,0,1,0
pay_00007854,1126.74,UPI,RETAIL,10.4_FRAUDULENT_TRANSACTION,1,0,653,0,0,0
pay_00007855,919.99,WALLET,GAMING,10.4_FRAUDULENT_TRANSACTION,1,1,618,0,0,0
pay_00007856,892.78,CREDIT_CARD,DIGITAL_SERVICES,10.4_FRAUDULENT_TRANSACTION,1,1,794,0,0,0
pay_00007857,494.68,DEBIT_CARD,TRAVEL,10.4_FRAUDULENT_TRANSACTION,1,1,945,0,0,0
pay_00007858,319.92,UPI,RETAIL,10.4_FRAUDULENT_TRANSACTION,1,2,532,0,1,0
pay_00007859,428.52,CREDIT_CARD,RETAIL,13.1_MERCHANDISE_NOT_RECEIVED,1,2,672,0,1,0
pay_00007860,185.38,NETBANKING,TRAVEL,10.4_FRAUDULENT_TRANSACTION,1,0,224,0,0,0
pay_00007861,431.21,UPI,ELECTRONICS,13.1_MERCHANDISE_NOT_RECEIVED,1,1,626,1,0,0
pay_00007862,113.87,UPI,RETAIL,10.4_FRAUDULENT_TRANSACTION,0,0,485,0,0,0
pay_00007863,1580.3,UPI,GAMING,10.5_VISA_EASY_PAYMENT,1,0,620,0,0,0
pay_00007864,670.52,DEBIT_CARD,DIGITAL_SERVICES,10.4_FRAUDULENT_TRANSACTION,1,0,250,0,0,0
pay_00007865,5525.94,UPI,DIGITAL_SERVICES,13.1_MERCHANDISE_NOT_RECEIVED,1,0,961,0,0,0
pay_00007866,422.98,UPI,TRAVEL,10.4_FRAUDULENT_TRANSACTION,1,0,985,0,0,0
pay_00007867,736.58,UPI,RETAIL,13.1_MERCHANDISE_NOT_RECEIVED,1,1,473,0,0,0
pay_00007868,764.38,CREDIT_CARD,DIGITAL_SERVICES,13.1_MERCHANDISE_NOT_RECEIVED,1,0,693,0,0,0
pay_00007869,112.73,UPI,RETAIL,10.4_FRAUDULENT_TRANSACTION,0,2,65,0,0,0
pay_00007870,2841.47,UPI,TRAVEL,10.4_FRAUDULENT_TRANSACTION,1,0,643,0,0,0
pay_00007871,148.78,WALLET,ELECTRONICS,10.5_VISA_EASY_PAYMENT,1,3,871,0,0,1
pay_00007872,4324.62,WALLET,DIGITAL_SERVICES,13.3_NOT_AS_DESCRIBED,0,0,405,0,0,0
pay_00007873,3439.47,UPI,GAMING,13.1_MERCHANDISE_NOT_RECEIVED,1,0,299,2,0,0
pay_00007874,1250.26,DEBIT_CARD,TRAVEL,13.3_NOT_AS_DESCRIBED,1,0,793,0,1,0
pay_00007875,1276.56,CREDIT_CARD,ELECTRONICS,10.4_FRAUDULENT_TRANSACTION,1,1,500,3,0,0
pay_00007876,1691.01,UPI,GAMING,13.1_MERCHANDISE_NOT_RECEIVED,1,0,853,0,0,0
pay_00007877,834.21,UPI,GAMING,10.4_FRAUDULENT_TRANSACTION,1,0,367,0,0,0
pay_00007878,1662.88,UPI,DIGITAL_SERVICES,13.1_MERCHANDISE_NOT_RECEIVED,1,0,963,0,0,0
pay_00007879,168.7,UPI,RETAIL,13.3_NOT_AS_DESCRIBED,1,0,488,1,0,0
pay_00007880,183.34,UPI,TRAVEL,10.4_FRAUDULENT_TRANSACTION,1,0,733,0,0,0
pay_00007881,1016.61,DEBIT_CARD,GAMING,13.1_MERCHANDISE_NOT_RECEIVED,1,1,931,0,0,0
pay_00007882,1296.5,UPI,DIGITAL_SERVICES,10.4_FRAUDULENT_TRANSACTION,1,1,598,0,1,0
pay_00007883,3381.44,CREDIT_CARD,ELECTRONICS,10.4_FRAUDULENT_TRANSACTION,0,1,151,0,1,0
pay_00007884,265.83,UPI,GAMING,10.5_VISA_EASY_PAYMENT,1,0,781,0,0,0
pay_00007885,2694.43,CREDIT_CARD,ELECTRONICS,13.3_NOT_AS_DESCRIBED,1,1,482,0,0,0
pay_00007886,453.67,UPI,TRAVEL,10.4_FRAUDULENT_TRANSACTION,1,1,23,1,0,0
pay_00007887,851.52,CREDIT_CARD,DIGITAL_SERVICES,13.1_MERCHANDISE_NOT_RECEIVED,1,1,63,0,0,0
pay_00007888,671.02,DEBIT_CARD,ELECTRONICS,10.4_FRAUDULENT_TRANSACTION,1,0,611,0,0,0
pay_00007889,866.63,DEBIT_CARD,RETAIL,10.4_FRAUDULENT_TRANSACTION,1,0,595,0,0,0
pay_00007890,344.65,UPI,ELECTRONICS,13.3_NOT_AS_DESCRIBED,1,2,527,0,0,0
pay_00007891,1150.47,CREDIT_CARD,ELECTRONICS,10.4_FRAUDULENT_TRANSACTION,1,0,117,0,0,0
pay_00007892,2526.53,NETBANKING,DIGITAL_SERVICES,10.4_FRAUDULENT_TRANSACTION,1,0,463,0,0,0
pay_00007893,973.84,CREDIT_CARD,DIGITAL_SERVICES,10.4_FRAUDULENT_TRANSACTION,1,0,244,0,0,0
pay_00007894,1111.82,UPI,GAMING,10.4_FRAUDULENT_TRANSACTION,1,1,794,0,0,0
pay_00007895,2933.41,CREDIT_CARD,ELECTRONICS,10.4_FRAUDULENT_TRANSACTION,1,0,871,2,0,1
pay_00007896,1936.56,UPI,ELECTRONICS,13.1_MERCHANDISE_NOT_RECEIVED,1,0,451,1,0,0
pay_00007897,1111.35,NETBANKING,DIGITAL_SERVICES,10.4_FRAUDULENT_TRANSACTION,0,0,505,0,0,0
pay_00007898,546.99,CREDIT_CARD,RETAIL,10.4_FRAUDULENT_TRANSACTION,1,0,337,0,0,0
pay_00007899,3343.28,UPI,DIGITAL_SERVICES,10.4_FRAUDULENT_TRANSACTION,1,1,606,0,0,0
pay_00007900,1390.65,UPI,RETAIL,10.4_FRAUDULENT_TRANSACTION,1,0,573,0,1,0
pay_00007901,474.9,UPI,DIGITAL_SERVICES,10.4_FRAUDULENT_TRANSACTION,1,0,668,0,0,0
pay_00007902,570.26,NETBANKING,TRAVEL,10.4_FRAUDULENT_TRANSACTION,1,0,290,0,0,0
pay_00007903,2537.84,UPI,ELECTRONICS,10.4_FRAUDULENT_TRANSACTION,1,1,656,0,0,0
pay_00007904,167.72,UPI,RETAIL,10.4_FRAUDULENT_TRANSACTION,1,0,427,1,0,1
pay_00007905,7359.86,NETBANKING,TRAVEL,10.4_FRAUDULENT_TRANSACTION,1,0,233,1,0,1
pay_00007906,309.5,UPI,RETAIL,13.1_MERCHANDISE_NOT_RECEIVED,0,1,651,0,1,1
pay_00007907,2484.96,UPI,GAMING,10.4_FRAUDULENT_TRANSACTION,1,0,664,1,0,0
pay_00007908,853.23,CREDIT_CARD,GAMING,10.4_FRAUDULENT_TRANSACTION,1,0,471,0,0,0
pay_00007909,1116.55,UPI,ELECTRONICS,13.1_MERCHANDISE_NOT_RECEIVED,1,1,409,0,0,0
pay_00007910,3288.55,UPI,TRAVEL,10.5_VISA_EASY_PAYMENT,1,0,229,0,0,0
pay_00007911,898.87,UPI,TRAVEL,13.3_NOT_AS_DESCRIBED,1,0,589,0,0,0
pay_00007912,1256.64,CREDIT_CARD,GAMING,10.5_VISA_EASY_PAYMENT,1,0,915,0,1,0
pay_00007913,175.83,NETBANKING,ELECTRONICS,13.3_NOT_AS_DESCRIBED,1,1,290,0,0,0
pay_00007914,103.53,UPI,GAMING,13.1_MERCHANDISE_NOT_RECEIVED,1,1,374,0,0,0
pay_00007915,521.16,UPI,TRAVEL,13.3_NOT_AS_DESCRIBED,1,0,834,0,0,0
pay_00007916,1811.89,UPI,RETAIL,13.1_MERCHANDISE_NOT_RECEIVED,1,0,200,0,0,0
pay_00007917,293.91,DEBIT_CARD,TRAVEL,10.4_FRAUDULENT_TRANSACTION,0,0,133,1,1,1
pay_00007918,281.15,UPI,ELECTRONICS,10.4_FRAUDULENT_TRANSACTION,1,1,587,0,1,0
pay_00007919,893.89,NETBANKING,TRAVEL,13.1_MERCHANDISE_NOT_RECEIVED,1,0,322,1,0,0
pay_00007920,1665.49,UPI,DIGITAL_SERVICES,13.3_NOT_AS_DESCRIBED,1,0,870,1,0,0
pay_00007921,1967.57,NETBANKING,TRAVEL,10.4_FRAUDULENT_TRANSACTION,0,0,694,0,0,0
pay_00007922,394.84,CREDIT_CARD,DIGITAL_SERVICES,10.4_FRAUDULENT_TRANSACTION,1,1,766,0,0,0
pay_00007923,224.4,CREDIT_CARD,GAMING,13.3_NOT_AS_DESCRIBED,1,0,992,0,0,0
pay_00007924,4330.07,UPI,DIGITAL_SERVICES,13.1_MERCHANDISE_NOT_RECEIVED,1,3,792,0,0,0
pay_00007925,553.01,DEBIT_CARD,TRAVEL,13.3_NOT_AS_DESCRIBED,1,1,588,0,0,0
pay_00007926,2979.52,UPI,TRAVEL,10.5_VISA_EASY_PAYMENT,1,0,742,0,0,0
pay_00007927,3087.05,UPI,TRAVEL,10.4_FRAUDULENT_TRANSACTION,1,0,336,0,0,0
pay_00007928,2321.06,UPI,ELECTRONICS,10.4_FRAUDULENT_TRANSACTION,1,0,179,0,1,1
pay_00007929,377.39,NETBANKING,GAMING,10.4_FRAUDULENT_TRANSACTION,1,0,664,0,0,0
pay_00007930,2687.29,DEBIT_CARD,DIGITAL_SERVICES,13.3_NOT_AS_DESCRIBED,1,2,434,0,0,0
pay_00007931,2299.63,CREDIT_CARD,RETAIL,10.4_FRAUDULENT_TRANSACTION,1,1,873,0,0,1
pay_00007932,1462.2,CREDIT_CARD,DIGITAL_SERVICES,10.4_FRAUDULENT_TRANSACTION,1,3,438,0,1,1
pay_00007933,716.93,UPI,TRAVEL,10.4_FRAUDULENT_TRANSACTION,1,3,785,0,0,0
pay_00007934,556.75,DEBIT_CARD,RETAIL,10.4_FRAUDULENT_TRANSACTION,1,1,480,1,0,0
pay_00007935,294.97,DEBIT_CARD,RETAIL,10.4_FRAUDULENT_TRANSACTION,1,0,468,0,0,0
pay_00007936,1169.28,CREDIT_CARD,DIGITAL_SERVICES,13.3_NOT_AS_DESCRIBED,1,0,497,0,0,0
pay_00007937,1420.16,UPI,DIGITAL_SERVICES,13.1_MERCHANDISE_NOT_RECEIVED,1,0,419,0,0,0
pay_00007938,767.88,WALLET,DIGITAL_SERVICES,13.3_NOT_AS_DESCRIBED,1,1,542,0,0,0
pay_00007939,1067.56,NETBANKING,DIGITAL_SERVICES,10.4_FRAUDULENT_TRANSACTION,1,1,175,0,0,0
pay_00007940,777.69,CREDIT_CARD,GAMING,13.1_MERCHANDISE_NOT_RECEIVED,1,1,298,0,0,0
pay_00007941,1636.67,UPI,ELECTRONICS,13.1_MERCHANDISE_NOT_RECEIVED,1,1,278,0,0,0
pay_00007942,3572.89,CREDIT_CARD,ELECTRONICS,10.4_FRAUDULENT_TRANSACTION,0,2,31,0,0,0
pay_00007943,368.55,CREDIT_CARD,DIGITAL_SERVICES,10.4_FRAUDULENT_TRANSACTION,1,1,51,0,1,0
pay_00007944,820.47,UPI,ELECTRONICS,13.1_MERCHANDISE_NOT_RECEIVED,0,0,677,0,0,0
pay_00007945,327.75,UPI,DIGITAL_SERVICES,13.1_MERCHANDISE_NOT_RECEIVED,0,0,984,1,0,0
pay_00007946,1571.02,UPI,DIGITAL_SERVICES,10.4_FRAUDULENT_TRANSACTION,1,1,856,0,0,0
pay_00007947,2057.74,CREDIT_CARD,DIGITAL_SERVICES,10.4_FRAUDULENT_TRANSACTION,1,0,909,0,0,0
pay_00007948,4130.45,UPI,GAMING,10.4_FRAUDULENT_TRANSACTION,1,0,601,0,0,0
pay_00007949,590.41,UPI,TRAVEL,10.4_FRAUDULENT_TRANSACTION,1,1,636,0,0,0
pay_00007950,4599.95,DEBIT_CARD,ELECTRONICS,10.4_FRAUDULENT_TRANSACTION,0,0,159,0,0,0
pay_00007951,198.03,CREDIT_CARD,ELECTRONICS,10.4_FRAUDULENT_TRANSACTION,1,0,100,0,1,0
pay_00007952,1485.78,UPI,GAMING,10.4_FRAUDULENT_TRANSACTION,1,1,142,0,1,0
pay_00007953,188.24,UPI,GAMING,13.1_MERCHANDISE_NOT_RECEIVED,1,0,117,0,0,0
pay_00007954,3463.28,NETBANKING,DIGITAL_SERVICES,10.5_VISA_EASY_PAYMENT,0,2,468,0,0,0
pay_00007955,1231.92,DEBIT_CARD,DIGITAL_SERVICES,10.4_FRAUDULENT_TRANSACTION,1,1,39,0,0,0
pay_00007956,1760.03,UPI,TRAVEL,10.4_FRAUDULENT_TRANSACTION,1,0,348,0,0,0
pay_00007957,2771.89,NETBANKING,ELECTRONICS,10.4_FRAUDULENT_TRANSACTION,1,1,985,0,0,0
pay_00007958,344.33,UPI,GAMING,13.1_MERCHANDISE_NOT_RECEIVED,0,1,166,0,0,0
pay_00007959,159.03,WALLET,TRAVEL,13.1_MERCHANDISE_NOT_RECEIVED,0,1,107,0,0,1
pay_00007960,3266.47,UPI,ELECTRONICS,13.1_MERCHANDISE_NOT_RECEIVED,1,0,843,1,1,0
pay_00007961,667.36,UPI,TRAVEL,13.1_MERCHANDISE_NOT_RECEIVED,1,0,786,2,0,1
pay_00007962,307.13,UPI,TRAVEL,13.3_NOT_AS_DESCRIBED,1,1,551,0,0,0
pay_00007963,1047.97,UPI,DIGITAL_SERVICES,10.5_VISA_EASY_PAYMENT,1,0,595,0,0,0
pay_00007964,1468.1,CREDIT_CARD,TRAVEL,10.4_FRAUDULENT_TRANSACTION,0,0,504,0,0,1
pay_00007965,147.19,DEBIT_CARD,DIGITAL_SERVICES,10.5_VISA_EASY_PAYMENT,1,0,323,1,0,1
pay_00007966,582.16,DEBIT_CARD,ELECTRONICS,13.1_MERCHANDISE_NOT_RECEIVED,1,0,809,0,0,0
pay_00007967,150.02,UPI,ELECTRONICS,13.1_MERCHANDISE_NOT_RECEIVED,1,1,814,0,0,0
pay_00007968,917.96,UPI,DIGITAL_SERVICES,13.1_MERCHANDISE_NOT_RECEIVED,1,0,945,0,0,0
pay_00007969,3482.12,UPI,RETAIL,10.5_VISA_EASY_PAYMENT,1,0,502,0,0,0
pay_00007970,6181.45,UPI,TRAVEL,10.5_VISA_EASY_PAYMENT,1,0,155,0,1,0
pay_00007971,1620.23,CREDIT_CARD,ELECTRONICS,10.4_FRAUDULENT_TRANSACTION,1,2,122,1,0,0
pay_00007972,364.46,UPI,TRAVEL,10.4_FRAUDULENT_TRANSACTION,1,1,23,0,0,0
pay_00007973,3644.29,DEBIT_CARD,RETAIL,10.5_VISA_EASY_PAYMENT,1,1,35,0,0,0
pay_00007974,1189.27,CREDIT_CARD,TRAVEL,10.4_FRAUDULENT_TRANSACTION,0,0,230,0,0,0
pay_00007975,350.41,UPI,RETAIL,10.4_FRAUDULENT_TRANSACTION,1,0,491,2,0,0
pay_00007976,3921.32,CREDIT_CARD,GAMING,10.4_FRAUDULENT_TRANSACTION,1,0,141,0,0,0
pay_00007977,2224.94,UPI,RETAIL,13.1_MERCHANDISE_NOT_RECEIVED,1,0,382,0,0,0
pay_00007978,2073.5,UPI,ELECTRONICS,13.1_MERCHANDISE_NOT_RECEIVED,1,0,282,0,1,0
pay_00007979,1952.58,DEBIT_CARD,DIGITAL_SERVICES,10.4_FRAUDULENT_TRANSACTION,1,0,206,0,1,1
pay_00007980,435.35,UPI,DIGITAL_SERVICES,13.1_MERCHANDISE_NOT_RECEIVED,1,1,163,0,0,0
pay_00007981,455.5,UPI,TRAVEL,13.3_NOT_AS_DESCRIBED,1,0,425,0,1,0
pay_00007982,1848.54,DEBIT_CARD,GAMING,10.4_FRAUDULENT_TRANSACTION,1,0,134,0,0,0
pay_00007983,472.16,UPI,TRAVEL,10.4_FRAUDULENT_TRANSACTION,0,1,584,0,0,0
pay_00007984,966.17,DEBIT_CARD,RETAIL,13.3_NOT_AS_DESCRIBED,1,0,564,2,0,0
pay_00007985,2384.9,UPI,DIGITAL_SERVICES,10.5_VISA_EASY_PAYMENT,1,0,488,1,0,0
pay_00007986,2398.39,UPI,RETAIL,10.4_FRAUDULENT_TRANSACTION,1,1,565,0,0,0
pay_00007987,1005.68,NETBANKING,DIGITAL_SERVICES,13.1_MERCHANDISE_NOT_RECEIVED,1,1,495,0,0,0
pay_00007988,2456.7,DEBIT_CARD,DIGITAL_SERVICES,13.1_MERCHANDISE_NOT_RECEIVED,0,0,463,0,0,0
pay_00007989,2836.01,UPI,DIGITAL_SERVICES,10.4_FRAUDULENT_TRANSACTION,1,0,904,0,0,0
pay_00007990,1695.34,UPI,ELECTRONICS,13.3_NOT_AS_DESCRIBED,1,0,687,0,0,0
pay_00007991,488.98,NETBANKING,RETAIL,10.4_FRAUDULENT_TRANSACTION,1,0,80,0,0,0
pay_00007992,580.33,UPI,TRAVEL,13.1_MERCHANDISE_NOT_RECEIVED,1,0,93,0,0,0
pay_00007993,667.16,CREDIT_CARD,GAMING,10.4_FRAUDULENT_TRANSACTION,1,0,64,0,0,0
pay_00007994,286.31,DEBIT_CARD,TRAVEL,13.3_NOT_AS_DESCRIBED,1,0,546,1,1,1
pay_00007995,578.57,CREDIT_CARD,RETAIL,10.4_FRAUDULENT_TRANSACTION,1,0,510,0,0,0
pay_00007996,452.67,DEBIT_CARD,GAMING,10.4_FRAUDULENT_TRANSACTION,0,3,285,0,0,0
pay_00007997,1011.36,DEBIT_CARD,TRAVEL,10.4_FRAUDULENT_TRANSACTION,1,1,419,0,0,0
pay_00007998,3686.1,CREDIT_CARD,GAMING,10.4_FRAUDULENT_TRANSACTION,1,1,816,0,0,0
pay_00007999,265.53,DEBIT_CARD,RETAIL,13.3_NOT_AS_DESCRIBED,1,0,714,0,0,0
pay_00008000,2010.88,CREDIT_CARD,DIGITAL_SERVICES,10.4_FRAUDULENT_TRANSACTION,1,2,628,0,0,0
pay_00008001,1843.68,UPI,RETAIL,13.1_MERCHANDISE_NOT_RECEIVED,1,0,193,0,0,0
pay_00008002,250.98,UPI,ELECTRONICS,13.3_NOT_AS_DESCRIBED,1,0,453,0,0,0
pay_00008003,3937.62,DEBIT_CARD,GAMING,13.1_MERCHANDISE_NOT_RECEIVED,1,0,451,0,0,0
pay_00008004,1360.64,NETBANKING,RETAIL,10.4_FRAUDULENT_TRANSACTION,1,2,359,0,0,0
pay_00008005,778.19,UPI,DIGITAL_SERVICES,13.3_NOT_AS_DESCRIBED,1,0,398,0,0,0
pay_00008006,2219.2,UPI,DIGITAL_SERVICES,10.4_FRAUDULENT_TRANSACTION,1,1,174,1,0,0
pay_00008007,546.33,NETBANKING,RETAIL,10.4_FRAUDULENT_TRANSACTION,1,0,27,1,0,1
pay_00008008,1873.85,CREDIT_CARD,TRAVEL,10.4_FRAUDULENT_TRANSACTION,0,1,942,0,0,1
pay_00008009,160.78,UPI,RETAIL,13.1_MERCHANDISE_NOT_RECEIVED,0,1,413,0,0,0
pay_00008010,2843.33,CREDIT_CARD,DIGITAL_SERVICES,13.1_MERCHANDISE_NOT_RECEIVED,1,0,257,0,0,0
pay_00008011,991.78,WALLET,RETAIL,13.1_MERCHANDISE_NOT_RECEIVED,1,1,850,0,0,0
pay_00008012,1618.76,DEBIT_CARD,ELECTRONICS,10.4_FRAUDULENT_TRANSACTION,0,1,643,0,0,0
pay_00008013,475.07,DEBIT_CARD,TRAVEL,13.1_MERCHANDISE_NOT_RECEIVED,0,1,538,0,0,0
pay_00008014,1795.5,UPI,RETAIL,10.4_FRAUDULENT_TRANSACTION,1,0,405,0,0,0
pay_00008015,2319.2,NETBANKING,DIGITAL_SERVICES,10.4_FRAUDULENT_TRANSACTION,1,0,630,0,0,0
pay_00008016,1061.44,CREDIT_CARD,RETAIL,10.5_VISA_EASY_PAYMENT,1,0,792,0,0,0
pay_00008017,1542.43,NETBANKING,RETAIL,10.4_FRAUDULENT_TRANSACTION,1,0,301,1,0,0
pay_00008018,1014.11,UPI,GAMING,10.4_FRAUDULENT_TRANSACTION,1,2,628,0,0,0
pay_00008019,3467.77,UPI,RETAIL,13.3_NOT_AS_DESCRIBED,1,1,751,1,1,0
pay_00008020,1133.34,UPI,ELECTRONICS,10.4_FRAUDULENT_TRANSACTION,1,0,724,0,0,0
pay_00008021,2865.93,UPI,DIGITAL_SERVICES,13.1_MERCHANDISE_NOT_RECEIVED,1,1,413,0,0,0
pay_00008022,2524.33,DEBIT_CARD,GAMING,13.3_NOT_AS_DESCRIBED,1,0,18,0,0,0
pay_00008023,892.73,WALLET,RETAIL,10.4_FRAUDULENT_TRANSACTION,1,0,643,0,0,1
pay_00008024,492.21,CREDIT_CARD,TRAVEL,13.3_NOT_AS_DESCRIBED,0,1,947,0,0,0
pay_00008025,881.52,NETBANKING,ELECTRONICS,13.3_NOT_AS_DESCRIBED,1,0,896,0,1,0
pay_00008026,2724.93,UPI,ELECTRONICS,10.4_FRAUDULENT_TRANSACTION,1,0,623,0,0,0
pay_00008027,487.44,DEBIT_CARD,ELECTRONICS,10.4_FRAUDULENT_TRANSACTION,1,0,128,0,1,0
pay_00008028,1214.88,DEBIT_CARD,GAMING,10.5_VISA_EASY_PAYMENT,1,0,114,0,0,0
pay_00008029,2560.59,DEBIT_CARD,RETAIL,13.1_MERCHANDISE_NOT_RECEIVED,0,1,737,2,1,0
pay_00008030,754.22,CREDIT_CARD,ELECTRONICS,13.1_MERCHANDISE_NOT_RECEIVED,1,0,146,0,0,0
pay_00008031,1641.71,CREDIT_CARD,RETAIL,13.3_NOT_AS_DESCRIBED,1,0,933,0,0,1
pay_00008032,522.81,DEBIT_CARD,TRAVEL,10.4_FRAUDULENT_TRANSACTION,1,1,888,1,0,0
pay_00008033,273.59,UPI,RETAIL,13.1_MERCHANDISE_NOT_RECEIVED,1,0,191,0,0,0
pay_00008034,2472.62,DEBIT_CARD,RETAIL,13.3_NOT_AS_DESCRIBED,1,0,981,0,0,0
pay_00008035,256.32,WALLET,RETAIL,10.4_FRAUDULENT_TRANSACTION,1,0,620,0,0,0
pay_00008036,574.91,UPI,DIGITAL_SERVICES,13.3_NOT_AS_DESCRIBED,1,1,531,0,0,0
pay_00008037,2997.66,DEBIT_CARD,GAMING,10.4_FRAUDULENT_TRANSACTION,1,1,151,0,0,0
pay_00008038,738.05,DEBIT_CARD,RETAIL,13.1_MERCHANDISE_NOT_RECEIVED,0,0,852,0,1,0
pay_00008039,5520.4,CREDIT_CARD,ELECTRONICS,13.1_MERCHANDISE_NOT_RECEIVED,1,0,695,0,0,0
pay_00008040,5948.24,CREDIT_CARD,DIGITAL_SERVICES,10.4_FRAUDULENT_TRANSACTION,1,0,792,0,0,0
pay_00008041,568.53,NETBANKING,RETAIL,10.4_FRAUDULENT_TRANSACTION,1,0,467,0,0,0
pay_00008042,162.76,UPI,DIGITAL_SERVICES,10.4_FRAUDULENT_TRANSACTION,1,0,154,0,0,0
pay_00008043,1931.49,UPI,GAMING,13.1_MERCHANDISE_NOT_RECEIVED,0,1,225,0,0,0
pay_00008044,999.45,DEBIT_CARD,DIGITAL_SERVICES,13.1_MERCHANDISE_NOT_RECEIVED,1,0,992,0,0,0
pay_00008045,259.3,CREDIT_CARD,ELECTRONICS,13.3_NOT_AS_DESCRIBED,1,0,504,0,1,0
pay_00008046,1944.05,DEBIT_CARD,RETAIL,10.4_FRAUDULENT_TRANSACTION,1,0,566,0,0,0
pay_00008047,147.51,UPI,ELECTRONICS,13.3_NOT_AS_DESCRIBED,1,2,611,0,0,0
pay_00008048,3162.6,UPI,TRAVEL,10.4_FRAUDULENT_TRANSACTION,1,0,601,0,0,0
pay_00008049,323.89,NETBANKING,DIGITAL_SERVICES,10.4_FRAUDULENT_TRANSACTION,1,0,673,0,0,0
pay_00008050,304.27,UPI,DIGITAL_SERVICES,10.4_FRAUDULENT_TRANSACTION,0,1,984,0,0,0
pay_00008051,389.78,DEBIT_CARD,DIGITAL_SERVICES,10.5_VISA_EASY_PAYMENT,1,0,57,0,0,0
pay_00008052,4938.34,DEBIT_CARD,GAMING,10.4_FRAUDULENT_TRANSACTION,0,0,634,0,0,0
pay_00008053,1872.19,DEBIT_CARD,ELECTRONICS,10.4_FRAUDULENT_TRANSACTION,1,0,881,0,0,0
pay_00008054,2524.48,UPI,TRAVEL,10.4_FRAUDULENT_TRANSACTION,0,1,393,0,0,1
pay_00008055,860.34,CREDIT_CARD,GAMING,13.1_MERCHANDISE_NOT_RECEIVED,0,1,101,0,0,0
pay_00008056,714.92,NETBANKING,GAMING,13.3_NOT_AS_DESCRIBED,0,1,832,0,0,0
pay_00008057,500.81,UPI,RETAIL,13.1_MERCHANDISE_NOT_RECEIVED,1,1,741,0,1,1
pay_00008058,1082.76,UPI,TRAVEL,10.4_FRAUDULENT_TRANSACTION,1,0,203,0,0,0
pay_00008059,1303.87,UPI,DIGITAL_SERVICES,10.5_VISA_EASY_PAYMENT,1,1,597,0,0,0
pay_00008060,1598.59,UPI,DIGITAL_SERVICES,10.5_VISA_EASY_PAYMENT,1,0,59,0,0,0
pay_00008061,545.83,NETBANKING,RETAIL,10.4_FRAUDULENT_TRANSACTION,0,0,209,0,0,0
pay_00008062,4553.75,NETBANKING,DIGITAL_SERVICES,13.1_MERCHANDISE_NOT_RECEIVED,1,1,16,1,0,0
pay_00008063,379.06,WALLET,ELECTRONICS,10.4_FRAUDULENT_TRANSACTION,0,0,901,0,1,1
pay_00008064,5156.87,CREDIT_CARD,DIGITAL_SERVICES,13.1_MERCHANDISE_NOT_RECEIVED,1,0,556,0,1,1
pay_00008065,122.45,DEBIT_CARD,ELECTRONICS,13.1_MERCHANDISE_NOT_RECEIVED,1,1,558,0,1,0
pay_00008066,1084.14,UPI,RETAIL,10.4_FRAUDULENT_TRANSACTION,1,1,766,0,0,0
pay_00008067,708.28,CREDIT_CARD,RETAIL,10.5_VISA_EASY_PAYMENT,1,0,906,1,0,0
pay_00008068,994.37,CREDIT_CARD,ELECTRONICS,10.4_FRAUDULENT_TRANSACTION,1,2,333,0,0,0
pay_00008069,1368.28,NETBANKING,DIGITAL_SERVICES,13.1_MERCHANDISE_NOT_RECEIVED,1,0,495,0,0,0
pay_00008070,957.96,DEBIT_CARD,RETAIL,13.3_NOT_AS_DESCRIBED,1,2,570,0,0,0
pay_00008071,903.82,NETBANKING,RETAIL,10.4_FRAUDULENT_TRANSACTION,1,0,582,0,0,0
pay_00008072,2079.21,NETBANKING,ELECTRONICS,10.4_FRAUDULENT_TRANSACTION,1,0,741,0,0,0
pay_00008073,1836.95,NETBANKING,RETAIL,10.4_FRAUDULENT_TRANSACTION,0,0,320,2,0,0
pay_00008074,2787.08,UPI,DIGITAL_SERVICES,13.3_NOT_AS_DESCRIBED,1,0,208,0,0,0
pay_00008075,531.44,DEBIT_CARD,RETAIL,13.3_NOT_AS_DESCRIBED,1,1,838,0,0,0
pay_00008076,1510.6,CREDIT_CARD,ELECTRONICS,10.4_FRAUDULENT_TRANSACTION,0,0,733,0,0,1
pay_00008077,1419.92,UPI,DIGITAL_SERVICES,10.4_FRAUDULENT_TRANSACTION,1,0,383,0,1,0
pay_00008078,792.43,UPI,TRAVEL,10.4_FRAUDULENT_TRANSACTION,1,0,572,0,0,0
pay_00008079,1098.47,CREDIT_CARD,ELECTRONICS,13.1_MERCHANDISE_NOT_RECEIVED,0,0,281,0,1,1
pay_00008080,664.84,UPI,TRAVEL,13.1_MERCHANDISE_NOT_RECEIVED,1,1,855,0,1,0
pay_00008081,329.45,UPI,RETAIL,10.4_FRAUDULENT_TRANSACTION,1,1,779,0,1,0
pay_00008082,460.82,CREDIT_CARD,DIGITAL_SERVICES,10.4_FRAUDULENT_TRANSACTION,1,0,349,0,0,0
pay_00008083,267.26,NETBANKING,RETAIL,10.4_FRAUDULENT_TRANSACTION,1,1,853,0,0,0
pay_00008084,1823.61,DEBIT_CARD,DIGITAL_SERVICES,10.4_FRAUDULENT_TRANSACTION,1,0,319,0,0,0
pay_00008085,1721.43,UPI,GAMING,10.4_FRAUDULENT_TRANSACTION,1,0,896,0,0,0
pay_00008086,4611.9,UPI,RETAIL,10.4_FRAUDULENT_TRANSACTION,1,0,666,1,0,0
pay_00008087,2062.21,UPI,RETAIL,13.1_MERCHANDISE_NOT_RECEIVED,1,0,41,0,0,0
pay_00008088,180.17,UPI,RETAIL,10.4_FRAUDULENT_TRANSACTION,1,0,309,0,0,0
pay_00008089,3334.42,UPI,ELECTRONICS,10.4_FRAUDULENT_TRANSACTION,1,0,997,0,0,0
pay_00008090,3078.11,WALLET,DIGITAL_SERVICES,13.1_MERCHANDISE_NOT_RECEIVED,1,0,715,1,0,0
pay_00008091,978.65,CREDIT_CARD,DIGITAL_SERVICES,13.3_NOT_AS_DESCRIBED,1,0,742,0,1,0
pay_00008092,1422.34,UPI,DIGITAL_SERVICES,13.1_MERCHANDISE_NOT_RECEIVED,1,0,152,0,0,0
pay_00008093,5699.46,UPI,ELECTRONICS,10.4_FRAUDULENT_TRANSACTION,1,1,849,0,0,0
pay_00008094,1239.91,CREDIT_CARD,DIGITAL_SERVICES,10.5_VISA_EASY_PAYMENT,1,1,457,0,0,0
pay_00008095,3635.91,CREDIT_CARD,RETAIL,10.4_FRAUDULENT_TRANSACTION,1,1,456,0,0,0
pay_00008096,230.04,UPI,TRAVEL,10.4_FRAUDULENT_TRANSACTION,0,1,94,0,0,0
pay_00008097,418.03,WALLET,GAMING,10.5_VISA_EASY_PAYMENT,1,0,391,3,0,0
pay_00008098,971.75,UPI,DIGITAL_SERVICES,13.1_MERCHANDISE_NOT_RECEIVED,1,0,640,1,0,0
pay_00008099,1418.34,UPI,ELECTRONICS,13.1_MERCHANDISE_NOT_RECEIVED,1,1,229,0,0,0
pay_00008100,2641.09,UPI,ELECTRONICS,10.4_FRAUDULENT_TRANSACTION,1,0,497,0,1,0
pay_00008101,6767.4,CREDIT_CARD,DIGITAL_SERVICES,10.4_FRAUDULENT_TRANSACTION,1,0,471,0,0,1
pay_00008102,838.62,UPI,TRAVEL,10.4_FRAUDULENT_TRANSACTION,1,0,585,0,1,0
pay_00008103,172.86,UPI,DIGITAL_SERVICES,10.4_FRAUDULENT_TRANSACTION,1,0,83,0,0,0
pay_00008104,2522.97,UPI,ELECTRONICS,10.4_FRAUDULENT_TRANSACTION,1,1,748,0,0,0
pay_00008105,1490.95,CREDIT_CARD,GAMING,10.4_FRAUDULENT_TRANSACTION,1,0,192,0,0,0
pay_00008106,431.99,UPI,TRAVEL,10.4_FRAUDULENT_TRANSACTION,0,1,456,0,0,1
pay_00008107,1124.29,UPI,DIGITAL_SERVICES,13.1_MERCHANDISE_NOT_RECEIVED,1,0,880,0,0,0
pay_00008108,2134.0,UPI,GAMING,10.5_VISA_EASY_PAYMENT,0,0,46,1,0,1
pay_00008109,2307.2,UPI,DIGITAL_SERVICES,13.1_MERCHANDISE_NOT_RECEIVED,1,1,462,0,0,0
pay_00008110,1138.58,CREDIT_CARD,TRAVEL,13.3_NOT_AS_DESCRIBED,1,1,563,0,0,0
pay_00008111,646.23,UPI,ELECTRONICS,10.4_FRAUDULENT_TRANSACTION,1,0,732,1,0,0
pay_00008112,5559.71,UPI,TRAVEL,10.4_FRAUDULENT_TRANSACTION,1,0,611,0,0,0
pay_00008113,1733.12,CREDIT_CARD,RETAIL,10.4_FRAUDULENT_TRANSACTION,1,0,967,0,0,0
pay_00008114,886.97,UPI,DIGITAL_SERVICES,10.4_FRAUDULENT_TRANSACTION,1,0,902,0,0,0
pay_00008115,593.72,UPI,GAMING,13.1_MERCHANDISE_NOT_RECEIVED,1,2,798,1,0,0
pay_00008116,2070.14,UPI,GAMING,10.5_VISA_EASY_PAYMENT,1,0,101,0,0,0
pay_00008117,515.97,NETBANKING,TRAVEL,13.3_NOT_AS_DESCRIBED,1,0,656,2,0,0
pay_00008118,382.59,DEBIT_CARD,TRAVEL,10.4_FRAUDULENT_TRANSACTION,1,1,235,0,0,0
pay_00008119,1232.0,DEBIT_CARD,TRAVEL,13.3_NOT_AS_DESCRIBED,1,0,887,0,0,0
pay_00008120,613.71,NETBANKING,GAMING,10.4_FRAUDULENT_TRANSACTION,1,3,313,0,0,0
pay_00008121,1586.95,WALLET,ELECTRONICS,10.4_FRAUDULENT_TRANSACTION,1,1,961,0,0,0
pay_00008122,288.24,DEBIT_CARD,GAMING,10.4_FRAUDULENT_TRANSACTION,1,0,362,0,0,0
pay_00008123,1696.06,CREDIT_CARD,ELECTRONICS,13.1_MERCHANDISE_NOT_RECEIVED,1,0,829,0,0,0
pay_00008124,599.64,UPI,TRAVEL,13.3_NOT_AS_DESCRIBED,1,1,785,1,0,0
pay_00008125,100.36,UPI,RETAIL,10.4_FRAUDULENT_TRANSACTION,1,0,959,0,0,0
pay_00008126,303.62,CREDIT_CARD,GAMING,10.4_FRAUDULENT_TRANSACTION,0,0,245,0,0,0
pay_00008127,4168.43,WALLET,TRAVEL,10.4_FRAUDULENT_TRANSACTION,1,0,248,0,1,0
pay_00008128,3130.11,UPI,GAMING,10.4_FRAUDULENT_TRANSACTION,0,0,263,0,0,0
pay_00008129,499.09,DEBIT_CARD,TRAVEL,10.5_VISA_EASY_PAYMENT,1,1,163,1,0,0
pay_00008130,2360.13,UPI,GAMING,10.5_VISA_EASY_PAYMENT,1,0,633,0,0,0
pay_00008131,1506.93,UPI,DIGITAL_SERVICES,10.5_VISA_EASY_PAYMENT,1,0,197,0,0,0
pay_00008132,5405.77,UPI,GAMING,10.4_FRAUDULENT_TRANSACTION,1,1,859,0,0,1
pay_00008133,801.66,CREDIT_CARD,DIGITAL_SERVICES,10.4_FRAUDULENT_TRANSACTION,1,0,542,0,0,0
pay_00008134,1816.01,UPI,ELECTRONICS,10.5_VISA_EASY_PAYMENT,0,0,684,0,0,0
pay_00008135,198.47,DEBIT_CARD,GAMING,10.5_VISA_EASY_PAYMENT,1,0,618,0,0,0
pay_00008136,856.89,NETBANKING,ELECTRONICS,10.4_FRAUDULENT_TRANSACTION,1,1,483,0,0,0
pay_00008137,5078.78,NETBANKING,RETAIL,13.3_NOT_AS_DESCRIBED,1,1,208,0,0,0
pay_00008138,1261.47,UPI,DIGITAL_SERVICES,10.4_FRAUDULENT_TRANSACTION,1,2,902,0,0,0
pay_00008139,609.26,NETBANKING,GAMING,10.5_VISA_EASY_PAYMENT,1,0,976,0,0,0
pay_00008140,292.21,UPI,ELECTRONICS,10.4_FRAUDULENT_TRANSACTION,1,1,568,2,0,0
pay_00008141,1923.71,UPI,TRAVEL,13.3_NOT_AS_DESCRIBED,1,0,136,0,0,0
pay_00008142,1652.85,DEBIT_CARD,ELECTRONICS,10.4_FRAUDULENT_TRANSACTION,1,1,980,0,0,0
pay_00008143,802.46,UPI,GAMING,13.1_MERCHANDISE_NOT_RECEIVED,1,0,381,0,0,0
pay_00008144,4622.11,UPI,RETAIL,10.4_FRAUDULENT_TRANSACTION,1,1,223,2,0,0
pay_00008145,133.68,UPI,DIGITAL_SERVICES,10.4_FRAUDULENT_TRANSACTION,1,0,20,0,0,0
pay_00008146,643.01,DEBIT_CARD,TRAVEL,10.4_FRAUDULENT_TRANSACTION,1,0,457,0,0,0
pay_00008147,3908.78,UPI,ELECTRONICS,13.1_MERCHANDISE_NOT_RECEIVED,1,0,286,0,0,0
pay_00008148,680.56,CREDIT_CARD,GAMING,10.4_FRAUDULENT_TRANSACTION,1,1,446,0,0,0
pay_00008149,536.04,CREDIT_CARD,GAMING,13.1_MERCHANDISE_NOT_RECEIVED,1,2,333,0,0,0
pay_00008150,1246.06,DEBIT_CARD,DIGITAL_SERVICES,10.4_FRAUDULENT_TRANSACTION,1,0,26,1,0,1
pay_00008151,2704.22,NETBANKING,TRAVEL,10.4_FRAUDULENT_TRANSACTION,1,0,578,0,0,0
pay_00008152,263.29,UPI,ELECTRONICS,13.1_MERCHANDISE_NOT_RECEIVED,1,0,573,0,0,0
pay_00008153,4397.6,UPI,ELECTRONICS,10.4_FRAUDULENT_TRANSACTION,1,1,445,0,0,0
pay_00008154,2477.65,UPI,ELECTRONICS,10.5_VISA_EASY_PAYMENT,1,2,557,0,0,0
pay_00008155,399.97,UPI,DIGITAL_SERVICES,13.3_NOT_AS_DESCRIBED,0,2,814,0,0,0
pay_00008156,1967.23,DEBIT_CARD,DIGITAL_SERVICES,13.1_MERCHANDISE_NOT_RECEIVED,0,0,792,0,0,0
pay_00008157,829.1,UPI,TRAVEL,10.4_FRAUDULENT_TRANSACTION,1,0,333,0,1,0
pay_00008158,871.99,UPI,ELECTRONICS,10.4_FRAUDULENT_TRANSACTION,1,0,115,1,0,0
pay_00008159,2393.79,DEBIT_CARD,ELECTRONICS,10.5_VISA_EASY_PAYMENT,1,0,16,0,0,0
pay_00008160,5036.56,CREDIT_CARD,TRAVEL,10.4_FRAUDULENT_TRANSACTION,1,0,338,0,1,0
pay_00008161,303.14,DEBIT_CARD,TRAVEL,13.3_NOT_AS_DESCRIBED,1,0,144,0,0,0
pay_00008162,918.72,DEBIT_CARD,TRAVEL,10.4_FRAUDULENT_TRANSACTION,1,0,834,0,0,0
pay_00008163,1083.61,DEBIT_CARD,GAMING,10.4_FRAUDULENT_TRANSACTION,1,0,641,0,0,0
pay_00008164,808.16,CREDIT_CARD,TRAVEL,13.1_MERCHANDISE_NOT_RECEIVED,0,0,586,0,0,0
pay_00008165,776.92,UPI,RETAIL,10.5_VISA_EASY_PAYMENT,0,0,537,0,0,0
pay_00008166,180.53,WALLET,DIGITAL_SERVICES,10.4_FRAUDULENT_TRANSACTION,1,1,14,0,0,0
pay_00008167,1835.34,CREDIT_CARD,TRAVEL,10.4_FRAUDULENT_TRANSACTION,1,0,209,0,0,0
pay_00008168,959.62,UPI,GAMING,13.3_NOT_AS_DESCRIBED,1,0,978,0,0,0
pay_00008169,424.99,UPI,RETAIL,10.4_FRAUDULENT_TRANSACTION,0,1,647,0,0,0
pay_00008170,2639.5,CREDIT_CARD,GAMING,10.4_FRAUDULENT_TRANSACTION,1,1,21,0,0,0
pay_00008171,2533.49,NETBANKING,GAMING,10.4_FRAUDULENT_TRANSACTION,1,0,861,0,1,0
pay_00008172,1099.44,UPI,GAMING,13.1_MERCHANDISE_NOT_RECEIVED,1,0,91,1,0,0
pay_00008173,631.7,UPI,GAMING,13.3_NOT_AS_DESCRIBED,1,0,561,1,0,0
pay_00008174,1624.55,NETBANKING,ELECTRONICS,10.5_VISA_EASY_PAYMENT,1,0,900,0,1,0
pay_00008175,609.84,NETBANKING,DIGITAL_SERVICES,10.4_FRAUDULENT_TRANSACTION,0,0,524,2,0,0
pay_00008176,503.8,UPI,ELECTRONICS,10.4_FRAUDULENT_TRANSACTION,1,1,22,0,0,0
pay_00008177,2066.86,UPI,RETAIL,10.4_FRAUDULENT_TRANSACTION,1,1,872,0,0,0
pay_00008178,161.74,CREDIT_CARD,ELECTRONICS,10.4_FRAUDULENT_TRANSACTION,1,0,674,0,0,0
pay_00008179,249.35,UPI,RETAIL,10.4_FRAUDULENT_TRANSACTION,1,0,410,0,0,0
pay_00008180,110.22,NETBANKING,TRAVEL,13.1_MERCHANDISE_NOT_RECEIVED,0,0,156,0,0,1
pay_00008181,348.98,UPI,RETAIL,10.4_FRAUDULENT_TRANSACTION,1,1,915,0,0,0
pay_00008182,207.23,UPI,ELECTRONICS,13.1_MERCHANDISE_NOT_RECEIVED,0,1,159,0,0,0
pay_00008183,8309.85,UPI,ELECTRONICS,10.5_VISA_EASY_PAYMENT,1,1,782,0,0,0
pay_00008184,611.22,UPI,RETAIL,13.3_NOT_AS_DESCRIBED,0,3,87,0,0,0
pay_00008185,342.49,UPI,ELECTRONICS,10.4_FRAUDULENT_TRANSACTION,1,0,337,0,1,0
pay_00008186,513.62,UPI,RETAIL,10.4_FRAUDULENT_TRANSACTION,1,0,407,2,1,1
pay_00008187,4226.25,DEBIT_CARD,GAMING,10.4_FRAUDULENT_TRANSACTION,1,1,721,1,1,0
pay_00008188,1201.45,UPI,DIGITAL_SERVICES,13.3_NOT_AS_DESCRIBED,1,1,520,1,0,0
pay_00008189,780.77,NETBANKING,RETAIL,10.5_VISA_EASY_PAYMENT,1,0,678,0,0,0
pay_00008190,3199.98,UPI,GAMING,13.3_NOT_AS_DESCRIBED,1,0,10,0,0,0
pay_00008191,853.77,CREDIT_CARD,GAMING,13.1_MERCHANDISE_NOT_RECEIVED,1,2,30,0,0,0
pay_00008192,711.97,UPI,GAMING,10.4_FRAUDULENT_TRANSACTION,0,0,775,0,0,1
pay_00008193,448.43,UPI,GAMING,10.5_VISA_EASY_PAYMENT,1,1,258,0,0,0
pay_00008194,811.73,CREDIT_CARD,RETAIL,13.3_NOT_AS_DESCRIBED,0,0,278,0,0,0
pay_00008195,671.2,CREDIT_CARD,ELECTRONICS,13.3_NOT_AS_DESCRIBED,1,2,133,0,0,0
pay_00008196,1796.57,DEBIT_CARD,GAMING,10.4_FRAUDULENT_TRANSACTION,1,0,963,0,0,0
pay_00008197,612.85,DEBIT_CARD,TRAVEL,10.4_FRAUDULENT_TRANSACTION,1,0,457,0,0,0
pay_00008198,1391.28,CREDIT_CARD,GAMING,10.4_FRAUDULENT_TRANSACTION,1,0,197,0,0,0
pay_00008199,202.25,UPI,ELECTRONICS,10.5_VISA_EASY_PAYMENT,1,0,568,0,0,0
pay_00008200,418.47,NETBANKING,ELECTRONICS,10.5_VISA_EASY_PAYMENT,0,0,276,1,0,1
pay_00008201,884.87,CREDIT_CARD,DIGITAL_SERVICES,10.4_FRAUDULENT_TRANSACTION,1,1,477,0,0,0
pay_00008202,4245.72,WALLET,DIGITAL_SERVICES,13.1_MERCHANDISE_NOT_RECEIVED,1,1,198,0,0,0
pay_00008203,810.42,DEBIT_CARD,GAMING,10.4_FRAUDULENT_TRANSACTION,1,2,324,2,1,1
pay_00008204,1736.3,UPI,GAMING,10.4_FRAUDULENT_TRANSACTION,1,0,484,0,0,0
pay_00008205,541.73,UPI,DIGITAL_SERVICES,10.4_FRAUDULENT_TRANSACTION,1,0,185,0,0,0
pay_00008206,303.79,CREDIT_CARD,GAMING,10.4_FRAUDULENT_TRANSACTION,1,0,533,2,0,1
pay_00008207,190.48,DEBIT_CARD,TRAVEL,10.4_FRAUDULENT_TRANSACTION,1,0,17,0,0,0
pay_00008208,646.66,CREDIT_CARD,RETAIL,10.4_FRAUDULENT_TRANSACTION,1,0,79,0,0,0
pay_00008209,357.36,DEBIT_CARD,DIGITAL_SERVICES,13.3_NOT_AS_DESCRIBED,1,0,27,0,0,0
pay_00008210,386.76,UPI,DIGITAL_SERVICES,10.4_FRAUDULENT_TRANSACTION,0,1,679,0,0,0
pay_00008211,2245.43,UPI,ELECTRONICS,13.3_NOT_AS_DESCRIBED,1,0,339,0,0,0
pay_00008212,123.95,UPI,GAMING,13.1_MERCHANDISE_NOT_RECEIVED,1,0,747,0,0,0
pay_00008213,1324.02,CREDIT_CARD,DIGITAL_SERVICES,13.3_NOT_AS_DESCRIBED,1,1,963,0,0,0
pay_00008214,815.75,CREDIT_CARD,DIGITAL_SERVICES,10.5_VISA_EASY_PAYMENT,1,1,476,0,0,0
pay_00008215,1159.5,UPI,TRAVEL,10.4_FRAUDULENT_TRANSACTION,1,0,111,0,0,0
pay_00008216,1341.15,CREDIT_CARD,GAMING,10.4_FRAUDULENT_TRANSACTION,1,0,726,0,0,0
pay_00008217,663.93,UPI,RETAIL,10.4_FRAUDULENT_TRANSACTION,1,0,371,0,0,0
pay_00008218,624.57,UPI,TRAVEL,10.4_FRAUDULENT_TRANSACTION,1,1,369,1,0,0
pay_00008219,2083.02,DEBIT_CARD,RETAIL,10.4_FRAUDULENT_TRANSACTION,0,1,710,0,0,0
pay_00008220,3175.14,UPI,ELECTRONICS,13.1_MERCHANDISE_NOT_RECEIVED,1,2,479,0,0,0
pay_00008221,420.87,CREDIT_CARD,DIGITAL_SERVICES,13.3_NOT_AS_DESCRIBED,1,0,709,0,0,0
pay_00008222,254.08,DEBIT_CARD,TRAVEL,10.4_FRAUDULENT_TRANSACTION,1,1,13,0,0,0
pay_00008223,3521.17,NETBANKING,RETAIL,10.4_FRAUDULENT_TRANSACTION,1,2,625,0,0,0
pay_00008224,745.93,UPI,GAMING,10.4_FRAUDULENT_TRANSACTION,1,1,610,0,1,0
pay_00008225,1302.16,UPI,ELECTRONICS,10.4_FRAUDULENT_TRANSACTION,1,0,818,0,1,0
pay_00008226,768.36,DEBIT_CARD,ELECTRONICS,13.1_MERCHANDISE_NOT_RECEIVED,1,1,650,0,0,0
pay_00008227,301.67,DEBIT_CARD,DIGITAL_SERVICES,10.4_FRAUDULENT_TRANSACTION,1,0,568,0,0,0
pay_00008228,1434.95,DEBIT_CARD,DIGITAL_SERVICES,10.5_VISA_EASY_PAYMENT,1,1,104,0,0,0
pay_00008229,1217.11,UPI,RETAIL,13.1_MERCHANDISE_NOT_RECEIVED,1,1,232,0,0,0
pay_00008230,440.34,UPI,RETAIL,10.4_FRAUDULENT_TRANSACTION,1,0,172,1,0,0
pay_00008231,1001.86,CREDIT_CARD,ELECTRONICS,10.4_FRAUDULENT_TRANSACTION,1,2,540,0,0,1
pay_00008232,2491.44,DEBIT_CARD,RETAIL,10.4_FRAUDULENT_TRANSACTION,1,2,469,0,0,0
pay_00008233,1438.96,UPI,DIGITAL_SERVICES,13.3_NOT_AS_DESCRIBED,1,0,805,0,0,0
pay_00008234,252.91,UPI,ELECTRONICS,10.5_VISA_EASY_PAYMENT,1,0,292,0,0,0
pay_00008235,1291.18,DEBIT_CARD,ELECTRONICS,10.4_FRAUDULENT_TRANSACTION,1,1,952,0,0,0
pay_00008236,1919.71,UPI,GAMING,13.3_NOT_AS_DESCRIBED,1,0,604,0,0,0
pay_00008237,2460.41,UPI,GAMING,10.4_FRAUDULENT_TRANSACTION,1,0,205,0,0,0
pay_00008238,1587.81,UPI,RETAIL,10.4_FRAUDULENT_TRANSACTION,1,0,825,0,1,0
pay_00008239,348.48,UPI,RETAIL,13.1_MERCHANDISE_NOT_RECEIVED,0,0,548,0,0,0
pay_00008240,1957.71,CREDIT_CARD,DIGITAL_SERVICES,10.5_VISA_EASY_PAYMENT,1,1,129,1,0,1
pay_00008241,1796.74,UPI,DIGITAL_SERVICES,10.4_FRAUDULENT_TRANSACTION,1,0,171,0,0,0
pay_00008242,137.1,UPI,GAMING,10.4_FRAUDULENT_TRANSACTION,1,0,905,0,0,1
pay_00008243,895.9,UPI,ELECTRONICS,13.1_MERCHANDISE_NOT_RECEIVED,0,2,497,2,0,0
pay_00008244,707.34,UPI,TRAVEL,13.3_NOT_AS_DESCRIBED,1,0,980,1,0,0
pay_00008245,1760.32,CREDIT_CARD,TRAVEL,13.1_MERCHANDISE_NOT_RECEIVED,1,0,363,0,0,0
pay_00008246,465.28,UPI,RETAIL,10.4_FRAUDULENT_TRANSACTION,1,0,874,0,0,0
pay_00008247,1440.59,CREDIT_CARD,TRAVEL,10.5_VISA_EASY_PAYMENT,1,0,977,0,0,0
pay_00008248,3766.33,UPI,TRAVEL,10.5_VISA_EASY_PAYMENT,0,0,195,0,0,0
pay_00008249,2497.76,UPI,GAMING,13.3_NOT_AS_DESCRIBED,1,0,883,0,0,0
pay_00008250,3916.18,UPI,ELECTRONICS,13.3_NOT_AS_DESCRIBED,1,1,544,2,0,0
pay_00008251,5859.97,UPI,DIGITAL_SERVICES,13.3_NOT_AS_DESCRIBED,1,0,631,0,0,0
pay_00008252,116.09,CREDIT_CARD,GAMING,10.4_FRAUDULENT_TRANSACTION,1,0,380,0,0,0
pay_00008253,1562.24,UPI,DIGITAL_SERVICES,10.4_FRAUDULENT_TRANSACTION,1,0,995,0,0,0
pay_00008254,898.69,DEBIT_CARD,GAMING,13.1_MERCHANDISE_NOT_RECEIVED,1,0,582,0,0,0
pay_00008255,3047.61,UPI,GAMING,10.5_VISA_EASY_PAYMENT,1,0,314,0,0,0
pay_00008256,535.16,UPI,TRAVEL,13.3_NOT_AS_DESCRIBED,0,3,436,0,0,1
pay_00008257,6047.3,UPI,DIGITAL_SERVICES,10.4_FRAUDULENT_TRANSACTION,1,1,198,0,0,0
pay_00008258,1526.74,DEBIT_CARD,GAMING,10.4_FRAUDULENT_TRANSACTION,0,0,345,1,0,0
pay_00008259,2466.45,UPI,TRAVEL,13.3_NOT_AS_DESCRIBED,1,0,284,0,1,0
pay_00008260,234.23,UPI,RETAIL,13.1_MERCHANDISE_NOT_RECEIVED,1,0,231,0,0,0
pay_00008261,404.02,UPI,DIGITAL_SERVICES,10.4_FRAUDULENT_TRANSACTION,1,1,705,0,0,0
pay_00008262,2230.73,UPI,GAMING,13.1_MERCHANDISE_NOT_RECEIVED,0,0,680,0,0,0
pay_00008263,133.35,NETBANKING,RETAIL,10.4_FRAUDULENT_TRANSACTION,1,0,464,2,0,0
pay_00008264,2646.4,CREDIT_CARD,TRAVEL,10.5_VISA_EASY_PAYMENT,1,0,916,0,0,0
pay_00008265,121.07,DEBIT_CARD,GAMING,13.3_NOT_AS_DESCRIBED,1,0,600,0,1,0
pay_00008266,1705.56,CREDIT_CARD,TRAVEL,10.5_VISA_EASY_PAYMENT,0,0,975,0,0,0
pay_00008267,781.42,CREDIT_CARD,TRAVEL,10.4_FRAUDULENT_TRANSACTION,1,0,115,0,0,0
pay_00008268,1518.17,UPI,TRAVEL,13.3_NOT_AS_DESCRIBED,1,0,650,0,0,0
pay_00008269,1886.25,CREDIT_CARD,DIGITAL_SERVICES,13.1_MERCHANDISE_NOT_RECEIVED,1,1,76,0,0,0
pay_00008270,728.91,UPI,RETAIL,10.4_FRAUDULENT_TRANSACTION,1,1,446,0,0,0
pay_00008271,271.37,UPI,RETAIL,10.4_FRAUDULENT_TRANSACTION,1,1,293,0,0,0
pay_00008272,208.28,CREDIT_CARD,ELECTRONICS,10.5_VISA_EASY_PAYMENT,1,0,739,0,0,0
pay_00008273,1433.51,DEBIT_CARD,GAMING,13.1_MERCHANDISE_NOT_RECEIVED,1,1,828,0,0,0
pay_00008274,1203.0,CREDIT_CARD,TRAVEL,10.4_FRAUDULENT_TRANSACTION,1,2,603,0,0,0
pay_00008275,2133.36,CREDIT_CARD,GAMING,10.5_VISA_EASY_PAYMENT,1,0,77,0,0,0
pay_00008276,1169.22,UPI,RETAIL,10.4_FRAUDULENT_TRANSACTION,0,1,350,0,0,1
pay_00008277,923.43,UPI,RETAIL,13.3_NOT_AS_DESCRIBED,1,1,371,0,1,0
pay_00008278,861.46,UPI,TRAVEL,13.3_NOT_AS_DESCRIBED,1,1,323,0,0,0
pay_00008279,140.2,DEBIT_CARD,DIGITAL_SERVICES,13.1_MERCHANDISE_NOT_RECEIVED,1,3,180,0,0,1
pay_00008280,713.21,WALLET,TRAVEL,13.1_MERCHANDISE_NOT_RECEIVED,1,0,419,0,0,0
pay_00008281,5695.81,UPI,TRAVEL,10.4_FRAUDULENT_TRANSACTION,1,0,368,2,1,1
pay_00008282,3201.93,UPI,ELECTRONICS,10.5_VISA_EASY_PAYMENT,1,1,702,0,0,0
pay_00008283,699.32,UPI,DIGITAL_SERVICES,10.4_FRAUDULENT_TRANSACTION,1,0,396,0,0,0
pay_00008284,1429.35,NETBANKING,GAMING,13.1_MERCHANDISE_NOT_RECEIVED,1,1,754,0,0,0
pay_00008285,2918.89,CREDIT_CARD,DIGITAL_SERVICES,10.4_FRAUDULENT_TRANSACTION,1,1,541,1,0,0
pay_00008286,973.15,UPI,TRAVEL,10.4_FRAUDULENT_TRANSACTION,1,1,286,0,0,0
pay_00008287,127.18,WALLET,TRAVEL,13.1_MERCHANDISE_NOT_RECEIVED,1,0,662,0,0,0
pay_00008288,216.15,DEBIT_CARD,TRAVEL,13.3_NOT_AS_DESCRIBED,1,0,337,0,0,0
pay_00008289,1171.23,UPI,TRAVEL,10.4_FRAUDULENT_TRANSACTION,1,0,309,0,0,0
pay_00008290,5332.06,NETBANKING,TRAVEL,10.4_FRAUDULENT_TRANSACTION,1,0,219,0,1,0
pay_00008291,1872.39,UPI,DIGITAL_SERVICES,13.1_MERCHANDISE_NOT_RECEIVED,1,2,790,0,1,0
pay_00008292,210.33,UPI,TRAVEL,13.3_NOT_AS_DESCRIBED,1,0,956,0,0,0
pay_00008293,414.9,UPI,RETAIL,10.4_FRAUDULENT_TRANSACTION,0,1,817,3,1,0
pay_00008294,2313.17,DEBIT_CARD,RETAIL,13.1_MERCHANDISE_NOT_RECEIVED,1,1,945,0,0,0
pay_00008295,2862.43,CREDIT_CARD,ELECTRONICS,10.4_FRAUDULENT_TRANSACTION,1,1,391,1,1,0
pay_00008296,1542.3,UPI,GAMING,10.4_FRAUDULENT_TRANSACTION,1,0,46,0,1,1
pay_00008297,1651.02,WALLET,RETAIL,10.4_FRAUDULENT_TRANSACTION,1,1,11,0,0,0
pay_00008298,143.12,UPI,ELECTRONICS,13.3_NOT_AS_DESCRIBED,1,1,16,0,0,0
pay_00008299,2745.02,DEBIT_CARD,DIGITAL_SERVICES,10.4_FRAUDULENT_TRANSACTION,1,1,182,0,0,0
pay_00008300,2428.7,CREDIT_CARD,GAMING,10.4_FRAUDULENT_TRANSACTION,1,0,697,0,0,0
pay_00008301,549.7,UPI,TRAVEL,13.1_MERCHANDISE_NOT_RECEIVED,1,1,548,2,0,0
pay_00008302,1949.98,UPI,TRAVEL,13.1_MERCHANDISE_NOT_RECEIVED,1,0,51,0,0,0
pay_00008303,462.83,NETBANKING,DIGITAL_SERVICES,13.1_MERCHANDISE_NOT_RECEIVED,1,0,150,0,0,0
pay_00008304,161.75,UPI,GAMING,10.4_FRAUDULENT_TRANSACTION,1,3,488,0,0,0
pay_00008305,436.85,CREDIT_CARD,RETAIL,13.1_MERCHANDISE_NOT_RECEIVED,1,1,421,3,0,0
pay_00008306,395.17,CREDIT_CARD,GAMING,13.3_NOT_AS_DESCRIBED,1,1,259,0,0,0
pay_00008307,718.16,DEBIT_CARD,ELECTRONICS,10.4_FRAUDULENT_TRANSACTION,1,1,291,0,0,0
pay_00008308,913.09,UPI,DIGITAL_SERVICES,10.4_FRAUDULENT_TRANSACTION,1,1,625,0,0,0
pay_00008309,1165.56,UPI,RETAIL,13.1_MERCHANDISE_NOT_RECEIVED,1,0,806,0,1,0
pay_00008310,1071.55,UPI,GAMING,13.3_NOT_AS_DESCRIBED,1,0,362,0,0,0
pay_00008311,573.45,NETBANKING,GAMING,13.3_NOT_AS_DESCRIBED,1,0,567,0,0,0
pay_00008312,144.41,UPI,RETAIL,13.1_MERCHANDISE_NOT_RECEIVED,1,0,425,0,0,0
pay_00008313,1493.69,UPI,ELECTRONICS,10.4_FRAUDULENT_TRANSACTION,1,0,294,0,0,0
pay_00008314,855.64,NETBANKING,ELECTRONICS,13.1_MERCHANDISE_NOT_RECEIVED,0,0,728,0,0,1
pay_00008315,632.17,DEBIT_CARD,GAMING,10.4_FRAUDULENT_TRANSACTION,0,0,886,2,1,0
pay_00008316,3125.44,UPI,TRAVEL,10.4_FRAUDULENT_TRANSACTION,0,1,162,0,0,0
pay_00008317,2160.03,WALLET,RETAIL,10.5_VISA_EASY_PAYMENT,1,1,995,1,0,0
pay_00008318,3025.42,CREDIT_CARD,ELECTRONICS,10.5_VISA_EASY_PAYMENT,1,0,523,0,0,0
pay_00008319,1124.74,UPI,ELECTRONICS,13.1_MERCHANDISE_NOT_RECEIVED,1,0,207,0,0,0
pay_00008320,310.5,UPI,ELECTRONICS,10.4_FRAUDULENT_TRANSACTION,1,0,270,0,0,0
pay_00008321,1887.18,CREDIT_CARD,DIGITAL_SERVICES,13.1_MERCHANDISE_NOT_RECEIVED,1,0,337,0,1,0
pay_00008322,446.15,DEBIT_CARD,TRAVEL,13.1_MERCHANDISE_NOT_RECEIVED,1,0,533,0,0,0
pay_00008323,973.03,UPI,ELECTRONICS,13.1_MERCHANDISE_NOT_RECEIVED,1,1,412,0,0,0
pay_00008324,200.81,UPI,TRAVEL,13.1_MERCHANDISE_NOT_RECEIVED,1,0,619,0,0,0
pay_00008325,2717.1,UPI,GAMING,10.4_FRAUDULENT_TRANSACTION,1,1,102,0,0,0
pay_00008326,301.91,CREDIT_CARD,GAMING,10.4_FRAUDULENT_TRANSACTION,1,0,854,0,0,0
pay_00008327,3601.08,UPI,DIGITAL_SERVICES,13.3_NOT_AS_DESCRIBED,1,0,572,0,0,0
pay_00008328,3095.2,UPI,TRAVEL,10.5_VISA_EASY_PAYMENT,1,0,546,0,0,0
pay_00008329,1037.06,CREDIT_CARD,RETAIL,13.3_NOT_AS_DESCRIBED,1,1,65,0,0,0
pay_00008330,2146.03,DEBIT_CARD,DIGITAL_SERVICES,13.1_MERCHANDISE_NOT_RECEIVED,1,1,215,0,0,0
pay_00008331,1549.19,CREDIT_CARD,ELECTRONICS,10.4_FRAUDULENT_TRANSACTION,0,2,992,0,0,0
pay_00008332,2537.4,UPI,GAMING,10.4_FRAUDULENT_TRANSACTION,1,0,772,0,1,0
pay_00008333,947.94,UPI,GAMING,10.4_FRAUDULENT_TRANSACTION,1,2,361,0,0,0
pay_00008334,2411.33,UPI,RETAIL,13.1_MERCHANDISE_NOT_RECEIVED,1,0,747,0,0,0
pay_00008335,1031.12,WALLET,DIGITAL_SERVICES,10.4_FRAUDULENT_TRANSACTION,0,0,312,0,0,1
pay_00008336,4344.46,DEBIT_CARD,TRAVEL,13.1_MERCHANDISE_NOT_RECEIVED,1,1,70,0,0,0
pay_00008337,1099.38,UPI,GAMING,10.5_VISA_EASY_PAYMENT,1,1,848,0,0,0
pay_00008338,1031.57,UPI,ELECTRONICS,10.4_FRAUDULENT_TRANSACTION,1,0,10,0,0,0
pay_00008339,2406.18,CREDIT_CARD,RETAIL,10.4_FRAUDULENT_TRANSACTION,1,0,803,1,0,0
pay_00008340,2685.4,CREDIT_CARD,RETAIL,10.4_FRAUDULENT_TRANSACTION,0,1,216,0,0,1
pay_00008341,1312.8,UPI,RETAIL,10.4_FRAUDULENT_TRANSACTION,1,1,764,0,0,1
pay_00008342,397.31,DEBIT_CARD,ELECTRONICS,13.1_MERCHANDISE_NOT_RECEIVED,1,1,906,0,0,0
pay_00008343,1045.99,DEBIT_CARD,RETAIL,13.1_MERCHANDISE_NOT_RECEIVED,1,0,844,0,0,0
pay_00008344,5266.43,CREDIT_CARD,TRAVEL,13.1_MERCHANDISE_NOT_RECEIVED,1,2,191,0,0,1
pay_00008345,2197.47,NETBANKING,TRAVEL,13.3_NOT_AS_DESCRIBED,1,1,609,0,0,0
pay_00008346,2600.3,DEBIT_CARD,DIGITAL_SERVICES,10.4_FRAUDULENT_TRANSACTION,1,0,219,0,0,0
pay_00008347,150.06,DEBIT_CARD,DIGITAL_SERVICES,13.1_MERCHANDISE_NOT_RECEIVED,1,1,409,0,0,0
pay_00008348,1046.27,WALLET,TRAVEL,13.1_MERCHANDISE_NOT_RECEIVED,0,1,202,0,0,0
pay_00008349,1660.32,UPI,ELECTRONICS,10.4_FRAUDULENT_TRANSACTION,1,0,381,0,0,0
pay_00008350,2758.22,UPI,DIGITAL_SERVICES,10.4_FRAUDULENT_TRANSACTION,1,1,217,0,0,0
pay_00008351,175.79,NETBANKING,RETAIL,13.1_MERCHANDISE_NOT_RECEIVED,1,0,800,0,0,0
pay_00008352,2970.27,DEBIT_CARD,TRAVEL,10.4_FRAUDULENT_TRANSACTION,1,0,106,0,0,0
pay_00008353,1292.44,NETBANKING,GAMING,13.3_NOT_AS_DESCRIBED,1,1,56,0,0,0
pay_00008354,429.69,UPI,ELECTRONICS,10.4_FRAUDULENT_TRANSACTION,1,0,154,0,0,0
pay_00008355,672.45,CREDIT_CARD,ELECTRONICS,10.4_FRAUDULENT_TRANSACTION,1,0,68,0,0,0
pay_00008356,596.78,UPI,TRAVEL,10.4_FRAUDULENT_TRANSACTION,1,0,457,0,0,0
pay_00008357,1235.28,CREDIT_CARD,GAMING,13.1_MERCHANDISE_NOT_RECEIVED,1,0,923,0,0,0
pay_00008358,179.6,UPI,ELECTRONICS,10.4_FRAUDULENT_TRANSACTION,1,0,713,0,0,0
pay_00008359,358.92,UPI,DIGITAL_SERVICES,10.4_FRAUDULENT_TRANSACTION,1,1,492,0,0,0
pay_00008360,2612.51,UPI,GAMING,10.4_FRAUDULENT_TRANSACTION,1,0,602,0,1,0
pay_00008361,313.39,CREDIT_CARD,RETAIL,10.4_FRAUDULENT_TRANSACTION,1,0,11,0,0,0
pay_00008362,498.68,UPI,DIGITAL_SERVICES,10.4_FRAUDULENT_TRANSACTION,1,0,437,0,0,0
pay_00008363,1005.98,UPI,GAMING,10.4_FRAUDULENT_TRANSACTION,1,4,614,0,1,0
pay_00008364,1191.98,UPI,TRAVEL,13.1_MERCHANDISE_NOT_RECEIVED,1,0,800,0,0,0
pay_00008365,2263.41,UPI,ELECTRONICS,13.1_MERCHANDISE_NOT_RECEIVED,1,1,699,0,0,0
pay_00008366,989.5,NETBANKING,DIGITAL_SERVICES,10.4_FRAUDULENT_TRANSACTION,1,0,414,0,0,1
pay_00008367,2440.0,UPI,TRAVEL,10.4_FRAUDULENT_TRANSACTION,1,2,231,0,0,0
pay_00008368,1544.86,UPI,GAMING,10.5_VISA_EASY_PAYMENT,1,1,137,0,0,0
pay_00008369,280.03,DEBIT_CARD,RETAIL,13.3_NOT_AS_DESCRIBED,1,1,523,0,0,0
pay_00008370,354.99,CREDIT_CARD,ELECTRONICS,13.3_NOT_AS_DESCRIBED,1,0,855,1,0,0
pay_00008371,961.8,DEBIT_CARD,ELECTRONICS,10.4_FRAUDULENT_TRANSACTION,1,0,401,0,0,0
pay_00008372,858.48,CREDIT_CARD,DIGITAL_SERVICES,10.4_FRAUDULENT_TRANSACTION,1,0,864,1,1,0
pay_00008373,2141.2,NETBANKING,TRAVEL,13.1_MERCHANDISE_NOT_RECEIVED,1,0,779,0,0,0
pay_00008374,1403.89,UPI,GAMING,10.4_FRAUDULENT_TRANSACTION,1,1,569,0,0,0
pay_00008375,836.86,WALLET,GAMING,10.4_FRAUDULENT_TRANSACTION,1,0,982,0,0,0
pay_00008376,380.87,DEBIT_CARD,TRAVEL,10.4_FRAUDULENT_TRANSACTION,0,0,50,0,1,1
pay_00008377,485.9,CREDIT_CARD,ELECTRONICS,10.4_FRAUDULENT_TRANSACTION,1,2,480,0,0,0
pay_00008378,1385.27,CREDIT_CARD,TRAVEL,10.4_FRAUDULENT_TRANSACTION,1,0,585,0,0,0
pay_00008379,926.01,CREDIT_CARD,GAMING,13.1_MERCHANDISE_NOT_RECEIVED,1,0,849,0,0,0
pay_00008380,1185.19,UPI,TRAVEL,13.1_MERCHANDISE_NOT_RECEIVED,1,0,53,0,0,0
pay_00008381,380.72,UPI,ELECTRONICS,10.4_FRAUDULENT_TRANSACTION,1,1,601,0,0,0
pay_00008382,1731.09,WALLET,DIGITAL_SERVICES,10.4_FRAUDULENT_TRANSACTION,1,1,764,0,0,0
pay_00008383,2971.28,CREDIT_CARD,ELECTRONICS,13.1_MERCHANDISE_NOT_RECEIVED,1,0,208,0,0,0
pay_00008384,547.49,UPI,RETAIL,10.4_FRAUDULENT_TRANSACTION,1,1,110,0,0,0
pay_00008385,1114.48,DEBIT_CARD,RETAIL,13.1_MERCHANDISE_NOT_RECEIVED,1,0,737,0,0,0
pay_00008386,5665.3,CREDIT_CARD,TRAVEL,13.3_NOT_AS_DESCRIBED,1,1,450,0,0,0
pay_00008387,707.99,UPI,ELECTRONICS,10.4_FRAUDULENT_TRANSACTION,0,0,171,0,0,0
pay_00008388,1455.97,DEBIT_CARD,ELECTRONICS,10.4_FRAUDULENT_TRANSACTION,1,1,807,0,0,0
pay_00008389,241.79,DEBIT_CARD,GAMING,13.1_MERCHANDISE_NOT_RECEIVED,1,0,42,0,0,0
pay_00008390,1497.16,UPI,DIGITAL_SERVICES,10.4_FRAUDULENT_TRANSACTION,1,1,716,0,0,0
pay_00008391,240.86,WALLET,ELECTRONICS,10.4_FRAUDULENT_TRANSACTION,1,1,930,0,0,0
pay_00008392,4899.91,UPI,TRAVEL,10.4_FRAUDULENT_TRANSACTION,1,1,665,0,0,0
pay_00008393,1986.39,UPI,GAMING,13.3_NOT_AS_DESCRIBED,1,0,590,1,0,0
pay_00008394,2427.88,UPI,GAMING,10.5_VISA_EASY_PAYMENT,1,0,905,0,0,0
pay_00008395,1926.62,CREDIT_CARD,TRAVEL,13.1_MERCHANDISE_NOT_RECEIVED,1,1,379,0,0,0
pay_00008396,1436.41,UPI,TRAVEL,10.4_FRAUDULENT_TRANSACTION,1,0,734,0,0,0
pay_00008397,996.52,UPI,ELECTRONICS,10.4_FRAUDULENT_TRANSACTION,1,1,509,0,1,0
pay_00008398,3031.84,DEBIT_CARD,ELECTRONICS,10.4_FRAUDULENT_TRANSACTION,1,0,908,0,0,0
pay_00008399,4814.11,UPI,GAMING,10.4_FRAUDULENT_TRANSACTION,1,0,778,2,0,0
pay_00008400,1136.83,DEBIT_CARD,GAMING,10.4_FRAUDULENT_TRANSACTION,1,1,216,0,0,0
pay_00008401,4122.15,CREDIT_CARD,DIGITAL_SERVICES,13.1_MERCHANDISE_NOT_RECEIVED,1,0,674,1,0,0
pay_00008402,1413.2,WALLET,GAMING,10.4_FRAUDULENT_TRANSACTION,0,0,588,3,0,1
pay_00008403,1259.53,CREDIT_CARD,TRAVEL,10.5_VISA_EASY_PAYMENT,1,0,538,3,0,0
pay_00008404,1009.03,UPI,TRAVEL,10.4_FRAUDULENT_TRANSACTION,1,0,992,0,0,0
pay_00008405,452.23,UPI,DIGITAL_SERVICES,13.1_MERCHANDISE_NOT_RECEIVED,1,0,547,0,0,0
pay_00008406,105.59,NETBANKING,RETAIL,13.3_NOT_AS_DESCRIBED,1,0,77,0,0,0
pay_00008407,514.63,DEBIT_CARD,RETAIL,10.4_FRAUDULENT_TRANSACTION,1,1,723,0,0,0
pay_00008408,1169.18,UPI,TRAVEL,10.4_FRAUDULENT_TRANSACTION,1,1,952,0,0,0
pay_00008409,816.96,CREDIT_CARD,RETAIL,10.4_FRAUDULENT_TRANSACTION,1,0,973,0,0,1
pay_00008410,992.63,UPI,RETAIL,10.5_VISA_EASY_PAYMENT,1,0,824,0,0,0
pay_00008411,6017.46,WALLET,DIGITAL_SERVICES,10.4_FRAUDULENT_TRANSACTION,1,0,982,0,0,0
pay_00008412,746.8,NETBANKING,GAMING,10.4_FRAUDULENT_TRANSACTION,1,1,48,0,1,1
pay_00008413,1002.72,WALLET,GAMING,13.3_NOT_AS_DESCRIBED,1,2,23,1,0,0
pay_00008414,314.97,NETBANKING,RETAIL,13.1_MERCHANDISE_NOT_RECEIVED,0,1,65,0,0,1
pay_00008415,173.72,NETBANKING,ELECTRONICS,10.4_FRAUDULENT_TRANSACTION,0,3,520,0,0,1
pay_00008416,2340.21,UPI,DIGITAL_SERVICES,10.4_FRAUDULENT_TRANSACTION,1,1,493,0,0,0
pay_00008417,1368.34,DEBIT_CARD,RETAIL,10.4_FRAUDULENT_TRANSACTION,1,1,743,0,0,0
pay_00008418,2245.09,DEBIT_CARD,ELECTRONICS,10.4_FRAUDULENT_TRANSACTION,1,1,501,0,0,0
pay_00008419,343.54,WALLET,ELECTRONICS,10.4_FRAUDULENT_TRANSACTION,1,1,373,0,0,0
pay_00008420,1372.35,CREDIT_CARD,DIGITAL_SERVICES,10.4_FRAUDULENT_TRANSACTION,1,1,738,0,0,0
pay_00008421,538.83,UPI,GAMING,13.1_MERCHANDISE_NOT_RECEIVED,1,1,141,2,0,0
pay_00008422,488.28,CREDIT_CARD,TRAVEL,10.4_FRAUDULENT_TRANSACTION,1,1,748,1,0,0
pay_00008423,117.39,CREDIT_CARD,ELECTRONICS,10.4_FRAUDULENT_TRANSACTION,1,3,177,0,0,0
pay_00008424,309.48,UPI,TRAVEL,10.5_VISA_EASY_PAYMENT,1,1,767,0,0,0
pay_00008425,655.01,UPI,TRAVEL,10.4_FRAUDULENT_TRANSACTION,1,1,105,0,0,0
pay_00008426,286.44,CREDIT_CARD,DIGITAL_SERVICES,10.4_FRAUDULENT_TRANSACTION,1,0,650,0,0,0
pay_00008427,6487.96,UPI,GAMING,13.3_NOT_AS_DESCRIBED,1,0,131,0,1,0
pay_00008428,653.63,UPI,DIGITAL_SERVICES,13.3_NOT_AS_DESCRIBED,1,0,540,0,1,0
pay_00008429,309.45,UPI,ELECTRONICS,10.4_FRAUDULENT_TRANSACTION,0,0,27,0,0,0
pay_00008430,433.0,NETBANKING,GAMING,13.1_MERCHANDISE_NOT_RECEIVED,1,0,341,0,0,0
pay_00008431,1429.02,DEBIT_CARD,RETAIL,13.1_MERCHANDISE_NOT_RECEIVED,1,0,523,0,0,0
pay_00008432,199.28,UPI,GAMING,13.1_MERCHANDISE_NOT_RECEIVED,1,0,216,0,0,0
pay_00008433,3075.48,DEBIT_CARD,DIGITAL_SERVICES,13.3_NOT_AS_DESCRIBED,1,1,12,1,0,0
pay_00008434,4985.63,DEBIT_CARD,DIGITAL_SERVICES,13.1_MERCHANDISE_NOT_RECEIVED,1,0,7,0,1,0
pay_00008435,525.03,UPI,TRAVEL,10.5_VISA_EASY_PAYMENT,0,0,682,0,0,1
pay_00008436,997.02,UPI,RETAIL,13.3_NOT_AS_DESCRIBED,1,0,864,1,0,0
pay_00008437,133.57,CREDIT_CARD,GAMING,10.4_FRAUDULENT_TRANSACTION,1,0,906,0,1,0
pay_00008438,1635.44,UPI,RETAIL,10.5_VISA_EASY_PAYMENT,1,0,829,0,0,0
pay_00008439,901.46,DEBIT_CARD,TRAVEL,10.4_FRAUDULENT_TRANSACTION,1,0,576,0,0,0
pay_00008440,572.19,UPI,RETAIL,13.1_MERCHANDISE_NOT_RECEIVED,0,0,284,0,0,0
pay_00008441,447.59,UPI,RETAIL,13.3_NOT_AS_DESCRIBED,1,0,410,0,0,0
pay_00008442,1692.07,WALLET,GAMING,10.4_FRAUDULENT_TRANSACTION,0,0,861,0,0,0
pay_00008443,907.34,UPI,RETAIL,10.4_FRAUDULENT_TRANSACTION,1,0,859,0,0,0
pay_00008444,397.05,DEBIT_CARD,TRAVEL,10.5_VISA_EASY_PAYMENT,1,0,692,0,0,0
pay_00008445,1852.47,UPI,ELECTRONICS,10.4_FRAUDULENT_TRANSACTION,1,0,458,3,0,0
pay_00008446,1348.86,UPI,ELECTRONICS,10.4_FRAUDULENT_TRANSACTION,1,1,900,0,0,0
pay_00008447,3035.01,UPI,DIGITAL_SERVICES,13.1_MERCHANDISE_NOT_RECEIVED,1,0,106,0,0,0
pay_00008448,287.45,UPI,ELECTRONICS,10.4_FRAUDULENT_TRANSACTION,1,0,150,0,0,0
pay_00008449,2410.33,UPI,GAMING,13.3_NOT_AS_DESCRIBED,1,0,266,3,0,0
pay_00008450,1779.07,UPI,DIGITAL_SERVICES,10.4_FRAUDULENT_TRANSACTION,1,1,900,0,0,0
pay_00008451,283.27,CREDIT_CARD,ELECTRONICS,10.5_VISA_EASY_PAYMENT,1,0,647,0,0,0
pay_00008452,1880.28,CREDIT_CARD,ELECTRONICS,10.5_VISA_EASY_PAYMENT,1,1,191,0,1,0
pay_00008453,973.88,UPI,DIGITAL_SERVICES,13.1_MERCHANDISE_NOT_RECEIVED,1,0,242,1,0,0
pay_00008454,4450.22,NETBANKING,GAMING,13.1_MERCHANDISE_NOT_RECEIVED,1,2,599,0,0,0
pay_00008455,329.05,UPI,DIGITAL_SERVICES,13.1_MERCHANDISE_NOT_RECEIVED,0,0,195,2,0,1
pay_00008456,1644.33,UPI,GAMING,10.4_FRAUDULENT_TRANSACTION,1,0,88,0,0,0
pay_00008457,821.85,CREDIT_CARD,GAMING,10.4_FRAUDULENT_TRANSACTION,1,0,367,0,0,0
pay_00008458,4813.38,UPI,TRAVEL,13.3_NOT_AS_DESCRIBED,1,0,485,0,0,1
pay_00008459,700.66,UPI,ELECTRONICS,13.1_MERCHANDISE_NOT_RECEIVED,1,1,926,0,0,0
pay_00008460,5012.61,UPI,ELECTRONICS,13.3_NOT_AS_DESCRIBED,1,0,361,0,0,1
pay_00008461,3576.33,DEBIT_CARD,RETAIL,13.1_MERCHANDISE_NOT_RECEIVED,1,0,116,0,1,0
pay_00008462,572.85,CREDIT_CARD,DIGITAL_SERVICES,10.4_FRAUDULENT_TRANSACTION,1,0,844,1,0,0
pay_00008463,2540.96,UPI,TRAVEL,10.4_FRAUDULENT_TRANSACTION,1,0,789,0,0,0
pay_00008464,8240.66,UPI,ELECTRONICS,10.4_FRAUDULENT_TRANSACTION,1,3,432,1,0,0
pay_00008465,536.86,DEBIT_CARD,RETAIL,13.3_NOT_AS_DESCRIBED,1,1,491,0,0,0
pay_00008466,961.12,CREDIT_CARD,TRAVEL,13.1_MERCHANDISE_NOT_RECEIVED,1,1,785,1,0,1
pay_00008467,1201.52,UPI,GAMING,13.3_NOT_AS_DESCRIBED,0,0,963,0,0,1
pay_00008468,624.19,UPI,ELECTRONICS,13.3_NOT_AS_DESCRIBED,1,0,463,0,0,0
pay_00008469,123.07,UPI,DIGITAL_SERVICES,10.4_FRAUDULENT_TRANSACTION,0,0,356,0,0,0
pay_00008470,472.94,CREDIT_CARD,TRAVEL,10.4_FRAUDULENT_TRANSACTION,0,0,480,0,0,1
pay_00008471,596.8,DEBIT_CARD,RETAIL,10.4_FRAUDULENT_TRANSACTION,1,1,521,0,0,0
pay_00008472,979.4,UPI,DIGITAL_SERVICES,10.4_FRAUDULENT_TRANSACTION,1,0,424,0,0,0
pay_00008473,381.49,UPI,GAMING,10.4_FRAUDULENT_TRANSACTION,0,1,754,0,0,0
pay_00008474,3198.36,NETBANKING,DIGITAL_SERVICES,10.4_FRAUDULENT_TRANSACTION,1,0,384,0,1,0
pay_00008475,1930.72,CREDIT_CARD,RETAIL,13.3_NOT_AS_DESCRIBED,1,0,214,0,0,0
pay_00008476,233.58,CREDIT_CARD,GAMING,13.1_MERCHANDISE_NOT_RECEIVED,1,0,996,0,0,0
pay_00008477,1675.13,UPI,RETAIL,10.4_FRAUDULENT_TRANSACTION,1,0,736,0,0,0
pay_00008478,1690.49,CREDIT_CARD,ELECTRONICS,13.1_MERCHANDISE_NOT_RECEIVED,1,2,699,0,0,0
pay_00008479,4792.91,CREDIT_CARD,RETAIL,10.4_FRAUDULENT_TRANSACTION,1,1,837,0,0,1
pay_00008480,104.54,UPI,DIGITAL_SERVICES,13.1_MERCHANDISE_NOT_RECEIVED,1,0,122,0,0,0
pay_00008481,527.39,WALLET,ELECTRONICS,10.4_FRAUDULENT_TRANSACTION,1,1,937,0,0,0
pay_00008482,4042.3,NETBANKING,ELECTRONICS,10.5_VISA_EASY_PAYMENT,1,0,708,0,1,0
pay_00008483,4135.33,DEBIT_CARD,TRAVEL,10.4_FRAUDULENT_TRANSACTION,1,0,944,0,0,0
pay_00008484,2012.59,CREDIT_CARD,DIGITAL_SERVICES,13.3_NOT_AS_DESCRIBED,1,0,701,0,0,0
pay_00008485,2277.13,UPI,DIGITAL_SERVICES,13.1_MERCHANDISE_NOT_RECEIVED,0,0,261,1,0,0
pay_00008486,243.91,UPI,GAMING,13.1_MERCHANDISE_NOT_RECEIVED,1,1,7,0,0,0
pay_00008487,1181.94,UPI,RETAIL,10.5_VISA_EASY_PAYMENT,1,1,459,0,0,0
pay_00008488,495.13,DEBIT_CARD,RETAIL,10.4_FRAUDULENT_TRANSACTION,1,0,871,0,0,0
pay_00008489,399.91,UPI,DIGITAL_SERVICES,10.4_FRAUDULENT_TRANSACTION,0,0,902,0,0,1
pay_00008490,2593.49,NETBANKING,RETAIL,10.4_FRAUDULENT_TRANSACTION,1,0,669,0,0,0
pay_00008491,317.6,UPI,DIGITAL_SERVICES,13.3_NOT_AS_DESCRIBED,1,1,947,0,0,0
pay_00008492,1048.51,CREDIT_CARD,ELECTRONICS,10.4_FRAUDULENT_TRANSACTION,1,0,977,0,0,0
pay_00008493,4284.99,CREDIT_CARD,RETAIL,10.4_FRAUDULENT_TRANSACTION,1,0,28,0,0,0
pay_00008494,408.38,CREDIT_CARD,RETAIL,10.4_FRAUDULENT_TRANSACTION,1,1,825,0,0,0
pay_00008495,5824.62,NETBANKING,DIGITAL_SERVICES,13.1_MERCHANDISE_NOT_RECEIVED,1,0,831,0,0,0
pay_00008496,7847.78,WALLET,DIGITAL_SERVICES,10.4_FRAUDULENT_TRANSACTION,1,0,422,0,0,0
pay_00008497,1316.6,UPI,GAMING,10.4_FRAUDULENT_TRANSACTION,1,1,723,0,0,0
pay_00008498,379.75,UPI,RETAIL,10.4_FRAUDULENT_TRANSACTION,1,0,561,0,0,0
pay_00008499,669.93,UPI,TRAVEL,10.4_FRAUDULENT_TRANSACTION,1,1,492,0,0,0
pay_00008500,928.76,CREDIT_CARD,DIGITAL_SERVICES,13.1_MERCHANDISE_NOT_RECEIVED,1,2,780,0,0,0
pay_00008501,655.13,UPI,TRAVEL,10.4_FRAUDULENT_TRANSACTION,1,2,685,2,0,0
pay_00008502,594.08,DEBIT_CARD,ELECTRONICS,13.3_NOT_AS_DESCRIBED,1,0,358,0,0,0
pay_00008503,5475.68,UPI,ELECTRONICS,13.1_MERCHANDISE_NOT_RECEIVED,1,0,723,0,0,0
pay_00008504,349.73,CREDIT_CARD,TRAVEL,10.4_FRAUDULENT_TRANSACTION,1,0,481,0,0,0
pay_00008505,2082.6,DEBIT_CARD,ELECTRONICS,13.1_MERCHANDISE_NOT_RECEIVED,1,1,301,0,0,0
pay_00008506,100.62,CREDIT_CARD,TRAVEL,10.5_VISA_EASY_PAYMENT,1,3,389,0,1,1
pay_00008507,1460.19,CREDIT_CARD,GAMING,10.4_FRAUDULENT_TRANSACTION,1,0,65,0,0,0
pay_00008508,3814.39,UPI,GAMING,10.4_FRAUDULENT_TRANSACTION,1,1,931,0,0,0
pay_00008509,609.38,UPI,ELECTRONICS,13.1_MERCHANDISE_NOT_RECEIVED,0,2,163,0,0,0
pay_00008510,407.82,CREDIT_CARD,TRAVEL,10.4_FRAUDULENT_TRANSACTION,1,0,879,0,0,0
pay_00008511,1681.95,UPI,TRAVEL,13.1_MERCHANDISE_NOT_RECEIVED,1,1,111,0,0,0
pay_00008512,1970.33,NETBANKING,TRAVEL,13.1_MERCHANDISE_NOT_RECEIVED,0,0,671,0,0,1
pay_00008513,1847.27,NETBANKING,ELECTRONICS,10.4_FRAUDULENT_TRANSACTION,1,0,246,1,0,0
pay_00008514,676.99,DEBIT_CARD,TRAVEL,10.4_FRAUDULENT_TRANSACTION,1,0,804,0,0,0
pay_00008515,535.93,UPI,DIGITAL_SERVICES,10.5_VISA_EASY_PAYMENT,1,0,424,0,0,0
pay_00008516,4782.58,DEBIT_CARD,TRAVEL,10.4_FRAUDULENT_TRANSACTION,1,1,611,0,0,0
pay_00008517,3951.77,UPI,DIGITAL_SERVICES,10.4_FRAUDULENT_TRANSACTION,1,0,424,0,0,0
pay_00008518,1016.84,UPI,GAMING,13.3_NOT_AS_DESCRIBED,1,0,701,1,0,0
pay_00008519,2908.09,UPI,DIGITAL_SERVICES,10.4_FRAUDULENT_TRANSACTION,1,0,524,2,0,0
pay_00008520,1003.11,UPI,GAMING,10.5_VISA_EASY_PAYMENT,1,0,247,0,0,0
pay_00008521,928.48,UPI,ELECTRONICS,13.1_MERCHANDISE_NOT_RECEIVED,1,2,722,0,1,1
pay_00008522,355.76,UPI,GAMING,13.1_MERCHANDISE_NOT_RECEIVED,1,0,732,1,0,1
pay_00008523,933.75,WALLET,GAMING,10.4_FRAUDULENT_TRANSACTION,0,0,781,0,0,0
pay_00008524,1256.39,UPI,TRAVEL,13.3_NOT_AS_DESCRIBED,1,0,414,0,0,0
pay_00008525,134.14,NETBANKING,RETAIL,10.5_VISA_EASY_PAYMENT,0,0,552,0,0,0
pay_00008526,980.79,UPI,GAMING,10.4_FRAUDULENT_TRANSACTION,1,0,913,0,0,0
pay_00008527,2380.47,UPI,DIGITAL_SERVICES,13.1_MERCHANDISE_NOT_RECEIVED,1,0,73,0,0,0
pay_00008528,1809.37,CREDIT_CARD,ELECTRONICS,10.4_FRAUDULENT_TRANSACTION,1,0,359,0,0,0
pay_00008529,1612.43,CREDIT_CARD,DIGITAL_SERVICES,10.4_FRAUDULENT_TRANSACTION,0,2,406,0,0,1
pay_00008530,3704.53,UPI,ELECTRONICS,10.4_FRAUDULENT_TRANSACTION,1,2,568,0,0,0
pay_00008531,127.29,UPI,DIGITAL_SERVICES,13.3_NOT_AS_DESCRIBED,0,0,830,3,0,1
pay_00008532,1321.44,UPI,GAMING,10.5_VISA_EASY_PAYMENT,1,0,569,0,1,0
pay_00008533,2422.15,UPI,RETAIL,13.3_NOT_AS_DESCRIBED,1,0,655,0,1,1
pay_00008534,1269.15,DEBIT_CARD,GAMING,13.1_MERCHANDISE_NOT_RECEIVED,1,0,349,0,0,0
pay_00008535,687.11,CREDIT_CARD,TRAVEL,13.3_NOT_AS_DESCRIBED,1,0,376,0,0,0
pay_00008536,319.71,UPI,DIGITAL_SERVICES,13.3_NOT_AS_DESCRIBED,1,1,566,0,0,0
pay_00008537,3378.04,NETBANKING,RETAIL,13.1_MERCHANDISE_NOT_RECEIVED,1,0,656,0,0,0
pay_00008538,1054.48,UPI,DIGITAL_SERVICES,10.5_VISA_EASY_PAYMENT,1,0,724,0,0,0
pay_00008539,3257.02,DEBIT_CARD,TRAVEL,10.4_FRAUDULENT_TRANSACTION,1,2,985,0,0,0
pay_00008540,1422.3,DEBIT_CARD,TRAVEL,10.4_FRAUDULENT_TRANSACTION,1,0,744,0,0,0
pay_00008541,1782.17,WALLET,TRAVEL,10.4_FRAUDULENT_TRANSACTION,1,1,408,0,0,0
pay_00008542,2546.46,UPI,GAMING,10.4_FRAUDULENT_TRANSACTION,1,0,592,0,0,0
pay_00008543,1714.49,CREDIT_CARD,GAMING,10.4_FRAUDULENT_TRANSACTION,1,0,883,0,0,0
pay_00008544,861.38,UPI,RETAIL,10.5_VISA_EASY_PAYMENT,1,1,720,0,0,0
pay_00008545,1181.19,CREDIT_CARD,TRAVEL,13.1_MERCHANDISE_NOT_RECEIVED,1,0,890,0,0,0
pay_00008546,2537.17,UPI,GAMING,13.1_MERCHANDISE_NOT_RECEIVED,1,0,409,0,0,0
pay_00008547,801.77,UPI,ELECTRONICS,10.4_FRAUDULENT_TRANSACTION,1,1,127,0,0,0
pay_00008548,836.83,NETBANKING,ELECTRONICS,13.1_MERCHANDISE_NOT_RECEIVED,1,1,942,0,0,0
pay_00008549,250.87,UPI,GAMING,10.4_FRAUDULENT_TRANSACTION,1,0,695,0,0,0
pay_00008550,3790.34,NETBANKING,RETAIL,13.1_MERCHANDISE_NOT_RECEIVED,0,0,880,0,0,1
pay_00008551,243.18,NETBANKING,DIGITAL_SERVICES,13.1_MERCHANDISE_NOT_RECEIVED,0,0,897,0,0,1
pay_00008552,1667.08,CREDIT_CARD,TRAVEL,13.1_MERCHANDISE_NOT_RECEIVED,1,0,434,1,0,0
pay_00008553,899.59,UPI,GAMING,10.4_FRAUDULENT_TRANSACTION,1,0,123,0,0,0
pay_00008554,880.35,UPI,RETAIL,13.3_NOT_AS_DESCRIBED,1,1,178,0,0,0
pay_00008555,1807.05,WALLET,DIGITAL_SERVICES,10.4_FRAUDULENT_TRANSACTION,1,0,929,0,0,0
pay_00008556,204.18,UPI,RETAIL,10.4_FRAUDULENT_TRANSACTION,1,0,753,0,0,0
pay_00008557,1451.02,CREDIT_CARD,DIGITAL_SERVICES,10.5_VISA_EASY_PAYMENT,1,2,116,0,0,0
pay_00008558,2317.82,CREDIT_CARD,ELECTRONICS,10.5_VISA_EASY_PAYMENT,1,1,839,0,0,0
pay_00008559,2742.25,NETBANKING,DIGITAL_SERVICES,10.4_FRAUDULENT_TRANSACTION,0,0,742,0,0,0
pay_00008560,380.45,DEBIT_CARD,ELECTRONICS,13.1_MERCHANDISE_NOT_RECEIVED,0,2,493,0,0,0
pay_00008561,3515.65,CREDIT_CARD,TRAVEL,10.4_FRAUDULENT_TRANSACTION,1,0,860,0,0,0
pay_00008562,1701.31,UPI,GAMING,10.4_FRAUDULENT_TRANSACTION,1,0,999,0,0,0
pay_00008563,3303.76,UPI,ELECTRONICS,13.1_MERCHANDISE_NOT_RECEIVED,1,0,668,1,0,0
pay_00008564,1096.2,UPI,RETAIL,10.4_FRAUDULENT_TRANSACTION,1,0,160,0,0,0
pay_00008565,1271.44,NETBANKING,DIGITAL_SERVICES,13.1_MERCHANDISE_NOT_RECEIVED,1,0,600,3,0,0
pay_00008566,3870.67,DEBIT_CARD,RETAIL,10.4_FRAUDULENT_TRANSACTION,0,1,520,0,0,0
pay_00008567,3552.52,DEBIT_CARD,ELECTRONICS,10.5_VISA_EASY_PAYMENT,1,0,812,0,0,0
pay_00008568,991.75,CREDIT_CARD,RETAIL,13.1_MERCHANDISE_NOT_RECEIVED,1,0,96,0,0,0
pay_00008569,581.16,CREDIT_CARD,DIGITAL_SERVICES,13.1_MERCHANDISE_NOT_RECEIVED,1,1,28,0,0,0
pay_00008570,849.26,UPI,GAMING,13.1_MERCHANDISE_NOT_RECEIVED,1,1,124,0,0,0
pay_00008571,835.96,UPI,RETAIL,10.5_VISA_EASY_PAYMENT,1,3,880,0,0,0
pay_00008572,607.13,UPI,TRAVEL,10.5_VISA_EASY_PAYMENT,1,0,707,1,0,0
pay_00008573,569.15,DEBIT_CARD,DIGITAL_SERVICES,13.1_MERCHANDISE_NOT_RECEIVED,1,0,647,0,0,0
pay_00008574,3060.6,UPI,DIGITAL_SERVICES,13.1_MERCHANDISE_NOT_RECEIVED,1,2,134,0,0,0
pay_00008575,208.63,DEBIT_CARD,TRAVEL,13.1_MERCHANDISE_NOT_RECEIVED,1,0,477,0,0,0
pay_00008576,1798.0,CREDIT_CARD,ELECTRONICS,10.4_FRAUDULENT_TRANSACTION,0,0,557,0,0,0
pay_00008577,384.6,UPI,TRAVEL,10.4_FRAUDULENT_TRANSACTION,1,0,14,0,0,0
pay_00008578,733.55,UPI,ELECTRONICS,10.4_FRAUDULENT_TRANSACTION,1,0,173,0,0,0
pay_00008579,195.28,UPI,GAMING,13.1_MERCHANDISE_NOT_RECEIVED,0,1,699,0,0,0
pay_00008580,572.01,UPI,ELECTRONICS,10.4_FRAUDULENT_TRANSACTION,1,1,936,0,0,0
pay_00008581,2294.25,DEBIT_CARD,GAMING,13.1_MERCHANDISE_NOT_RECEIVED,1,0,595,0,0,0
pay_00008582,3344.43,UPI,GAMING,10.4_FRAUDULENT_TRANSACTION,1,0,686,0,0,0
pay_00008583,475.63,DEBIT_CARD,TRAVEL,13.1_MERCHANDISE_NOT_RECEIVED,1,1,315,0,0,0
pay_00008584,1034.17,DEBIT_CARD,GAMING,13.3_NOT_AS_DESCRIBED,1,0,857,0,0,0
pay_00008585,1053.23,UPI,ELECTRONICS,10.4_FRAUDULENT_TRANSACTION,1,0,805,1,0,0
pay_00008586,3202.16,DEBIT_CARD,RETAIL,13.3_NOT_AS_DESCRIBED,1,1,82,1,0,0
pay_00008587,2258.27,CREDIT_CARD,DIGITAL_SERVICES,13.1_MERCHANDISE_NOT_RECEIVED,0,0,964,0,0,1
pay_00008588,1179.47,DEBIT_CARD,DIGITAL_SERVICES,10.4_FRAUDULENT_TRANSACTION,1,0,577,0,0,0
pay_00008589,1766.39,UPI,ELECTRONICS,13.1_MERCHANDISE_NOT_RECEIVED,0,0,353,3,0,0
pay_00008590,2919.46,UPI,RETAIL,10.4_FRAUDULENT_TRANSACTION,0,0,924,0,0,0
pay_00008591,114.38,UPI,GAMING,10.4_FRAUDULENT_TRANSACTION,1,0,41,2,0,1
pay_00008592,873.48,UPI,ELECTRONICS,10.4_FRAUDULENT_TRANSACTION,1,0,851,0,0,0
pay_00008593,3666.66,DEBIT_CARD,GAMING,10.5_VISA_EASY_PAYMENT,1,0,97,1,0,0
pay_00008594,2122.42,DEBIT_CARD,TRAVEL,10.5_VISA_EASY_PAYMENT,1,0,783,0,0,0
pay_00008595,1274.09,NETBANKING,RETAIL,10.5_VISA_EASY_PAYMENT,1,0,237,0,0,0
pay_00008596,1231.4,UPI,DIGITAL_SERVICES,13.3_NOT_AS_DESCRIBED,1,0,343,0,0,0
pay_00008597,741.04,UPI,ELECTRONICS,10.4_FRAUDULENT_TRANSACTION,1,1,989,0,0,0
pay_00008598,1202.58,CREDIT_CARD,DIGITAL_SERVICES,10.4_FRAUDULENT_TRANSACTION,1,1,679,0,0,0
pay_00008599,1697.98,UPI,GAMING,13.3_NOT_AS_DESCRIBED,1,2,462,0,1,0
pay_00008600,912.86,UPI,GAMING,13.3_NOT_AS_DESCRIBED,1,1,990,0,0,0
pay_00008601,1978.45,CREDIT_CARD,TRAVEL,10.4_FRAUDULENT_TRANSACTION,1,1,194,1,1,0
pay_00008602,3062.43,UPI,GAMING,13.3_NOT_AS_DESCRIBED,1,1,333,0,0,0
pay_00008603,352.07,CREDIT_CARD,GAMING,10.4_FRAUDULENT_TRANSACTION,1,0,284,0,0,0
pay_00008604,1000.98,UPI,DIGITAL_SERVICES,13.1_MERCHANDISE_NOT_RECEIVED,1,0,415,0,0,0
pay_00008605,886.42,CREDIT_CARD,DIGITAL_SERVICES,13.1_MERCHANDISE_NOT_RECEIVED,1,0,652,0,0,0
pay_00008606,1844.56,DEBIT_CARD,ELECTRONICS,13.1_MERCHANDISE_NOT_RECEIVED,1,1,269,0,1,0
pay_00008607,531.26,UPI,ELECTRONICS,13.1_MERCHANDISE_NOT_RECEIVED,1,2,515,0,0,0
pay_00008608,1633.52,NETBANKING,GAMING,10.5_VISA_EASY_PAYMENT,1,0,575,0,0,0
pay_00008609,3249.33,CREDIT_CARD,RETAIL,10.4_FRAUDULENT_TRANSACTION,1,1,541,0,0,0
pay_00008610,912.27,NETBANKING,ELECTRONICS,13.3_NOT_AS_DESCRIBED,1,0,371,0,0,0
pay_00008611,3728.94,UPI,GAMING,13.1_MERCHANDISE_NOT_RECEIVED,1,1,64,0,1,0
pay_00008612,7578.27,CREDIT_CARD,DIGITAL_SERVICES,13.1_MERCHANDISE_NOT_RECEIVED,1,0,94,0,1,0
pay_00008613,268.23,UPI,TRAVEL,10.4_FRAUDULENT_TRANSACTION,1,0,332,0,0,0
pay_00008614,498.01,DEBIT_CARD,DIGITAL_SERVICES,10.5_VISA_EASY_PAYMENT,1,1,853,0,0,0
pay_00008615,4605.03,CREDIT_CARD,DIGITAL_SERVICES,10.4_FRAUDULENT_TRANSACTION,1,0,126,1,0,0
pay_00008616,4866.88,UPI,TRAVEL,10.4_FRAUDULENT_TRANSACTION,1,0,834,1,0,0
pay_00008617,254.22,NETBANKING,DIGITAL_SERVICES,13.1_MERCHANDISE_NOT_RECEIVED,1,2,884,0,1,0
pay_00008618,122.67,UPI,ELECTRONICS,10.4_FRAUDULENT_TRANSACTION,1,1,690,0,0,0
pay_00008619,363.5,UPI,DIGITAL_SERVICES,10.4_FRAUDULENT_TRANSACTION,1,2,208,0,0,0
pay_00008620,8386.99,CREDIT_CARD,TRAVEL,10.4_FRAUDULENT_TRANSACTION,1,2,352,0,0,1
pay_00008621,397.68,CREDIT_CARD,GAMING,13.1_MERCHANDISE_NOT_RECEIVED,1,0,732,0,0,0
pay_00008622,1147.38,UPI,GAMING,10.4_FRAUDULENT_TRANSACTION,1,0,969,0,0,0
pay_00008623,2929.94,UPI,GAMING,10.4_FRAUDULENT_TRANSACTION,1,0,502,0,0,0
pay_00008624,130.92,WALLET,TRAVEL,13.3_NOT_AS_DESCRIBED,1,2,657,0,0,0
pay_00008625,1491.36,DEBIT_CARD,TRAVEL,10.4_FRAUDULENT_TRANSACTION,1,0,121,0,0,0
pay_00008626,586.57,UPI,ELECTRONICS,10.4_FRAUDULENT_TRANSACTION,0,2,56,1,0,0
pay_00008627,3074.4,UPI,TRAVEL,13.3_NOT_AS_DESCRIBED,1,1,114,0,0,0
pay_00008628,599.98,WALLET,GAMING,13.1_MERCHANDISE_NOT_RECEIVED,1,1,723,0,0,0
pay_00008629,1841.16,DEBIT_CARD,TRAVEL,13.1_MERCHANDISE_NOT_RECEIVED,1,0,519,2,0,0
pay_00008630,1782.3,NETBANKING,RETAIL,10.4_FRAUDULENT_TRANSACTION,1,0,932,0,0,0
pay_00008631,475.57,UPI,DIGITAL_SERVICES,13.1_MERCHANDISE_NOT_RECEIVED,1,0,296,1,0,1
pay_00008632,153.13,DEBIT_CARD,ELECTRONICS,13.1_MERCHANDISE_NOT_RECEIVED,1,0,257,0,0,0
pay_00008633,889.54,DEBIT_CARD,GAMING,10.4_FRAUDULENT_TRANSACTION,1,0,170,0,0,0
pay_00008634,612.03,UPI,GAMING,13.1_MERCHANDISE_NOT_RECEIVED,1,0,164,0,0,0
pay_00008635,2583.05,CREDIT_CARD,RETAIL,13.1_MERCHANDISE_NOT_RECEIVED,1,2,881,0,0,0
pay_00008636,2516.89,CREDIT_CARD,ELECTRONICS,10.4_FRAUDULENT_TRANSACTION,0,0,807,0,1,0
pay_00008637,1016.04,UPI,DIGITAL_SERVICES,13.1_MERCHANDISE_NOT_RECEIVED,1,0,889,0,1,0
pay_00008638,1499.06,DEBIT_CARD,ELECTRONICS,10.4_FRAUDULENT_TRANSACTION,1,1,129,0,0,0
pay_00008639,1490.49,DEBIT_CARD,ELECTRONICS,13.1_MERCHANDISE_NOT_RECEIVED,1,1,752,0,1,0
pay_00008640,2733.07,NETBANKING,GAMING,13.1_MERCHANDISE_NOT_RECEIVED,0,0,728,0,0,0
pay_00008641,930.08,DEBIT_CARD,TRAVEL,10.4_FRAUDULENT_TRANSACTION,1,0,191,1,1,0
pay_00008642,583.3,UPI,DIGITAL_SERVICES,13.1_MERCHANDISE_NOT_RECEIVED,1,0,586,0,1,0
pay_00008643,561.9,UPI,ELECTRONICS,13.3_NOT_AS_DESCRIBED,1,0,843,0,0,0
pay_00008644,1252.43,DEBIT_CARD,RETAIL,10.4_FRAUDULENT_TRANSACTION,1,0,870,1,0,0
pay_00008645,994.43,UPI,GAMING,13.3_NOT_AS_DESCRIBED,1,0,854,0,1,0
pay_00008646,970.05,UPI,TRAVEL,10.4_FRAUDULENT_TRANSACTION,0,0,824,0,0,1
pay_00008647,243.34,CREDIT_CARD,TRAVEL,13.3_NOT_AS_DESCRIBED,1,0,415,0,0,0
pay_00008648,2001.99,UPI,GAMING,10.4_FRAUDULENT_TRANSACTION,1,1,257,0,0,0
pay_00008649,460.7,CREDIT_CARD,ELECTRONICS,10.4_FRAUDULENT_TRANSACTION,1,1,553,0,0,0
pay_00008650,429.01,UPI,GAMING,10.4_FRAUDULENT_TRANSACTION,1,1,651,0,1,1
pay_00008651,898.48,UPI,TRAVEL,13.3_NOT_AS_DESCRIBED,1,0,262,0,0,0
pay_00008652,487.73,WALLET,TRAVEL,13.1_MERCHANDISE_NOT_RECEIVED,1,0,947,0,0,0
pay_00008653,1415.09,DEBIT_CARD,RETAIL,13.1_MERCHANDISE_NOT_RECEIVED,1,0,192,0,0,0
pay_00008654,796.54,DEBIT_CARD,RETAIL,13.3_NOT_AS_DESCRIBED,1,0,237,0,0,0
pay_00008655,993.79,CREDIT_CARD,TRAVEL,10.4_FRAUDULENT_TRANSACTION,1,3,721,0,0,0
pay_00008656,1255.59,DEBIT_CARD,RETAIL,10.4_FRAUDULENT_TRANSACTION,1,0,78,0,0,0
pay_00008657,441.36,DEBIT_CARD,RETAIL,13.1_MERCHANDISE_NOT_RECEIVED,1,2,352,0,0,0
pay_00008658,353.96,CREDIT_CARD,RETAIL,10.4_FRAUDULENT_TRANSACTION,1,0,404,0,0,0
pay_00008659,3285.68,WALLET,TRAVEL,10.4_FRAUDULENT_TRANSACTION,1,1,885,0,0,0
pay_00008660,953.01,UPI,ELECTRONICS,13.1_MERCHANDISE_NOT_RECEIVED,0,1,772,1,0,0
pay_00008661,896.78,NETBANKING,ELECTRONICS,10.4_FRAUDULENT_TRANSACTION,1,1,763,0,0,0
pay_00008662,154.39,UPI,DIGITAL_SERVICES,10.4_FRAUDULENT_TRANSACTION,1,1,935,0,0,0
pay_00008663,1133.66,CREDIT_CARD,RETAIL,10.4_FRAUDULENT_TRANSACTION,1,1,47,0,0,0
pay_00008664,1311.73,UPI,ELECTRONICS,10.4_FRAUDULENT_TRANSACTION,1,0,918,0,0,0
pay_00008665,1327.52,CREDIT_CARD,DIGITAL_SERVICES,13.1_MERCHANDISE_NOT_RECEIVED,1,1,349,0,1,1
pay_00008666,1941.53,CREDIT_CARD,GAMING,10.4_FRAUDULENT_TRANSACTION,1,2,810,0,1,0
pay_00008667,393.08,WALLET,RETAIL,10.4_FRAUDULENT_TRANSACTION,1,0,613,1,0,0
pay_00008668,535.98,WALLET,ELECTRONICS,13.3_NOT_AS_DESCRIBED,1,1,461,0,0,0
pay_00008669,2596.87,WALLET,ELECTRONICS,13.3_NOT_AS_DESCRIBED,1,0,975,0,0,0
pay_00008670,4511.03,UPI,ELECTRONICS,13.3_NOT_AS_DESCRIBED,1,3,803,0,1,0
pay_00008671,319.16,WALLET,DIGITAL_SERVICES,13.1_MERCHANDISE_NOT_RECEIVED,1,0,153,1,0,0
pay_00008672,1132.69,UPI,GAMING,13.1_MERCHANDISE_NOT_RECEIVED,1,2,627,0,0,0
pay_00008673,461.53,NETBANKING,RETAIL,13.1_MERCHANDISE_NOT_RECEIVED,1,1,899,0,0,0
pay_00008674,192.93,UPI,ELECTRONICS,10.5_VISA_EASY_PAYMENT,1,0,307,1,0,1
pay_00008675,690.68,CREDIT_CARD,TRAVEL,13.3_NOT_AS_DESCRIBED,1,1,268,0,0,0
pay_00008676,332.68,WALLET,RETAIL,13.1_MERCHANDISE_NOT_RECEIVED,1,1,654,0,0,0
pay_00008677,1956.47,NETBANKING,TRAVEL,10.4_FRAUDULENT_TRANSACTION,1,0,936,0,0,0
pay_00008678,1244.47,CREDIT_CARD,DIGITAL_SERVICES,13.1_MERCHANDISE_NOT_RECEIVED,1,0,288,0,0,0
pay_00008679,332.94,DEBIT_CARD,ELECTRONICS,10.4_FRAUDULENT_TRANSACTION,1,1,306,0,0,0
pay_00008680,113.93,UPI,RETAIL,10.5_VISA_EASY_PAYMENT,1,1,68,0,0,0
pay_00008681,2576.62,DEBIT_CARD,RETAIL,13.1_MERCHANDISE_NOT_RECEIVED,1,0,285,0,0,0
pay_00008682,390.73,CREDIT_CARD,ELECTRONICS,13.1_MERCHANDISE_NOT_RECEIVED,0,0,543,0,0,1
pay_00008683,1497.93,UPI,GAMING,10.4_FRAUDULENT_TRANSACTION,1,0,480,0,0,0
pay_00008684,716.29,UPI,DIGITAL_SERVICES,10.4_FRAUDULENT_TRANSACTION,0,0,24,0,0,1
pay_00008685,1420.97,UPI,ELECTRONICS,10.4_FRAUDULENT_TRANSACTION,1,0,11,0,0,0
pay_00008686,668.94,DEBIT_CARD,RETAIL,10.4_FRAUDULENT_TRANSACTION,1,0,639,0,0,0
pay_00008687,236.43,UPI,GAMING,13.1_MERCHANDISE_NOT_RECEIVED,1,0,286,0,0,0
pay_00008688,478.38,UPI,RETAIL,10.4_FRAUDULENT_TRANSACTION,1,0,787,1,0,1
pay_00008689,412.49,UPI,TRAVEL,10.5_VISA_EASY_PAYMENT,0,0,676,0,0,1
pay_00008690,937.98,CREDIT_CARD,RETAIL,10.4_FRAUDULENT_TRANSACTION,1,1,774,0,1,0
pay_00008691,1710.66,DEBIT_CARD,DIGITAL_SERVICES,10.4_FRAUDULENT_TRANSACTION,1,0,130,0,0,0
pay_00008692,559.39,CREDIT_CARD,ELECTRONICS,13.1_MERCHANDISE_NOT_RECEIVED,1,0,743,0,0,0
pay_00008693,118.22,CREDIT_CARD,RETAIL,10.4_FRAUDULENT_TRANSACTION,0,1,380,0,0,0
pay_00008694,1197.64,UPI,TRAVEL,13.3_NOT_AS_DESCRIBED,1,1,787,0,0,0
pay_00008695,1496.19,UPI,TRAVEL,10.4_FRAUDULENT_TRANSACTION,1,0,430,0,0,0
pay_00008696,5040.01,NETBANKING,ELECTRONICS,10.4_FRAUDULENT_TRANSACTION,1,0,240,0,0,0
pay_00008697,1435.46,UPI,TRAVEL,10.4_FRAUDULENT_TRANSACTION,1,0,552,0,0,0
pay_00008698,1055.64,UPI,ELECTRONICS,10.4_FRAUDULENT_TRANSACTION,1,0,146,0,0,0
pay_00008699,1377.87,DEBIT_CARD,DIGITAL_SERVICES,13.1_MERCHANDISE_NOT_RECEIVED,1,0,873,0,0,0
pay_00008700,4044.56,UPI,ELECTRONICS,10.4_FRAUDULENT_TRANSACTION,1,3,292,2,0,1
pay_00008701,2743.69,DEBIT_CARD,GAMING,13.1_MERCHANDISE_NOT_RECEIVED,1,2,942,0,0,0
pay_00008702,685.08,UPI,TRAVEL,13.1_MERCHANDISE_NOT_RECEIVED,1,1,312,0,0,0
pay_00008703,506.25,DEBIT_CARD,TRAVEL,13.1_MERCHANDISE_NOT_RECEIVED,0,0,308,0,0,1
pay_00008704,557.01,UPI,RETAIL,10.4_FRAUDULENT_TRANSACTION,1,0,822,0,1,0
pay_00008705,1153.04,UPI,GAMING,13.1_MERCHANDISE_NOT_RECEIVED,0,0,824,0,0,0
pay_00008706,2144.16,UPI,RETAIL,10.4_FRAUDULENT_TRANSACTION,1,1,885,1,0,0
pay_00008707,1149.41,DEBIT_CARD,ELECTRONICS,13.1_MERCHANDISE_NOT_RECEIVED,1,0,630,0,0,0
pay_00008708,205.31,WALLET,DIGITAL_SERVICES,10.4_FRAUDULENT_TRANSACTION,1,2,626,0,0,0
pay_00008709,2028.75,UPI,TRAVEL,10.4_FRAUDULENT_TRANSACTION,1,2,532,2,0,0
pay_00008710,2559.61,DEBIT_CARD,DIGITAL_SERVICES,13.1_MERCHANDISE_NOT_RECEIVED,0,3,229,0,0,1
pay_00008711,612.67,CREDIT_CARD,ELECTRONICS,13.1_MERCHANDISE_NOT_RECEIVED,0,1,513,0,0,0
pay_00008712,1736.53,WALLET,ELECTRONICS,10.4_FRAUDULENT_TRANSACTION,1,0,791,0,0,0
pay_00008713,934.24,DEBIT_CARD,GAMING,10.4_FRAUDULENT_TRANSACTION,1,1,806,0,0,0
pay_00008714,3398.95,UPI,RETAIL,10.5_VISA_EASY_PAYMENT,1,0,20,1,0,0
pay_00008715,2898.68,DEBIT_CARD,TRAVEL,10.4_FRAUDULENT_TRANSACTION,1,1,260,0,1,0
pay_00008716,1218.03,CREDIT_CARD,TRAVEL,10.4_FRAUDULENT_TRANSACTION,1,0,755,0,0,0
pay_00008717,1864.08,UPI,DIGITAL_SERVICES,10.4_FRAUDULENT_TRANSACTION,1,1,892,0,0,0
pay_00008718,3322.86,UPI,GAMING,13.1_MERCHANDISE_NOT_RECEIVED,1,0,614,0,0,0
pay_00008719,1126.93,NETBANKING,ELECTRONICS,13.1_MERCHANDISE_NOT_RECEIVED,1,0,197,0,1,0
pay_00008720,663.68,NETBANKING,GAMING,10.4_FRAUDULENT_TRANSACTION,1,1,390,0,0,0
pay_00008721,2201.6,DEBIT_CARD,TRAVEL,13.1_MERCHANDISE_NOT_RECEIVED,1,0,703,0,0,0
pay_00008722,472.82,WALLET,RETAIL,13.1_MERCHANDISE_NOT_RECEIVED,1,0,346,0,1,1
pay_00008723,837.84,DEBIT_CARD,DIGITAL_SERVICES,13.1_MERCHANDISE_NOT_RECEIVED,0,0,641,0,0,1
pay_00008724,3111.82,UPI,ELECTRONICS,10.5_VISA_EASY_PAYMENT,1,3,128,0,0,0
pay_00008725,2033.33,UPI,ELECTRONICS,10.4_FRAUDULENT_TRANSACTION,1,1,114,1,0,0
pay_00008726,875.8,UPI,ELECTRONICS,10.5_VISA_EASY_PAYMENT,1,0,959,0,0,0
pay_00008727,462.62,UPI,RETAIL,13.3_NOT_AS_DESCRIBED,1,0,207,0,0,0
pay_00008728,760.01,UPI,TRAVEL,10.4_FRAUDULENT_TRANSACTION,1,0,848,0,0,0
pay_00008729,601.33,CREDIT_CARD,TRAVEL,13.3_NOT_AS_DESCRIBED,1,1,855,1,0,0
pay_00008730,390.54,DEBIT_CARD,GAMING,13.1_MERCHANDISE_NOT_RECEIVED,1,3,105,0,0,0
pay_00008731,2139.96,NETBANKING,GAMING,13.3_NOT_AS_DESCRIBED,1,1,726,1,0,0
pay_00008732,535.67,CREDIT_CARD,TRAVEL,13.1_MERCHANDISE_NOT_RECEIVED,1,0,950,0,0,0
pay_00008733,1008.16,NETBANKING,ELECTRONICS,10.4_FRAUDULENT_TRANSACTION,1,0,709,0,0,0
pay_00008734,831.3,CREDIT_CARD,RETAIL,13.1_MERCHANDISE_NOT_RECEIVED,0,0,171,1,0,0
pay_00008735,6132.54,NETBANKING,TRAVEL,10.4_FRAUDULENT_TRANSACTION,0,0,261,0,0,1
pay_00008736,844.13,UPI,RETAIL,10.4_FRAUDULENT_TRANSACTION,1,2,966,2,0,0
pay_00008737,225.04,UPI,DIGITAL_SERVICES,13.1_MERCHANDISE_NOT_RECEIVED,1,0,322,0,0,0
pay_00008738,241.18,NETBANKING,ELECTRONICS,10.5_VISA_EASY_PAYMENT,1,0,778,0,0,0
pay_00008739,1440.16,UPI,DIGITAL_SERVICES,13.1_MERCHANDISE_NOT_RECEIVED,1,0,886,0,0,0
pay_00008740,1472.05,CREDIT_CARD,TRAVEL,13.3_NOT_AS_DESCRIBED,1,1,164,0,0,1
pay_00008741,913.88,UPI,GAMING,10.4_FRAUDULENT_TRANSACTION,1,2,238,0,0,0
pay_00008742,948.04,CREDIT_CARD,TRAVEL,13.1_MERCHANDISE_NOT_RECEIVED,0,0,675,0,0,0
pay_00008743,183.16,WALLET,DIGITAL_SERVICES,13.1_MERCHANDISE_NOT_RECEIVED,1,0,941,0,0,0
pay_00008744,1190.2,UPI,RETAIL,10.4_FRAUDULENT_TRANSACTION,1,0,535,0,0,0
pay_00008745,1154.01,NETBANKING,TRAVEL,10.4_FRAUDULENT_TRANSACTION,1,0,702,0,0,0
pay_00008746,342.98,UPI,GAMING,13.3_NOT_AS_DESCRIBED,0,1,303,0,0,0
pay_00008747,264.45,UPI,DIGITAL_SERVICES,10.4_FRAUDULENT_TRANSACTION,1,0,912,1,0,0
pay_00008748,297.85,UPI,TRAVEL,10.4_FRAUDULENT_TRANSACTION,1,0,165,0,1,0
pay_00008749,259.76,DEBIT_CARD,DIGITAL_SERVICES,10.5_VISA_EASY_PAYMENT,1,0,938,1,0,0
pay_00008750,1511.29,UPI,DIGITAL_SERVICES,10.5_VISA_EASY_PAYMENT,0,2,419,0,1,1
pay_00008751,428.13,CREDIT_CARD,ELECTRONICS,13.3_NOT_AS_DESCRIBED,1,1,240,0,0,0
pay_00008752,534.39,UPI,RETAIL,13.3_NOT_AS_DESCRIBED,1,0,552,3,1,0
pay_00008753,385.96,UPI,ELECTRONICS,10.4_FRAUDULENT_TRANSACTION,1,0,528,0,0,0
pay_00008754,4849.26,DEBIT_CARD,DIGITAL_SERVICES,10.4_FRAUDULENT_TRANSACTION,1,0,197,0,0,0
pay_00008755,2992.58,UPI,GAMING,10.5_VISA_EASY_PAYMENT,1,1,267,0,0,0
pay_00008756,493.01,UPI,GAMING,13.1_MERCHANDISE_NOT_RECEIVED,1,0,51,0,0,0
pay_00008757,695.28,UPI,ELECTRONICS,13.1_MERCHANDISE_NOT_RECEIVED,1,0,733,0,1,0
pay_00008758,453.38,CREDIT_CARD,GAMING,10.4_FRAUDULENT_TRANSACTION,1,1,368,0,0,0
pay_00008759,1115.54,CREDIT_CARD,DIGITAL_SERVICES,13.3_NOT_AS_DESCRIBED,1,0,366,0,0,0
pay_00008760,129.71,UPI,TRAVEL,10.4_FRAUDULENT_TRANSACTION,1,0,459,0,0,0
pay_00008761,1769.23,UPI,DIGITAL_SERVICES,10.4_FRAUDULENT_TRANSACTION,1,0,238,0,0,0
pay_00008762,1210.86,UPI,TRAVEL,10.4_FRAUDULENT_TRANSACTION,1,1,336,0,0,0
pay_00008763,3533.6,UPI,GAMING,13.1_MERCHANDISE_NOT_RECEIVED,1,1,345,0,0,0
pay_00008764,369.39,NETBANKING,RETAIL,13.1_MERCHANDISE_NOT_RECEIVED,1,0,946,0,0,0
pay_00008765,2545.3,DEBIT_CARD,RETAIL,13.1_MERCHANDISE_NOT_RECEIVED,1,0,323,1,0,0
pay_00008766,2455.04,CREDIT_CARD,DIGITAL_SERVICES,10.4_FRAUDULENT_TRANSACTION,0,1,707,0,0,0
pay_00008767,304.04,UPI,DIGITAL_SERVICES,13.3_NOT_AS_DESCRIBED,1,2,65,0,0,0
pay_00008768,862.64,DEBIT_CARD,GAMING,10.5_VISA_EASY_PAYMENT,1,0,12,0,1,0
pay_00008769,379.77,DEBIT_CARD,RETAIL,10.4_FRAUDULENT_TRANSACTION,1,0,903,0,0,0
pay_00008770,540.99,CREDIT_CARD,RETAIL,13.3_NOT_AS_DESCRIBED,1,0,939,0,0,0
pay_00008771,558.25,DEBIT_CARD,DIGITAL_SERVICES,10.5_VISA_EASY_PAYMENT,0,0,814,1,0,0
pay_00008772,1318.69,DEBIT_CARD,RETAIL,10.4_FRAUDULENT_TRANSACTION,1,0,352,0,0,0
pay_00008773,895.04,CREDIT_CARD,DIGITAL_SERVICES,10.4_FRAUDULENT_TRANSACTION,1,1,790,0,0,0
pay_00008774,4527.08,UPI,ELECTRONICS,10.5_VISA_EASY_PAYMENT,0,1,332,0,0,1
pay_00008775,302.65,DEBIT_CARD,RETAIL,10.4_FRAUDULENT_TRANSACTION,1,0,902,0,0,0
pay_00008776,5556.83,UPI,TRAVEL,10.4_FRAUDULENT_TRANSACTION,1,0,550,0,1,0
pay_00008777,493.29,DEBIT_CARD,GAMING,13.1_MERCHANDISE_NOT_RECEIVED,1,0,167,1,0,0
pay_00008778,2323.38,DEBIT_CARD,DIGITAL_SERVICES,13.1_MERCHANDISE_NOT_RECEIVED,1,1,742,0,0,0
pay_00008779,720.93,DEBIT_CARD,RETAIL,13.1_MERCHANDISE_NOT_RECEIVED,1,1,444,1,0,0
pay_00008780,331.62,UPI,RETAIL,13.1_MERCHANDISE_NOT_RECEIVED,1,1,617,0,0,0
pay_00008781,3026.72,UPI,DIGITAL_SERVICES,13.1_MERCHANDISE_NOT_RECEIVED,1,0,597,0,0,0
pay_00008782,654.12,UPI,TRAVEL,10.4_FRAUDULENT_TRANSACTION,1,1,190,1,0,0
pay_00008783,1713.17,DEBIT_CARD,RETAIL,10.4_FRAUDULENT_TRANSACTION,1,3,92,0,0,0
pay_00008784,1353.6,NETBANKING,ELECTRONICS,10.4_FRAUDULENT_TRANSACTION,1,2,992,0,0,0
pay_00008785,1057.3,CREDIT_CARD,GAMING,13.3_NOT_AS_DESCRIBED,1,1,667,0,0,0
pay_00008786,1127.23,UPI,DIGITAL_SERVICES,10.5_VISA_EASY_PAYMENT,0,0,817,0,0,1
pay_00008787,2076.48,NETBANKING,RETAIL,10.4_FRAUDULENT_TRANSACTION,1,2,881,1,0,0
pay_00008788,237.8,WALLET,GAMING,10.4_FRAUDULENT_TRANSACTION,0,0,527,2,0,0
pay_00008789,1754.75,UPI,DIGITAL_SERVICES,10.5_VISA_EASY_PAYMENT,1,1,801,0,0,0
pay_00008790,3492.34,CREDIT_CARD,DIGITAL_SERVICES,10.4_FRAUDULENT_TRANSACTION,1,0,96,0,0,0
pay_00008791,189.29,DEBIT_CARD,DIGITAL_SERVICES,10.4_FRAUDULENT_TRANSACTION,1,0,814,0,0,0
pay_00008792,327.37,DEBIT_CARD,TRAVEL,13.3_NOT_AS_DESCRIBED,1,1,226,0,0,0
pay_00008793,1991.51,WALLET,ELECTRONICS,13.1_MERCHANDISE_NOT_RECEIVED,1,0,500,0,0,0
pay_00008794,962.46,UPI,DIGITAL_SERVICES,10.4_FRAUDULENT_TRANSACTION,0,1,630,0,0,1
pay_00008795,875.14,CREDIT_CARD,TRAVEL,10.5_VISA_EASY_PAYMENT,1,0,199,0,0,0
pay_00008796,320.95,CREDIT_CARD,DIGITAL_SERVICES,10.5_VISA_EASY_PAYMENT,1,0,653,0,0,0
pay_00008797,1160.17,NETBANKING,DIGITAL_SERVICES,10.4_FRAUDULENT_TRANSACTION,1,1,693,0,0,0
pay_00008798,302.95,NETBANKING,TRAVEL,13.3_NOT_AS_DESCRIBED,1,0,167,2,0,0
pay_00008799,1071.17,WALLET,ELECTRONICS,13.1_MERCHANDISE_NOT_RECEIVED,1,1,946,0,0,0
pay_00008800,2263.44,CREDIT_CARD,GAMING,10.4_FRAUDULENT_TRANSACTION,1,0,966,0,0,0
pay_00008801,548.14,DEBIT_CARD,RETAIL,10.5_VISA_EASY_PAYMENT,1,0,115,0,0,0
pay_00008802,1083.16,UPI,DIGITAL_SERVICES,10.4_FRAUDULENT_TRANSACTION,1,0,828,0,1,0
pay_00008803,7345.47,UPI,ELECTRONICS,10.4_FRAUDULENT_TRANSACTION,1,1,905,0,0,0
pay_00008804,1840.65,UPI,RETAIL,10.4_FRAUDULENT_TRANSACTION,1,0,106,0,0,1
pay_00008805,2861.65,DEBIT_CARD,DIGITAL_SERVICES,13.1_MERCHANDISE_NOT_RECEIVED,1,2,890,0,0,0
pay_00008806,903.82,WALLET,RETAIL,10.4_FRAUDULENT_TRANSACTION,1,1,4,0,0,0
pay_00008807,2290.63,UPI,TRAVEL,13.3_NOT_AS_DESCRIBED,1,0,245,0,0,0
pay_00008808,162.03,UPI,ELECTRONICS,13.1_MERCHANDISE_NOT_RECEIVED,1,0,990,0,0,0
pay_00008809,296.72,DEBIT_CARD,ELECTRONICS,10.4_FRAUDULENT_TRANSACTION,1,1,860,0,1,0
pay_00008810,440.48,CREDIT_CARD,GAMING,13.1_MERCHANDISE_NOT_RECEIVED,1,0,789,0,0,0
pay_00008811,871.13,WALLET,GAMING,13.1_MERCHANDISE_NOT_RECEIVED,1,0,140,0,0,0
pay_00008812,2903.72,UPI,RETAIL,10.4_FRAUDULENT_TRANSACTION,1,2,77,0,0,0
pay_00008813,737.58,UPI,TRAVEL,10.4_FRAUDULENT_TRANSACTION,1,1,894,0,0,0
pay_00008814,1694.67,UPI,RETAIL,13.1_MERCHANDISE_NOT_RECEIVED,1,0,50,0,1,0
pay_00008815,1953.27,UPI,DIGITAL_SERVICES,10.4_FRAUDULENT_TRANSACTION,1,1,653,0,1,0
pay_00008816,1423.49,UPI,ELECTRONICS,13.3_NOT_AS_DESCRIBED,1,0,692,3,0,0
pay_00008817,762.98,UPI,RETAIL,10.4_FRAUDULENT_TRANSACTION,0,0,475,0,0,0
pay_00008818,1390.76,UPI,RETAIL,10.4_FRAUDULENT_TRANSACTION,1,0,348,0,0,0
pay_00008819,728.43,UPI,ELECTRONICS,10.4_FRAUDULENT_TRANSACTION,1,1,978,0,0,0
pay_00008820,231.4,WALLET,ELECTRONICS,13.1_MERCHANDISE_NOT_RECEIVED,1,2,485,0,0,0
pay_00008821,7501.34,UPI,GAMING,10.4_FRAUDULENT_TRANSACTION,1,0,208,0,0,0
pay_00008822,304.04,UPI,GAMING,10.4_FRAUDULENT_TRANSACTION,1,1,629,1,0,0
pay_00008823,212.65,NETBANKING,ELECTRONICS,10.4_FRAUDULENT_TRANSACTION,1,1,661,0,0,0
pay_00008824,3262.14,CREDIT_CARD,RETAIL,13.1_MERCHANDISE_NOT_RECEIVED,0,0,183,0,0,1
pay_00008825,638.95,CREDIT_CARD,DIGITAL_SERVICES,10.4_FRAUDULENT_TRANSACTION,1,0,522,1,0,0
pay_00008826,1676.01,DEBIT_CARD,RETAIL,10.4_FRAUDULENT_TRANSACTION,1,1,974,0,0,0
pay_00008827,698.49,DEBIT_CARD,DIGITAL_SERVICES,10.4_FRAUDULENT_TRANSACTION,1,3,631,0,0,0
pay_00008828,845.02,NETBANKING,ELECTRONICS,13.3_NOT_AS_DESCRIBED,1,0,92,1,1,0
pay_00008829,555.95,CREDIT_CARD,DIGITAL_SERVICES,10.5_VISA_EASY_PAYMENT,1,1,669,0,0,1
pay_00008830,730.21,NETBANKING,GAMING,13.1_MERCHANDISE_NOT_RECEIVED,0,0,111,0,0,0
pay_00008831,893.23,CREDIT_CARD,ELECTRONICS,10.4_FRAUDULENT_TRANSACTION,1,0,395,0,0,0
pay_00008832,2011.68,UPI,TRAVEL,10.4_FRAUDULENT_TRANSACTION,1,0,30,0,0,0
pay_00008833,1174.73,NETBANKING,DIGITAL_SERVICES,10.4_FRAUDULENT_TRANSACTION,1,1,680,0,0,0
pay_00008834,4412.0,CREDIT_CARD,DIGITAL_SERVICES,10.4_FRAUDULENT_TRANSACTION,1,0,475,0,1,1
pay_00008835,164.17,NETBANKING,TRAVEL,10.4_FRAUDULENT_TRANSACTION,1,1,177,0,1,1
pay_00008836,1148.95,UPI,TRAVEL,10.4_FRAUDULENT_TRANSACTION,1,0,643,0,0,0
pay_00008837,1416.42,UPI,ELECTRONICS,10.4_FRAUDULENT_TRANSACTION,1,2,513,0,0,0
pay_00008838,3892.29,NETBANKING,RETAIL,10.4_FRAUDULENT_TRANSACTION,1,0,288,0,0,0
pay_00008839,175.61,UPI,TRAVEL,10.4_FRAUDULENT_TRANSACTION,0,1,295,0,0,0
pay_00008840,1378.21,NETBANKING,DIGITAL_SERVICES,10.4_FRAUDULENT_TRANSACTION,1,1,597,0,1,1
pay_00008841,2982.43,WALLET,TRAVEL,10.4_FRAUDULENT_TRANSACTION,0,0,130,0,0,0
pay_00008842,515.46,NETBANKING,ELECTRONICS,10.4_FRAUDULENT_TRANSACTION,1,0,714,0,0,0
pay_00008843,3234.75,CREDIT_CARD,ELECTRONICS,10.4_FRAUDULENT_TRANSACTION,1,0,671,0,0,0
pay_00008844,128.84,CREDIT_CARD,DIGITAL_SERVICES,10.4_FRAUDULENT_TRANSACTION,1,0,658,0,0,1
pay_00008845,2077.7,NETBANKING,DIGITAL_SERVICES,10.4_FRAUDULENT_TRANSACTION,0,0,135,0,1,0
pay_00008846,4157.13,DEBIT_CARD,DIGITAL_SERVICES,10.4_FRAUDULENT_TRANSACTION,1,0,773,0,0,0
pay_00008847,1705.9,CREDIT_CARD,RETAIL,10.4_FRAUDULENT_TRANSACTION,1,2,413,0,0,0
pay_00008848,967.13,WALLET,DIGITAL_SERVICES,10.4_FRAUDULENT_TRANSACTION,1,1,964,0,0,0
pay_00008849,168.88,CREDIT_CARD,ELECTRONICS,13.1_MERCHANDISE_NOT_RECEIVED,1,2,558,0,0,0
pay_00008850,3890.73,WALLET,ELECTRONICS,10.5_VISA_EASY_PAYMENT,1,0,184,0,0,0
pay_00008851,1053.16,UPI,TRAVEL,10.5_VISA_EASY_PAYMENT,1,0,3,0,0,0
pay_00008852,144.14,UPI,DIGITAL_SERVICES,10.4_FRAUDULENT_TRANSACTION,1,0,141,0,0,0
pay_00008853,1855.91,UPI,RETAIL,10.4_FRAUDULENT_TRANSACTION,1,0,67,0,0,0
pay_00008854,1086.2,UPI,GAMING,10.4_FRAUDULENT_TRANSACTION,1,1,72,0,1,0
pay_00008855,299.18,DEBIT_CARD,TRAVEL,10.5_VISA_EASY_PAYMENT,1,0,690,0,0,0
pay_00008856,461.72,UPI,RETAIL,13.3_NOT_AS_DESCRIBED,0,1,115,0,0,1
pay_00008857,200.0,WALLET,DIGITAL_SERVICES,13.3_NOT_AS_DESCRIBED,1,0,900,0,0,0
pay_00008858,1381.01,UPI,RETAIL,10.4_FRAUDULENT_TRANSACTION,1,0,426,0,0,0
pay_00008859,1559.41,UPI,GAMING,10.4_FRAUDULENT_TRANSACTION,1,0,611,0,0,0
pay_00008860,1157.05,UPI,RETAIL,10.4_FRAUDULENT_TRANSACTION,1,1,588,0,0,0
pay_00008861,2648.24,CREDIT_CARD,GAMING,10.5_VISA_EASY_PAYMENT,1,0,280,0,0,0
pay_00008862,3060.02,UPI,GAMING,10.4_FRAUDULENT_TRANSACTION,1,0,358,0,0,0
pay_00008863,1534.2,UPI,GAMING,13.1_MERCHANDISE_NOT_RECEIVED,0,0,275,0,1,0
pay_00008864,119.26,DEBIT_CARD,RETAIL,10.4_FRAUDULENT_TRANSACTION,1,0,759,0,0,0
pay_00008865,1882.3,UPI,DIGITAL_SERVICES,13.3_NOT_AS_DESCRIBED,1,1,100,0,0,0
pay_00008866,911.93,UPI,ELECTRONICS,10.4_FRAUDULENT_TRANSACTION,1,1,995,0,0,0
pay_00008867,1350.54,DEBIT_CARD,ELECTRONICS,13.3_NOT_AS_DESCRIBED,1,0,82,0,0,0
pay_00008868,1670.8,UPI,RETAIL,10.4_FRAUDULENT_TRANSACTION,0,0,808,0,0,1
pay_00008869,746.72,UPI,DIGITAL_SERVICES,13.1_MERCHANDISE_NOT_RECEIVED,1,0,760,0,0,0
pay_00008870,3835.15,UPI,ELECTRONICS,10.4_FRAUDULENT_TRANSACTION,1,0,639,1,0,0
pay_00008871,315.76,UPI,GAMING,13.3_NOT_AS_DESCRIBED,1,2,256,0,0,0
pay_00008872,1769.88,CREDIT_CARD,RETAIL,13.3_NOT_AS_DESCRIBED,1,0,802,0,0,0
pay_00008873,106.55,UPI,RETAIL,10.4_FRAUDULENT_TRANSACTION,1,0,729,0,0,0
pay_00008874,3978.44,NETBANKING,TRAVEL,13.1_MERCHANDISE_NOT_RECEIVED,1,0,636,0,0,0
pay_00008875,279.03,NETBANKING,TRAVEL,10.4_FRAUDULENT_TRANSACTION,0,2,7,0,0,0
pay_00008876,249.54,UPI,TRAVEL,10.4_FRAUDULENT_TRANSACTION,1,1,75,1,0,0
pay_00008877,707.47,WALLET,DIGITAL_SERVICES,13.1_MERCHANDISE_NOT_RECEIVED,1,2,550,0,0,0
pay_00008878,801.57,UPI,RETAIL,13.1_MERCHANDISE_NOT_RECEIVED,1,0,915,0,0,0
pay_00008879,461.77,UPI,TRAVEL,13.1_MERCHANDISE_NOT_RECEIVED,0,1,739,0,1,0
pay_00008880,1419.65,UPI,RETAIL,13.1_MERCHANDISE_NOT_RECEIVED,1,0,813,0,0,1
pay_00008881,977.55,UPI,GAMING,13.1_MERCHANDISE_NOT_RECEIVED,1,0,660,1,0,1
pay_00008882,152.16,CREDIT_CARD,TRAVEL,10.5_VISA_EASY_PAYMENT,1,1,475,1,0,0
pay_00008883,677.73,UPI,RETAIL,10.4_FRAUDULENT_TRANSACTION,0,0,223,0,0,0
pay_00008884,2594.52,DEBIT_CARD,DIGITAL_SERVICES,13.1_MERCHANDISE_NOT_RECEIVED,1,2,729,0,0,0
pay_00008885,1855.33,DEBIT_CARD,DIGITAL_SERVICES,13.3_NOT_AS_DESCRIBED,1,0,888,0,0,0
pay_00008886,2035.77,UPI,DIGITAL_SERVICES,10.4_FRAUDULENT_TRANSACTION,1,1,130,0,0,0
pay_00008887,1896.57,DEBIT_CARD,TRAVEL,10.4_FRAUDULENT_TRANSACTION,0,1,989,0,0,1
pay_00008888,658.71,NETBANKING,DIGITAL_SERVICES,13.3_NOT_AS_DESCRIBED,0,0,549,0,0,1
pay_00008889,257.48,UPI,ELECTRONICS,13.3_NOT_AS_DESCRIBED,1,1,31,0,0,0
pay_00008890,577.14,UPI,GAMING,13.1_MERCHANDISE_NOT_RECEIVED,0,0,239,0,0,1
pay_00008891,2773.77,UPI,RETAIL,10.4_FRAUDULENT_TRANSACTION,1,1,554,0,0,0
pay_00008892,6003.77,UPI,ELECTRONICS,10.4_FRAUDULENT_TRANSACTION,1,0,262,2,0,0
pay_00008893,1121.37,CREDIT_CARD,TRAVEL,10.4_FRAUDULENT_TRANSACTION,1,0,622,0,0,0
pay_00008894,114.62,UPI,RETAIL,10.4_FRAUDULENT_TRANSACTION,0,1,981,0,0,0
pay_00008895,326.31,CREDIT_CARD,RETAIL,10.4_FRAUDULENT_TRANSACTION,1,0,993,0,0,0
pay_00008896,683.09,CREDIT_CARD,DIGITAL_SERVICES,10.4_FRAUDULENT_TRANSACTION,1,0,649,1,0,1
pay_00008897,1396.21,CREDIT_CARD,RETAIL,13.1_MERCHANDISE_NOT_RECEIVED,1,0,714,0,0,0
pay_00008898,217.09,UPI,RETAIL,13.1_MERCHANDISE_NOT_RECEIVED,1,1,598,1,0,0
pay_00008899,4406.49,UPI,GAMING,13.3_NOT_AS_DESCRIBED,1,1,479,1,0,0
pay_00008900,781.39,UPI,TRAVEL,10.4_FRAUDULENT_TRANSACTION,1,0,181,0,0,0
pay_00008901,3755.62,UPI,ELECTRONICS,10.4_FRAUDULENT_TRANSACTION,1,0,907,0,0,0
pay_00008902,2374.75,NETBANKING,DIGITAL_SERVICES,10.4_FRAUDULENT_TRANSACTION,1,0,374,0,0,0
pay_00008903,2212.43,UPI,GAMING,10.4_FRAUDULENT_TRANSACTION,0,0,595,0,0,1
pay_00008904,1499.85,UPI,ELECTRONICS,10.4_FRAUDULENT_TRANSACTION,1,0,361,0,0,0
pay_00008905,1578.4,UPI,ELECTRONICS,13.3_NOT_AS_DESCRIBED,1,0,972,0,0,0
pay_00008906,1624.18,DEBIT_CARD,GAMING,10.4_FRAUDULENT_TRANSACTION,1,0,500,0,0,0
pay_00008907,1586.2,DEBIT_CARD,DIGITAL_SERVICES,10.4_FRAUDULENT_TRANSACTION,1,1,230,0,0,0
pay_00008908,1310.24,CREDIT_CARD,TRAVEL,10.4_FRAUDULENT_TRANSACTION,1,1,272,0,0,0
pay_00008909,6548.08,UPI,GAMING,10.4_FRAUDULENT_TRANSACTION,1,0,13,0,0,0
pay_00008910,2076.78,UPI,GAMING,10.4_FRAUDULENT_TRANSACTION,0,1,422,0,0,0
pay_00008911,2350.51,CREDIT_CARD,GAMING,13.3_NOT_AS_DESCRIBED,1,0,909,0,0,0
pay_00008912,3189.02,WALLET,DIGITAL_SERVICES,13.3_NOT_AS_DESCRIBED,1,2,399,0,1,0
pay_00008913,464.33,CREDIT_CARD,GAMING,13.1_MERCHANDISE_NOT_RECEIVED,0,0,18,0,0,0
pay_00008914,231.29,CREDIT_CARD,GAMING,13.1_MERCHANDISE_NOT_RECEIVED,0,0,400,0,0,0
pay_00008915,1089.26,UPI,RETAIL,13.3_NOT_AS_DESCRIBED,1,0,169,0,1,1
pay_00008916,1182.57,UPI,RETAIL,10.4_FRAUDULENT_TRANSACTION,1,0,50,0,0,0
pay_00008917,2750.73,DEBIT_CARD,RETAIL,13.3_NOT_AS_DESCRIBED,1,0,106,0,0,0
pay_00008918,979.9,UPI,RETAIL,10.4_FRAUDULENT_TRANSACTION,1,1,108,0,0,0
pay_00008919,1368.93,WALLET,GAMING,13.3_NOT_AS_DESCRIBED,1,1,197,0,0,0
pay_00008920,1223.21,UPI,RETAIL,10.4_FRAUDULENT_TRANSACTION,1,0,219,0,0,0
pay_00008921,158.43,UPI,ELECTRONICS,13.3_NOT_AS_DESCRIBED,1,0,128,0,0,0
pay_00008922,1532.61,CREDIT_CARD,TRAVEL,13.1_MERCHANDISE_NOT_RECEIVED,1,1,706,0,0,0
pay_00008923,2740.77,UPI,RETAIL,10.4_FRAUDULENT_TRANSACTION,1,0,41,0,0,0
pay_00008924,357.07,UPI,DIGITAL_SERVICES,13.1_MERCHANDISE_NOT_RECEIVED,1,0,370,0,0,0
pay_00008925,1453.33,UPI,TRAVEL,10.4_FRAUDULENT_TRANSACTION,1,1,632,0,0,0
pay_00008926,1450.66,DEBIT_CARD,ELECTRONICS,10.4_FRAUDULENT_TRANSACTION,1,0,539,1,0,0
pay_00008927,369.02,UPI,TRAVEL,10.4_FRAUDULENT_TRANSACTION,1,0,699,0,0,0
pay_00008928,297.67,UPI,TRAVEL,10.4_FRAUDULENT_TRANSACTION,1,0,321,0,1,0
pay_00008929,5971.94,CREDIT_CARD,ELECTRONICS,10.4_FRAUDULENT_TRANSACTION,1,1,383,1,0,1
pay_00008930,850.62,UPI,RETAIL,10.4_FRAUDULENT_TRANSACTION,1,1,142,0,0,0
pay_00008931,487.03,NETBANKING,ELECTRONICS,10.4_FRAUDULENT_TRANSACTION,1,0,931,0,0,0
pay_00008932,381.89,UPI,DIGITAL_SERVICES,10.4_FRAUDULENT_TRANSACTION,1,0,279,0,0,0
pay_00008933,1752.13,DEBIT_CARD,ELECTRONICS,10.4_FRAUDULENT_TRANSACTION,1,0,491,0,0,0
pay_00008934,1510.28,UPI,GAMING,10.4_FRAUDULENT_TRANSACTION,1,0,22,0,0,0
pay_00008935,1647.35,DEBIT_CARD,GAMING,10.5_VISA_EASY_PAYMENT,1,1,539,0,0,0
pay_00008936,238.18,DEBIT_CARD,TRAVEL,10.5_VISA_EASY_PAYMENT,1,0,434,1,0,0
pay_00008937,3459.9,NETBANKING,RETAIL,13.3_NOT_AS_DESCRIBED,1,0,25,0,0,0
pay_00008938,839.64,UPI,RETAIL,10.4_FRAUDULENT_TRANSACTION,1,0,866,0,0,0
pay_00008939,663.94,UPI,GAMING,13.1_MERCHANDISE_NOT_RECEIVED,1,0,182,0,0,0
pay_00008940,1030.85,CREDIT_CARD,DIGITAL_SERVICES,13.1_MERCHANDISE_NOT_RECEIVED,1,0,689,0,0,1
pay_00008941,841.61,UPI,ELECTRONICS,10.4_FRAUDULENT_TRANSACTION,1,1,859,1,0,0
pay_00008942,3087.99,UPI,ELECTRONICS,13.3_NOT_AS_DESCRIBED,1,0,995,0,1,1
pay_00008943,4073.14,NETBANKING,ELECTRONICS,10.5_VISA_EASY_PAYMENT,1,0,341,0,0,0
pay_00008944,642.43,UPI,DIGITAL_SERVICES,13.1_MERCHANDISE_NOT_RECEIVED,0,0,103,0,0,0
pay_00008945,3091.94,WALLET,DIGITAL_SERVICES,10.4_FRAUDULENT_TRANSACTION,0,1,899,2,0,0
pay_00008946,2381.61,UPI,ELECTRONICS,13.1_MERCHANDISE_NOT_RECEIVED,1,1,665,0,0,0
pay_00008947,4106.3,DEBIT_CARD,ELECTRONICS,10.4_FRAUDULENT_TRANSACTION,1,0,495,2,0,0
pay_00008948,523.05,CREDIT_CARD,DIGITAL_SERVICES,10.4_FRAUDULENT_TRANSACTION,1,2,324,0,0,0
pay_00008949,1390.43,CREDIT_CARD,ELECTRONICS,13.1_MERCHANDISE_NOT_RECEIVED,1,0,825,0,0,0
pay_00008950,581.43,WALLET,DIGITAL_SERVICES,10.4_FRAUDULENT_TRANSACTION,1,1,783,0,0,0
pay_00008951,2706.71,UPI,TRAVEL,10.4_FRAUDULENT_TRANSACTION,1,0,707,0,0,0
pay_00008952,108.01,NETBANKING,GAMING,10.4_FRAUDULENT_TRANSACTION,0,0,651,1,0,1
pay_00008953,1347.99,CREDIT_CARD,GAMING,13.1_MERCHANDISE_NOT_RECEIVED,1,0,92,0,0,0
pay_00008954,721.46,UPI,DIGITAL_SERVICES,10.5_VISA_EASY_PAYMENT,1,1,515,0,0,0
pay_00008955,684.43,NETBANKING,ELECTRONICS,10.4_FRAUDULENT_TRANSACTION,1,0,125,0,0,1
pay_00008956,1653.06,UPI,GAMING,10.4_FRAUDULENT_TRANSACTION,1,1,530,0,0,0
pay_00008957,2960.6,DEBIT_CARD,RETAIL,10.4_FRAUDULENT_TRANSACTION,1,0,878,0,0,0
pay_00008958,1509.32,UPI,ELECTRONICS,13.1_MERCHANDISE_NOT_RECEIVED,1,0,693,0,1,1
pay_00008959,2977.75,NETBANKING,DIGITAL_SERVICES,13.3_NOT_AS_DESCRIBED,1,1,265,0,0,0
pay_00008960,561.01,CREDIT_CARD,RETAIL,10.4_FRAUDULENT_TRANSACTION,1,0,639,0,0,0
pay_00008961,1199.4,UPI,DIGITAL_SERVICES,10.4_FRAUDULENT_TRANSACTION,1,0,335,1,0,1
pay_00008962,998.22,CREDIT_CARD,ELECTRONICS,10.4_FRAUDULENT_TRANSACTION,1,2,104,0,0,0
pay_00008963,117.57,UPI,TRAVEL,13.3_NOT_AS_DESCRIBED,0,1,840,0,0,1
pay_00008964,1320.64,UPI,TRAVEL,10.4_FRAUDULENT_TRANSACTION,0,0,936,0,0,0
pay_00008965,1724.95,UPI,TRAVEL,13.1_MERCHANDISE_NOT_RECEIVED,1,0,440,0,0,0
pay_00008966,1444.42,UPI,ELECTRONICS,10.4_FRAUDULENT_TRANSACTION,0,1,782,0,1,0
pay_00008967,2099.3,UPI,ELECTRONICS,13.1_MERCHANDISE_NOT_RECEIVED,1,0,358,0,0,0
pay_00008968,1370.64,CREDIT_CARD,RETAIL,10.4_FRAUDULENT_TRANSACTION,1,0,701,0,0,0
pay_00008969,203.62,UPI,ELECTRONICS,10.4_FRAUDULENT_TRANSACTION,1,0,781,0,0,0
pay_00008970,285.7,CREDIT_CARD,ELECTRONICS,10.4_FRAUDULENT_TRANSACTION,1,0,999,0,1,0
pay_00008971,1461.27,UPI,RETAIL,13.1_MERCHANDISE_NOT_RECEIVED,0,0,763,1,0,0
pay_00008972,582.33,CREDIT_CARD,RETAIL,10.4_FRAUDULENT_TRANSACTION,1,0,943,0,0,0
pay_00008973,224.49,DEBIT_CARD,DIGITAL_SERVICES,13.1_MERCHANDISE_NOT_RECEIVED,1,0,330,0,0,0
pay_00008974,942.13,UPI,GAMING,10.4_FRAUDULENT_TRANSACTION,1,1,620,0,0,0
pay_00008975,1312.24,NETBANKING,GAMING,13.1_MERCHANDISE_NOT_RECEIVED,1,0,734,0,0,0
pay_00008976,697.91,CREDIT_CARD,DIGITAL_SERVICES,13.1_MERCHANDISE_NOT_RECEIVED,1,1,389,0,1,1
pay_00008977,2011.77,DEBIT_CARD,TRAVEL,13.1_MERCHANDISE_NOT_RECEIVED,0,0,342,0,0,1
pay_00008978,1648.27,UPI,ELECTRONICS,10.4_FRAUDULENT_TRANSACTION,1,0,867,0,0,0
pay_00008979,707.04,UPI,RETAIL,13.3_NOT_AS_DESCRIBED,1,0,261,0,0,0
pay_00008980,2208.97,NETBANKING,RETAIL,10.4_FRAUDULENT_TRANSACTION,1,1,762,0,0,0
pay_00008981,1669.15,DEBIT_CARD,TRAVEL,10.4_FRAUDULENT_TRANSACTION,1,0,396,0,0,0
pay_00008982,1621.87,UPI,RETAIL,13.1_MERCHANDISE_NOT_RECEIVED,0,0,931,1,0,0
pay_00008983,1309.23,UPI,TRAVEL,13.1_MERCHANDISE_NOT_RECEIVED,0,0,597,0,0,0
pay_00008984,117.18,CREDIT_CARD,DIGITAL_SERVICES,13.1_MERCHANDISE_NOT_RECEIVED,1,1,410,0,0,0
pay_00008985,1888.6,CREDIT_CARD,TRAVEL,13.3_NOT_AS_DESCRIBED,1,0,385,0,0,0
pay_00008986,807.51,NETBANKING,GAMING,13.1_MERCHANDISE_NOT_RECEIVED,1,1,753,0,0,0
pay_00008987,4386.82,UPI,TRAVEL,13.3_NOT_AS_DESCRIBED,0,0,138,0,0,1
pay_00008988,2655.5,UPI,DIGITAL_SERVICES,13.1_MERCHANDISE_NOT_RECEIVED,1,1,255,0,0,0
pay_00008989,1428.99,UPI,TRAVEL,10.4_FRAUDULENT_TRANSACTION,1,0,422,0,0,0
pay_00008990,535.89,UPI,DIGITAL_SERVICES,13.3_NOT_AS_DESCRIBED,1,1,152,0,0,0
pay_00008991,441.7,UPI,GAMING,13.3_NOT_AS_DESCRIBED,1,0,116,0,0,0
pay_00008992,724.15,NETBANKING,ELECTRONICS,10.4_FRAUDULENT_TRANSACTION,1,0,735,1,0,0
pay_00008993,1071.02,CREDIT_CARD,DIGITAL_SERVICES,10.4_FRAUDULENT_TRANSACTION,1,1,749,0,0,0
pay_00008994,626.6,DEBIT_CARD,ELECTRONICS,13.1_MERCHANDISE_NOT_RECEIVED,0,0,47,0,0,0
pay_00008995,1185.19,UPI,DIGITAL_SERVICES,10.4_FRAUDULENT_TRANSACTION,0,0,855,0,0,1
pay_00008996,371.15,UPI,TRAVEL,10.4_FRAUDULENT_TRANSACTION,1,1,853,0,1,0
pay_00008997,5805.61,UPI,ELECTRONICS,10.5_VISA_EASY_PAYMENT,0,1,258,0,0,0
pay_00008998,271.31,UPI,DIGITAL_SERVICES,10.4_FRAUDULENT_TRANSACTION,1,0,373,0,1,0
pay_00008999,4131.14,DEBIT_CARD,DIGITAL_SERVICES,10.4_FRAUDULENT_TRANSACTION,1,2,607,0,0,0
pay_00009000,3772.77,UPI,ELECTRONICS,13.1_MERCHANDISE_NOT_RECEIVED,1,0,380,0,0,0
pay_00009001,1217.8,UPI,DIGITAL_SERVICES,10.4_FRAUDULENT_TRANSACTION,1,0,642,0,0,0
pay_00009002,2035.99,UPI,ELECTRONICS,13.3_NOT_AS_DESCRIBED,0,0,158,0,0,0
pay_00009003,959.18,UPI,GAMING,10.4_FRAUDULENT_TRANSACTION,1,0,153,0,0,0
pay_00009004,1591.52,DEBIT_CARD,RETAIL,13.1_MERCHANDISE_NOT_RECEIVED,0,0,369,0,0,0
pay_00009005,724.58,UPI,GAMING,10.4_FRAUDULENT_TRANSACTION,1,0,595,0,0,0
pay_00009006,637.5,DEBIT_CARD,ELECTRONICS,13.1_MERCHANDISE_NOT_RECEIVED,1,1,190,0,0,0
pay_00009007,1394.94,CREDIT_CARD,TRAVEL,13.1_MERCHANDISE_NOT_RECEIVED,1,0,766,0,1,0
pay_00009008,1134.12,UPI,TRAVEL,10.5_VISA_EASY_PAYMENT,0,0,257,0,0,1
pay_00009009,1399.6,UPI,RETAIL,10.4_FRAUDULENT_TRANSACTION,1,1,869,0,0,0
pay_00009010,606.7,DEBIT_CARD,ELECTRONICS,13.3_NOT_AS_DESCRIBED,1,3,476,0,0,0
pay_00009011,785.83,DEBIT_CARD,DIGITAL_SERVICES,13.1_MERCHANDISE_NOT_RECEIVED,0,1,191,0,0,0
pay_00009012,231.44,UPI,GAMING,10.5_VISA_EASY_PAYMENT,1,1,980,0,0,0
pay_00009013,180.54,UPI,GAMING,10.4_FRAUDULENT_TRANSACTION,1,0,187,0,0,0
pay_00009014,538.45,UPI,RETAIL,13.1_MERCHANDISE_NOT_RECEIVED,1,0,624,0,0,0
pay_00009015,215.72,UPI,RETAIL,10.4_FRAUDULENT_TRANSACTION,1,0,310,0,0,0
pay_00009016,264.35,UPI,RETAIL,10.4_FRAUDULENT_TRANSACTION,0,0,965,0,0,1
pay_00009017,2614.4,UPI,RETAIL,13.1_MERCHANDISE_NOT_RECEIVED,1,1,439,1,0,1
pay_00009018,159.47,UPI,RETAIL,13.3_NOT_AS_DESCRIBED,1,0,606,0,1,0
pay_00009019,1713.56,UPI,RETAIL,13.1_MERCHANDISE_NOT_RECEIVED,1,1,983,0,0,0
pay_00009020,577.33,UPI,DIGITAL_SERVICES,10.4_FRAUDULENT_TRANSACTION,0,0,298,1,0,0
pay_00009021,3178.27,NETBANKING,DIGITAL_SERVICES,10.4_FRAUDULENT_TRANSACTION,0,0,987,0,0,0
pay_00009022,1095.36,CREDIT_CARD,GAMING,10.4_FRAUDULENT_TRANSACTION,1,0,821,0,0,0
pay_00009023,647.01,NETBANKING,GAMING,10.5_VISA_EASY_PAYMENT,1,1,234,0,0,0
pay_00009024,1193.59,UPI,RETAIL,10.4_FRAUDULENT_TRANSACTION,0,0,65,1,0,1
pay_00009025,821.8,CREDIT_CARD,GAMING,10.4_FRAUDULENT_TRANSACTION,1,1,649,0,0,0
pay_00009026,1346.21,UPI,RETAIL,10.4_FRAUDULENT_TRANSACTION,0,0,114,0,1,0
pay_00009027,282.46,CREDIT_CARD,DIGITAL_SERVICES,10.4_FRAUDULENT_TRANSACTION,1,0,199,0,0,1
pay_00009028,8808.97,UPI,TRAVEL,10.4_FRAUDULENT_TRANSACTION,1,1,51,0,0,0
pay_00009029,931.53,UPI,DIGITAL_SERVICES,13.1_MERCHANDISE_NOT_RECEIVED,1,1,218,0,0,0
pay_00009030,742.1,NETBANKING,ELECTRONICS,13.3_NOT_AS_DESCRIBED,1,1,374,1,0,0
pay_00009031,1957.9,CREDIT_CARD,DIGITAL_SERVICES,13.3_NOT_AS_DESCRIBED,1,1,16,0,0,0
pay_00009032,778.6,NETBANKING,ELECTRONICS,13.3_NOT_AS_DESCRIBED,1,0,437,0,0,0
pay_00009033,2787.11,UPI,GAMING,10.5_VISA_EASY_PAYMENT,1,0,838,0,0,0
pay_00009034,1008.45,UPI,DIGITAL_SERVICES,10.4_FRAUDULENT_TRANSACTION,1,1,190,0,0,0
pay_00009035,2007.08,UPI,TRAVEL,10.4_FRAUDULENT_TRANSACTION,1,0,746,0,0,0
pay_00009036,270.51,DEBIT_CARD,DIGITAL_SERVICES,10.4_FRAUDULENT_TRANSACTION,0,0,37,0,0,0
pay_00009037,2907.37,CREDIT_CARD,DIGITAL_SERVICES,13.1_MERCHANDISE_NOT_RECEIVED,0,0,445,0,0,1
pay_00009038,2096.11,NETBANKING,DIGITAL_SERVICES,13.1_MERCHANDISE_NOT_RECEIVED,1,3,697,0,0,0
pay_00009039,456.85,UPI,RETAIL,13.1_MERCHANDISE_NOT_RECEIVED,1,0,173,0,0,0
pay_00009040,335.48,DEBIT_CARD,DIGITAL_SERVICES,10.4_FRAUDULENT_TRANSACTION,0,2,332,0,0,0
pay_00009041,670.34,UPI,DIGITAL_SERVICES,10.4_FRAUDULENT_TRANSACTION,1,0,88,0,0,0
pay_00009042,5698.97,UPI,TRAVEL,13.1_MERCHANDISE_NOT_RECEIVED,1,0,638,0,0,0
pay_00009043,545.25,CREDIT_CARD,ELECTRONICS,10.4_FRAUDULENT_TRANSACTION,1,1,785,0,0,0
pay_00009044,1013.56,CREDIT_CARD,ELECTRONICS,13.3_NOT_AS_DESCRIBED,0,1,254,0,0,1
pay_00009045,145.72,UPI,TRAVEL,10.5_VISA_EASY_PAYMENT,1,0,889,2,0,0
pay_00009046,859.32,UPI,GAMING,10.4_FRAUDULENT_TRANSACTION,1,0,386,2,0,0
pay_00009047,1370.57,UPI,DIGITAL_SERVICES,13.1_MERCHANDISE_NOT_RECEIVED,1,0,479,0,0,0
pay_00009048,4690.39,UPI,GAMING,13.1_MERCHANDISE_NOT_RECEIVED,1,1,805,0,0,0
pay_00009049,1190.79,UPI,TRAVEL,10.4_FRAUDULENT_TRANSACTION,1,0,950,0,0,0
pay_00009050,2664.78,UPI,GAMING,10.4_FRAUDULENT_TRANSACTION,1,1,938,0,0,0
pay_00009051,1288.22,UPI,ELECTRONICS,10.4_FRAUDULENT_TRANSACTION,1,1,285,1,0,0
pay_00009052,162.46,WALLET,RETAIL,13.1_MERCHANDISE_NOT_RECEIVED,1,0,833,0,0,0
pay_00009053,667.52,NETBANKING,GAMING,10.4_FRAUDULENT_TRANSACTION,1,4,748,0,0,1
pay_00009054,1385.44,UPI,RETAIL,13.3_NOT_AS_DESCRIBED,1,1,206,0,0,0
pay_00009055,4611.52,WALLET,GAMING,10.5_VISA_EASY_PAYMENT,1,0,375,0,0,0
pay_00009056,3039.88,CREDIT_CARD,TRAVEL,10.4_FRAUDULENT_TRANSACTION,1,0,936,0,0,0
pay_00009057,488.85,UPI,RETAIL,10.4_FRAUDULENT_TRANSACTION,1,0,113,0,0,0
pay_00009058,472.9,UPI,GAMING,13.1_MERCHANDISE_NOT_RECEIVED,1,1,779,0,1,1
pay_00009059,436.92,NETBANKING,TRAVEL,13.3_NOT_AS_DESCRIBED,0,0,954,0,0,0
pay_00009060,3936.19,CREDIT_CARD,ELECTRONICS,10.4_FRAUDULENT_TRANSACTION,1,0,224,1,0,1
pay_00009061,2972.58,DEBIT_CARD,DIGITAL_SERVICES,13.1_MERCHANDISE_NOT_RECEIVED,1,1,276,1,0,0
pay_00009062,2336.71,NETBANKING,TRAVEL,13.3_NOT_AS_DESCRIBED,1,1,706,0,1,0
pay_00009063,848.19,UPI,TRAVEL,10.4_FRAUDULENT_TRANSACTION,1,0,415,0,0,0
pay_00009064,1152.92,UPI,ELECTRONICS,10.4_FRAUDULENT_TRANSACTION,0,0,389,0,0,0
pay_00009065,1036.36,UPI,RETAIL,10.5_VISA_EASY_PAYMENT,1,1,352,0,1,1
pay_00009066,538.33,UPI,GAMING,10.4_FRAUDULENT_TRANSACTION,1,0,50,1,0,1
pay_00009067,1154.88,UPI,RETAIL,10.4_FRAUDULENT_TRANSACTION,1,1,905,0,0,0
pay_00009068,146.46,UPI,TRAVEL,10.4_FRAUDULENT_TRANSACTION,0,0,41,0,0,0
pay_00009069,312.02,UPI,GAMING,10.4_FRAUDULENT_TRANSACTION,1,0,511,0,0,0
pay_00009070,3365.11,UPI,DIGITAL_SERVICES,10.5_VISA_EASY_PAYMENT,1,2,522,0,0,0
pay_00009071,2189.55,UPI,DIGITAL_SERVICES,10.4_FRAUDULENT_TRANSACTION,1,0,693,0,0,0
pay_00009072,924.53,UPI,GAMING,13.3_NOT_AS_DESCRIBED,1,0,868,0,1,1
pay_00009073,1192.07,UPI,TRAVEL,10.4_FRAUDULENT_TRANSACTION,0,2,177,0,0,0
pay_00009074,793.05,UPI,ELECTRONICS,10.4_FRAUDULENT_TRANSACTION,1,0,410,0,0,0
pay_00009075,2125.12,CREDIT_CARD,RETAIL,13.1_MERCHANDISE_NOT_RECEIVED,1,2,108,1,0,0
pay_00009076,2400.02,NETBANKING,RETAIL,10.5_VISA_EASY_PAYMENT,0,0,579,1,0,1
pay_00009077,2261.35,UPI,ELECTRONICS,10.4_FRAUDULENT_TRANSACTION,0,0,36,0,0,1
pay_00009078,2023.51,UPI,ELECTRONICS,13.1_MERCHANDISE_NOT_RECEIVED,1,1,407,0,0,0
pay_00009079,443.18,NETBANKING,DIGITAL_SERVICES,10.4_FRAUDULENT_TRANSACTION,1,1,350,0,0,0
pay_00009080,718.67,CREDIT_CARD,ELECTRONICS,13.3_NOT_AS_DESCRIBED,0,0,167,0,0,1
pay_00009081,1051.88,DEBIT_CARD,GAMING,10.5_VISA_EASY_PAYMENT,0,0,315,1,0,0
pay_00009082,702.49,UPI,DIGITAL_SERVICES,13.1_MERCHANDISE_NOT_RECEIVED,0,1,791,0,0,0
pay_00009083,2209.38,DEBIT_CARD,TRAVEL,13.1_MERCHANDISE_NOT_RECEIVED,1,2,279,0,0,0
pay_00009084,699.27,NETBANKING,DIGITAL_SERVICES,10.4_FRAUDULENT_TRANSACTION,1,0,939,0,0,0
pay_00009085,323.15,CREDIT_CARD,DIGITAL_SERVICES,10.4_FRAUDULENT_TRANSACTION,1,0,612,0,0,0
pay_00009086,863.84,UPI,RETAIL,10.4_FRAUDULENT_TRANSACTION,1,0,793,0,1,0
pay_00009087,5961.63,NETBANKING,ELECTRONICS,10.4_FRAUDULENT_TRANSACTION,1,0,340,3,0,0
pay_00009088,484.05,DEBIT_CARD,GAMING,13.3_NOT_AS_DESCRIBED,1,0,60,0,0,0
pay_00009089,1520.74,DEBIT_CARD,ELECTRONICS,10.4_FRAUDULENT_TRANSACTION,1,1,102,0,0,0
pay_00009090,951.02,UPI,RETAIL,10.4_FRAUDULENT_TRANSACTION,1,1,673,0,0,0
pay_00009091,210.51,DEBIT_CARD,ELECTRONICS,13.3_NOT_AS_DESCRIBED,1,0,161,0,1,0
pay_00009092,1103.78,UPI,GAMING,10.5_VISA_EASY_PAYMENT,1,0,998,0,0,0
pay_00009093,1916.82,UPI,ELECTRONICS,10.4_FRAUDULENT_TRANSACTION,0,1,705,0,0,0
pay_00009094,1179.91,CREDIT_CARD,RETAIL,13.1_MERCHANDISE_NOT_RECEIVED,1,1,815,1,0,1
pay_00009095,3184.83,UPI,GAMING,10.4_FRAUDULENT_TRANSACTION,1,0,545,0,0,0
pay_00009096,611.49,CREDIT_CARD,ELECTRONICS,10.4_FRAUDULENT_TRANSACTION,1,2,294,0,0,0
pay_00009097,235.3,CREDIT_CARD,RETAIL,10.4_FRAUDULENT_TRANSACTION,1,1,152,0,0,0
pay_00009098,4236.62,UPI,RETAIL,10.5_VISA_EASY_PAYMENT,1,0,457,0,0,0
pay_00009099,812.7,CREDIT_CARD,DIGITAL_SERVICES,13.1_MERCHANDISE_NOT_RECEIVED,0,1,351,0,0,0
pay_00009100,1388.47,NETBANKING,GAMING,13.3_NOT_AS_DESCRIBED,1,1,870,1,0,0
pay_00009101,2455.35,UPI,GAMING,10.4_FRAUDULENT_TRANSACTION,1,0,817,1,0,0
pay_00009102,688.04,CREDIT_CARD,ELECTRONICS,10.4_FRAUDULENT_TRANSACTION,1,0,988,0,0,0
pay_00009103,1989.04,UPI,DIGITAL_SERVICES,10.4_FRAUDULENT_TRANSACTION,1,2,727,1,0,0
pay_00009104,318.27,UPI,GAMING,13.3_NOT_AS_DESCRIBED,1,2,798,0,0,0
pay_00009105,616.47,UPI,RETAIL,10.4_FRAUDULENT_TRANSACTION,1,0,466,0,0,0
pay_00009106,334.47,UPI,GAMING,10.4_FRAUDULENT_TRANSACTION,0,0,503,0,0,0
pay_00009107,2600.84,UPI,DIGITAL_SERVICES,10.4_FRAUDULENT_TRANSACTION,0,1,58,0,1,0
pay_00009108,477.8,WALLET,TRAVEL,13.1_MERCHANDISE_NOT_RECEIVED,1,2,730,0,0,0
pay_00009109,1995.6,CREDIT_CARD,RETAIL,10.4_FRAUDULENT_TRANSACTION,1,0,884,0,0,1
pay_00009110,4404.93,CREDIT_CARD,GAMING,10.4_FRAUDULENT_TRANSACTION,1,0,353,2,0,1
pay_00009111,1225.44,UPI,RETAIL,10.4_FRAUDULENT_TRANSACTION,1,1,955,1,0,0
pay_00009112,1264.89,CREDIT_CARD,ELECTRONICS,13.1_MERCHANDISE_NOT_RECEIVED,1,1,633,0,0,0
pay_00009113,1027.15,UPI,RETAIL,13.1_MERCHANDISE_NOT_RECEIVED,1,1,144,1,0,1
pay_00009114,691.54,UPI,GAMING,10.5_VISA_EASY_PAYMENT,1,0,989,0,1,0
pay_00009115,1068.41,UPI,ELECTRONICS,10.4_FRAUDULENT_TRANSACTION,0,3,656,1,1,0
pay_00009116,1485.0,UPI,ELECTRONICS,10.5_VISA_EASY_PAYMENT,1,1,417,0,0,0
pay_00009117,6502.14,UPI,ELECTRONICS,10.4_FRAUDULENT_TRANSACTION,1,1,295,1,0,0
pay_00009118,4265.25,CREDIT_CARD,TRAVEL,10.4_FRAUDULENT_TRANSACTION,1,0,558,0,0,0
pay_00009119,3072.42,DEBIT_CARD,TRAVEL,13.1_MERCHANDISE_NOT_RECEIVED,1,1,495,2,0,0
pay_00009120,3399.1,UPI,ELECTRONICS,13.1_MERCHANDISE_NOT_RECEIVED,1,0,422,0,0,0
pay_00009121,1046.24,UPI,GAMING,10.4_FRAUDULENT_TRANSACTION,1,1,151,1,0,1
pay_00009122,1706.98,UPI,ELECTRONICS,13.1_MERCHANDISE_NOT_RECEIVED,1,1,26,1,0,0
pay_00009123,3481.65,WALLET,ELECTRONICS,10.4_FRAUDULENT_TRANSACTION,1,1,817,0,0,0
pay_00009124,848.72,DEBIT_CARD,RETAIL,13.1_MERCHANDISE_NOT_RECEIVED,1,0,593,1,0,0
pay_00009125,4995.91,CREDIT_CARD,RETAIL,13.1_MERCHANDISE_NOT_RECEIVED,1,1,614,0,0,0
pay_00009126,906.23,NETBANKING,RETAIL,10.4_FRAUDULENT_TRANSACTION,1,2,621,1,0,0
pay_00009127,1478.5,UPI,DIGITAL_SERVICES,10.4_FRAUDULENT_TRANSACTION,1,0,280,0,0,0
pay_00009128,1955.8,WALLET,RETAIL,10.4_FRAUDULENT_TRANSACTION,1,0,639,0,0,0
pay_00009129,4611.46,UPI,RETAIL,10.4_FRAUDULENT_TRANSACTION,1,1,619,0,0,0
pay_00009130,520.79,UPI,GAMING,10.4_FRAUDULENT_TRANSACTION,1,0,851,0,0,0
pay_00009131,2156.41,CREDIT_CARD,TRAVEL,10.4_FRAUDULENT_TRANSACTION,1,1,170,0,0,0
pay_00009132,1203.5,UPI,TRAVEL,10.4_FRAUDULENT_TRANSACTION,1,0,126,0,0,0
pay_00009133,569.1,CREDIT_CARD,TRAVEL,10.4_FRAUDULENT_TRANSACTION,1,1,539,1,1,1
pay_00009134,2348.23,UPI,DIGITAL_SERVICES,13.1_MERCHANDISE_NOT_RECEIVED,1,0,130,0,0,0
pay_00009135,1305.19,CREDIT_CARD,ELECTRONICS,13.1_MERCHANDISE_NOT_RECEIVED,1,1,628,0,0,0
pay_00009136,1722.52,UPI,RETAIL,13.3_NOT_AS_DESCRIBED,0,0,136,0,0,0
pay_00009137,684.91,UPI,GAMING,10.4_FRAUDULENT_TRANSACTION,1,1,847,0,0,0
pay_00009138,1084.57,NETBANKING,DIGITAL_SERVICES,10.4_FRAUDULENT_TRANSACTION,1,0,381,0,0,0
pay_00009139,1540.97,NETBANKING,TRAVEL,13.1_MERCHANDISE_NOT_RECEIVED,1,1,681,0,0,0
pay_00009140,878.57,WALLET,DIGITAL_SERVICES,10.5_VISA_EASY_PAYMENT,1,1,141,1,0,0
pay_00009141,431.67,DEBIT_CARD,GAMING,10.5_VISA_EASY_PAYMENT,0,0,91,0,0,0
pay_00009142,4991.13,CREDIT_CARD,DIGITAL_SERVICES,13.1_MERCHANDISE_NOT_RECEIVED,0,0,662,0,0,0
pay_00009143,1174.52,CREDIT_CARD,TRAVEL,13.1_MERCHANDISE_NOT_RECEIVED,1,1,887,0,0,0
pay_00009144,2085.94,UPI,ELECTRONICS,13.1_MERCHANDISE_NOT_RECEIVED,1,0,47,0,0,0
pay_00009145,894.11,UPI,TRAVEL,10.4_FRAUDULENT_TRANSACTION,1,1,303,0,0,0
pay_00009146,758.06,UPI,TRAVEL,13.1_MERCHANDISE_NOT_RECEIVED,1,0,577,0,1,0
pay_00009147,884.26,NETBANKING,TRAVEL,10.4_FRAUDULENT_TRANSACTION,1,2,197,0,0,0
pay_00009148,889.41,UPI,DIGITAL_SERVICES,10.4_FRAUDULENT_TRANSACTION,0,0,413,0,0,0
pay_00009149,1278.49,NETBANKING,GAMING,13.1_MERCHANDISE_NOT_RECEIVED,1,1,335,0,0,0
pay_00009150,1276.15,CREDIT_CARD,TRAVEL,13.3_NOT_AS_DESCRIBED,1,0,374,0,0,0
pay_00009151,1131.21,DEBIT_CARD,DIGITAL_SERVICES,10.4_FRAUDULENT_TRANSACTION,1,0,798,2,0,0
pay_00009152,317.17,UPI,GAMING,13.1_MERCHANDISE_NOT_RECEIVED,1,1,762,0,0,0
pay_00009153,1127.99,UPI,ELECTRONICS,10.4_FRAUDULENT_TRANSACTION,1,0,302,0,1,0
pay_00009154,377.88,WALLET,TRAVEL,10.4_FRAUDULENT_TRANSACTION,1,1,262,0,0,0
pay_00009155,302.25,UPI,RETAIL,13.1_MERCHANDISE_NOT_RECEIVED,0,1,902,0,1,0
pay_00009156,4146.68,UPI,DIGITAL_SERVICES,10.5_VISA_EASY_PAYMENT,1,0,599,0,0,0
pay_00009157,1493.11,UPI,ELECTRONICS,10.4_FRAUDULENT_TRANSACTION,1,0,564,0,0,0
pay_00009158,1715.97,UPI,ELECTRONICS,13.3_NOT_AS_DESCRIBED,1,0,5,1,0,1
pay_00009159,870.73,UPI,ELECTRONICS,10.4_FRAUDULENT_TRANSACTION,1,0,726,1,0,0
pay_00009160,3695.03,CREDIT_CARD,DIGITAL_SERVICES,13.3_NOT_AS_DESCRIBED,1,0,553,0,0,0
pay_00009161,1623.88,UPI,GAMING,13.3_NOT_AS_DESCRIBED,0,0,916,0,0,0
pay_00009162,2299.11,CREDIT_CARD,RETAIL,13.3_NOT_AS_DESCRIBED,1,1,404,1,0,1
pay_00009163,789.63,UPI,GAMING,10.5_VISA_EASY_PAYMENT,1,0,679,0,1,0
pay_00009164,4928.76,DEBIT_CARD,TRAVEL,10.4_FRAUDULENT_TRANSACTION,1,1,30,0,0,0
pay_00009165,2676.05,DEBIT_CARD,RETAIL,10.4_FRAUDULENT_TRANSACTION,1,1,560,0,0,0
pay_00009166,2985.69,UPI,GAMING,13.1_MERCHANDISE_NOT_RECEIVED,1,1,721,0,0,0
pay_00009167,383.47,UPI,TRAVEL,13.1_MERCHANDISE_NOT_RECEIVED,1,0,700,0,0,0
pay_00009168,574.05,UPI,RETAIL,13.3_NOT_AS_DESCRIBED,1,0,635,0,0,0
pay_00009169,604.52,DEBIT_CARD,DIGITAL_SERVICES,10.4_FRAUDULENT_TRANSACTION,1,1,151,0,0,0
pay_00009170,573.94,DEBIT_CARD,TRAVEL,13.1_MERCHANDISE_NOT_RECEIVED,1,0,360,0,0,0
pay_00009171,3000.76,NETBANKING,GAMING,13.1_MERCHANDISE_NOT_RECEIVED,1,1,956,0,0,0
pay_00009172,148.61,UPI,RETAIL,10.4_FRAUDULENT_TRANSACTION,0,0,690,0,0,0
pay_00009173,218.73,UPI,TRAVEL,13.1_MERCHANDISE_NOT_RECEIVED,1,0,884,0,0,0
pay_00009174,580.13,UPI,TRAVEL,10.4_FRAUDULENT_TRANSACTION,1,0,13,0,0,0
pay_00009175,434.48,UPI,DIGITAL_SERVICES,13.3_NOT_AS_DESCRIBED,1,1,110,0,0,0
pay_00009176,495.67,CREDIT_CARD,TRAVEL,10.4_FRAUDULENT_TRANSACTION,0,0,996,0,0,1
pay_00009177,2498.81,UPI,RETAIL,10.4_FRAUDULENT_TRANSACTION,0,0,746,0,0,0
pay_00009178,1342.17,DEBIT_CARD,ELECTRONICS,10.4_FRAUDULENT_TRANSACTION,1,1,970,2,0,0
pay_00009179,108.68,CREDIT_CARD,RETAIL,10.4_FRAUDULENT_TRANSACTION,1,0,38,0,0,0
pay_00009180,941.4,DEBIT_CARD,RETAIL,13.1_MERCHANDISE_NOT_RECEIVED,1,1,807,0,0,0
pay_00009181,886.08,UPI,DIGITAL_SERVICES,13.3_NOT_AS_DESCRIBED,1,0,359,1,0,0
pay_00009182,281.46,NETBANKING,DIGITAL_SERVICES,13.1_MERCHANDISE_NOT_RECEIVED,1,2,452,0,0,0
pay_00009183,1791.17,WALLET,TRAVEL,10.4_FRAUDULENT_TRANSACTION,1,0,403,0,0,0
pay_00009184,1916.48,NETBANKING,DIGITAL_SERVICES,10.4_FRAUDULENT_TRANSACTION,1,1,692,0,0,0
pay_00009185,2014.24,DEBIT_CARD,TRAVEL,10.4_FRAUDULENT_TRANSACTION,1,0,425,0,0,0
pay_00009186,2055.53,DEBIT_CARD,ELECTRONICS,10.4_FRAUDULENT_TRANSACTION,1,3,122,0,1,1
pay_00009187,100.08,CREDIT_CARD,GAMING,10.4_FRAUDULENT_TRANSACTION,1,0,92,0,0,0
pay_00009188,4716.09,UPI,DIGITAL_SERVICES,13.1_MERCHANDISE_NOT_RECEIVED,1,0,27,0,0,0
pay_00009189,2624.7,CREDIT_CARD,DIGITAL_SERVICES,10.4_FRAUDULENT_TRANSACTION,1,0,919,3,0,0
pay_00009190,3614.82,DEBIT_CARD,ELECTRONICS,13.1_MERCHANDISE_NOT_RECEIVED,1,2,383,0,0,0
pay_00009191,123.65,WALLET,DIGITAL_SERVICES,13.1_MERCHANDISE_NOT_RECEIVED,1,0,19,0,0,0
pay_00009192,4173.95,CREDIT_CARD,ELECTRONICS,10.4_FRAUDULENT_TRANSACTION,1,0,336,0,0,0
pay_00009193,2589.43,UPI,TRAVEL,10.5_VISA_EASY_PAYMENT,1,0,419,0,0,0
pay_00009194,2823.03,CREDIT_CARD,DIGITAL_SERVICES,10.4_FRAUDULENT_TRANSACTION,1,0,389,0,0,0
pay_00009195,246.89,WALLET,DIGITAL_SERVICES,10.4_FRAUDULENT_TRANSACTION,0,1,600,0,0,0
pay_00009196,2113.58,UPI,TRAVEL,10.5_VISA_EASY_PAYMENT,1,0,901,0,0,0
pay_00009197,4925.19,UPI,DIGITAL_SERVICES,10.4_FRAUDULENT_TRANSACTION,1,0,93,0,0,0
pay_00009198,1802.36,CREDIT_CARD,RETAIL,10.4_FRAUDULENT_TRANSACTION,1,0,262,0,0,0
pay_00009199,1367.91,UPI,ELECTRONICS,10.4_FRAUDULENT_TRANSACTION,0,1,41,0,0,0
pay_00009200,4467.91,UPI,GAMING,10.4_FRAUDULENT_TRANSACTION,0,0,809,0,0,1
pay_00009201,977.62,UPI,RETAIL,13.1_MERCHANDISE_NOT_RECEIVED,1,0,694,0,0,0
pay_00009202,1471.79,NETBANKING,GAMING,13.3_NOT_AS_DESCRIBED,1,1,428,1,0,0
pay_00009203,1070.36,UPI,RETAIL,13.1_MERCHANDISE_NOT_RECEIVED,1,0,752,0,0,0
pay_00009204,4151.16,UPI,RETAIL,13.1_MERCHANDISE_NOT_RECEIVED,1,1,48,0,0,0
pay_00009205,218.7,DEBIT_CARD,RETAIL,13.1_MERCHANDISE_NOT_RECEIVED,1,1,421,1,0,0
pay_00009206,1143.08,WALLET,ELECTRONICS,13.3_NOT_AS_DESCRIBED,1,0,605,0,0,0
pay_00009207,1842.1,WALLET,GAMING,13.1_MERCHANDISE_NOT_RECEIVED,1,0,184,0,0,0
pay_00009208,2454.65,UPI,TRAVEL,10.5_VISA_EASY_PAYMENT,0,1,256,0,0,0
pay_00009209,1412.07,WALLET,TRAVEL,10.4_FRAUDULENT_TRANSACTION,1,1,545,0,0,0
pay_00009210,3693.99,UPI,DIGITAL_SERVICES,10.4_FRAUDULENT_TRANSACTION,1,0,219,0,0,0
pay_00009211,4370.75,DEBIT_CARD,ELECTRONICS,10.4_FRAUDULENT_TRANSACTION,1,0,419,0,0,0
pay_00009212,199.72,CREDIT_CARD,ELECTRONICS,13.3_NOT_AS_DESCRIBED,1,0,102,0,1,0
pay_00009213,872.18,UPI,ELECTRONICS,10.4_FRAUDULENT_TRANSACTION,1,0,368,0,0,0
pay_00009214,135.61,CREDIT_CARD,RETAIL,13.1_MERCHANDISE_NOT_RECEIVED,1,0,902,0,0,0
pay_00009215,699.41,UPI,ELECTRONICS,13.1_MERCHANDISE_NOT_RECEIVED,1,1,302,0,0,0
pay_00009216,1254.62,NETBANKING,TRAVEL,10.5_VISA_EASY_PAYMENT,0,0,586,2,0,1
pay_00009217,3725.23,UPI,ELECTRONICS,13.1_MERCHANDISE_NOT_RECEIVED,1,0,36,0,0,0
pay_00009218,2911.61,CREDIT_CARD,RETAIL,13.1_MERCHANDISE_NOT_RECEIVED,0,0,428,0,0,0
pay_00009219,304.59,UPI,GAMING,13.3_NOT_AS_DESCRIBED,0,1,135,0,0,1
pay_00009220,246.47,UPI,ELECTRONICS,10.5_VISA_EASY_PAYMENT,1,1,903,0,0,0
pay_00009221,1434.72,WALLET,GAMING,10.4_FRAUDULENT_TRANSACTION,1,0,285,2,0,0
pay_00009222,1239.31,DEBIT_CARD,DIGITAL_SERVICES,10.5_VISA_EASY_PAYMENT,1,0,720,0,1,0
pay_00009223,564.64,WALLET,RETAIL,10.4_FRAUDULENT_TRANSACTION,1,0,577,0,0,0
pay_00009224,3545.7,UPI,ELECTRONICS,13.3_NOT_AS_DESCRIBED,1,0,316,0,0,0
pay_00009225,4033.49,UPI,DIGITAL_SERVICES,10.4_FRAUDULENT_TRANSACTION,1,1,368,0,0,0
pay_00009226,872.78,CREDIT_CARD,DIGITAL_SERVICES,10.4_FRAUDULENT_TRANSACTION,1,0,291,0,0,0
pay_00009227,3415.04,UPI,GAMING,13.3_NOT_AS_DESCRIBED,1,0,239,1,0,1
pay_00009228,826.64,UPI,TRAVEL,13.1_MERCHANDISE_NOT_RECEIVED,1,1,697,0,1,0
pay_00009229,2102.36,DEBIT_CARD,TRAVEL,10.4_FRAUDULENT_TRANSACTION,1,0,29,0,0,0
pay_00009230,1069.23,UPI,TRAVEL,10.4_FRAUDULENT_TRANSACTION,1,0,806,0,0,0
pay_00009231,296.16,UPI,TRAVEL,10.5_VISA_EASY_PAYMENT,1,1,205,0,0,0
pay_00009232,4045.26,UPI,RETAIL,10.4_FRAUDULENT_TRANSACTION,0,0,500,0,0,0
pay_00009233,1007.97,CREDIT_CARD,ELECTRONICS,10.4_FRAUDULENT_TRANSACTION,1,0,232,0,0,0
pay_00009234,2089.14,DEBIT_CARD,ELECTRONICS,13.1_MERCHANDISE_NOT_RECEIVED,1,0,908,0,0,0
pay_00009235,786.34,UPI,RETAIL,10.4_FRAUDULENT_TRANSACTION,1,1,855,0,0,0
pay_00009236,128.59,CREDIT_CARD,GAMING,13.1_MERCHANDISE_NOT_RECEIVED,1,2,622,0,0,0
pay_00009237,258.92,UPI,ELECTRONICS,10.4_FRAUDULENT_TRANSACTION,1,0,592,0,0,0
pay_00009238,1128.42,NETBANKING,DIGITAL_SERVICES,10.4_FRAUDULENT_TRANSACTION,1,1,698,0,0,0
pay_00009239,1856.6,NETBANKING,ELECTRONICS,10.5_VISA_EASY_PAYMENT,1,0,846,0,0,0
pay_00009240,711.36,CREDIT_CARD,RETAIL,10.5_VISA_EASY_PAYMENT,1,0,336,0,0,0
pay_00009241,1883.57,UPI,GAMING,13.3_NOT_AS_DESCRIBED,1,1,390,0,0,0
pay_00009242,1899.15,CREDIT_CARD,ELECTRONICS,13.3_NOT_AS_DESCRIBED,1,1,548,2,0,1
pay_00009243,1925.77,CREDIT_CARD,RETAIL,10.4_FRAUDULENT_TRANSACTION,1,0,52,0,0,0
pay_00009244,1117.45,WALLET,DIGITAL_SERVICES,10.4_FRAUDULENT_TRANSACTION,1,1,856,0,0,0
pay_00009245,3795.65,WALLET,TRAVEL,13.1_MERCHANDISE_NOT_RECEIVED,1,0,371,0,0,0
pay_00009246,1107.66,NETBANKING,DIGITAL_SERVICES,10.4_FRAUDULENT_TRANSACTION,1,0,795,0,0,0
pay_00009247,997.48,UPI,DIGITAL_SERVICES,10.4_FRAUDULENT_TRANSACTION,1,2,537,0,0,0
pay_00009248,433.55,WALLET,GAMING,10.4_FRAUDULENT_TRANSACTION,1,1,168,0,0,0
pay_00009249,651.51,CREDIT_CARD,ELECTRONICS,10.4_FRAUDULENT_TRANSACTION,1,0,932,2,0,1
pay_00009250,164.89,DEBIT_CARD,TRAVEL,10.4_FRAUDULENT_TRANSACTION,1,2,956,1,0,0
pay_00009251,1605.78,UPI,RETAIL,10.4_FRAUDULENT_TRANSACTION,1,1,797,0,0,0
pay_00009252,528.6,UPI,TRAVEL,10.5_VISA_EASY_PAYMENT,1,0,351,0,0,0
pay_00009253,643.94,UPI,ELECTRONICS,10.4_FRAUDULENT_TRANSACTION,1,0,515,0,0,0
pay_00009254,2309.84,UPI,GAMING,13.1_MERCHANDISE_NOT_RECEIVED,0,0,653,0,0,0
pay_00009255,694.51,UPI,ELECTRONICS,10.4_FRAUDULENT_TRANSACTION,1,1,324,0,0,0
pay_00009256,516.0,NETBANKING,RETAIL,13.3_NOT_AS_DESCRIBED,1,1,139,2,0,0
pay_00009257,377.79,UPI,TRAVEL,13.1_MERCHANDISE_NOT_RECEIVED,1,0,432,0,0,0
pay_00009258,2336.54,UPI,DIGITAL_SERVICES,10.4_FRAUDULENT_TRANSACTION,1,0,975,2,0,0
pay_00009259,308.39,UPI,ELECTRONICS,10.4_FRAUDULENT_TRANSACTION,1,1,828,0,0,0
pay_00009260,1007.03,UPI,GAMING,13.1_MERCHANDISE_NOT_RECEIVED,1,0,2,0,0,0
pay_00009261,1160.66,WALLET,GAMING,10.4_FRAUDULENT_TRANSACTION,1,0,335,0,0,0
pay_00009262,1844.2,UPI,TRAVEL,10.4_FRAUDULENT_TRANSACTION,1,1,966,0,0,0
pay_00009263,1604.75,UPI,DIGITAL_SERVICES,10.4_FRAUDULENT_TRANSACTION,1,1,879,0,0,0
pay_00009264,2596.8,NETBANKING,RETAIL,10.4_FRAUDULENT_TRANSACTION,1,0,781,0,0,0
pay_00009265,168.68,NETBANKING,DIGITAL_SERVICES,10.4_FRAUDULENT_TRANSACTION,1,0,547,1,0,0
pay_00009266,627.4,UPI,TRAVEL,10.4_FRAUDULENT_TRANSACTION,1,0,819,0,0,0
pay_00009267,593.04,DEBIT_CARD,DIGITAL_SERVICES,10.4_FRAUDULENT_TRANSACTION,1,0,748,0,1,0
pay_00009268,336.77,CREDIT_CARD,TRAVEL,13.3_NOT_AS_DESCRIBED,1,1,108,0,0,0
pay_00009269,612.0,DEBIT_CARD,DIGITAL_SERVICES,10.5_VISA_EASY_PAYMENT,1,1,625,0,0,0
pay_00009270,656.09,UPI,ELECTRONICS,10.4_FRAUDULENT_TRANSACTION,1,0,56,0,0,0
pay_00009271,1206.85,WALLET,GAMING,10.4_FRAUDULENT_TRANSACTION,1,0,40,2,0,0
pay_00009272,1734.65,UPI,TRAVEL,10.5_VISA_EASY_PAYMENT,1,0,505,0,0,0
pay_00009273,819.72,UPI,TRAVEL,13.1_MERCHANDISE_NOT_RECEIVED,1,0,973,0,0,0
pay_00009274,2006.61,UPI,GAMING,13.3_NOT_AS_DESCRIBED,1,0,699,2,0,0
pay_00009275,714.58,UPI,RETAIL,10.4_FRAUDULENT_TRANSACTION,1,0,12,0,0,0
pay_00009276,614.33,NETBANKING,TRAVEL,10.4_FRAUDULENT_TRANSACTION,1,2,784,0,0,0
pay_00009277,1268.67,CREDIT_CARD,ELECTRONICS,10.5_VISA_EASY_PAYMENT,1,0,949,0,0,0
pay_00009278,136.0,UPI,DIGITAL_SERVICES,10.4_FRAUDULENT_TRANSACTION,1,2,235,3,0,0
pay_00009279,224.73,UPI,ELECTRONICS,13.1_MERCHANDISE_NOT_RECEIVED,0,0,628,0,0,0
pay_00009280,911.85,UPI,TRAVEL,13.1_MERCHANDISE_NOT_RECEIVED,1,0,297,0,0,1
pay_00009281,4394.76,WALLET,RETAIL,13.3_NOT_AS_DESCRIBED,1,3,916,0,0,0
pay_00009282,2017.57,CREDIT_CARD,TRAVEL,10.5_VISA_EASY_PAYMENT,1,1,424,0,1,0
pay_00009283,238.38,CREDIT_CARD,RETAIL,10.4_FRAUDULENT_TRANSACTION,1,1,573,2,0,0
pay_00009284,2909.3,DEBIT_CARD,GAMING,10.4_FRAUDULENT_TRANSACTION,1,1,973,0,0,0
pay_00009285,2076.84,DEBIT_CARD,DIGITAL_SERVICES,10.4_FRAUDULENT_TRANSACTION,1,0,546,0,0,0
pay_00009286,1516.06,CREDIT_CARD,ELECTRONICS,13.3_NOT_AS_DESCRIBED,1,0,275,0,0,0
pay_00009287,2674.64,UPI,RETAIL,10.4_FRAUDULENT_TRANSACTION,0,0,173,0,0,1
pay_00009288,876.55,NETBANKING,ELECTRONICS,10.4_FRAUDULENT_TRANSACTION,1,1,603,0,0,0
pay_00009289,475.58,DEBIT_CARD,GAMING,13.3_NOT_AS_DESCRIBED,1,0,29,0,0,0
pay_00009290,1176.23,DEBIT_CARD,TRAVEL,13.1_MERCHANDISE_NOT_RECEIVED,1,0,531,0,0,0
pay_00009291,1293.91,WALLET,RETAIL,13.3_NOT_AS_DESCRIBED,1,0,747,0,0,0
pay_00009292,1259.35,DEBIT_CARD,DIGITAL_SERVICES,13.1_MERCHANDISE_NOT_RECEIVED,1,0,184,0,0,0
pay_00009293,1348.87,DEBIT_CARD,RETAIL,10.4_FRAUDULENT_TRANSACTION,0,0,539,0,0,0
pay_00009294,4555.24,WALLET,TRAVEL,10.4_FRAUDULENT_TRANSACTION,1,0,642,0,0,0
pay_00009295,3587.95,UPI,TRAVEL,10.4_FRAUDULENT_TRANSACTION,1,1,424,0,0,0
pay_00009296,3227.79,UPI,DIGITAL_SERVICES,10.4_FRAUDULENT_TRANSACTION,1,0,615,0,0,0
pay_00009297,2524.82,CREDIT_CARD,DIGITAL_SERVICES,13.1_MERCHANDISE_NOT_RECEIVED,1,1,449,0,0,0
pay_00009298,4408.36,UPI,GAMING,10.4_FRAUDULENT_TRANSACTION,1,2,78,0,0,0
pay_00009299,255.53,DEBIT_CARD,ELECTRONICS,10.4_FRAUDULENT_TRANSACTION,1,0,520,0,0,0
pay_00009300,562.08,DEBIT_CARD,RETAIL,13.1_MERCHANDISE_NOT_RECEIVED,1,0,27,0,0,0
pay_00009301,1124.96,DEBIT_CARD,GAMING,13.3_NOT_AS_DESCRIBED,0,0,737,0,0,0
pay_00009302,2911.42,WALLET,ELECTRONICS,10.5_VISA_EASY_PAYMENT,1,0,991,0,0,0
pay_00009303,1155.3,UPI,GAMING,13.1_MERCHANDISE_NOT_RECEIVED,0,2,926,0,0,0
pay_00009304,2167.7,DEBIT_CARD,DIGITAL_SERVICES,10.4_FRAUDULENT_TRANSACTION,1,0,665,0,0,0
pay_00009305,324.42,CREDIT_CARD,DIGITAL_SERVICES,13.3_NOT_AS_DESCRIBED,1,0,561,0,0,0
pay_00009306,536.36,UPI,TRAVEL,13.1_MERCHANDISE_NOT_RECEIVED,1,0,757,0,0,0
pay_00009307,2073.9,UPI,RETAIL,10.5_VISA_EASY_PAYMENT,1,0,568,0,0,0
pay_00009308,370.01,NETBANKING,RETAIL,13.1_MERCHANDISE_NOT_RECEIVED,1,0,868,0,0,0
pay_00009309,749.31,CREDIT_CARD,RETAIL,10.4_FRAUDULENT_TRANSACTION,1,2,614,0,0,0
pay_00009310,561.55,DEBIT_CARD,GAMING,10.5_VISA_EASY_PAYMENT,1,3,321,0,0,1
pay_00009311,745.86,CREDIT_CARD,GAMING,13.1_MERCHANDISE_NOT_RECEIVED,1,0,287,1,0,0
pay_00009312,1948.17,UPI,RETAIL,10.4_FRAUDULENT_TRANSACTION,1,0,227,0,0,0
pay_00009313,787.94,UPI,TRAVEL,10.4_FRAUDULENT_TRANSACTION,0,2,316,0,0,0
pay_00009314,1315.41,UPI,ELECTRONICS,10.4_FRAUDULENT_TRANSACTION,1,1,213,0,0,0
pay_00009315,257.93,WALLET,GAMING,13.1_MERCHANDISE_NOT_RECEIVED,0,1,674,1,0,1
pay_00009316,2552.27,UPI,RETAIL,13.1_MERCHANDISE_NOT_RECEIVED,0,1,657,0,0,0
pay_00009317,792.79,WALLET,DIGITAL_SERVICES,10.4_FRAUDULENT_TRANSACTION,1,0,73,0,0,0
pay_00009318,1668.46,WALLET,GAMING,13.3_NOT_AS_DESCRIBED,1,0,29,0,0,0
pay_00009319,2038.6,WALLET,ELECTRONICS,13.1_MERCHANDISE_NOT_RECEIVED,1,0,200,0,1,0
pay_00009320,452.94,UPI,GAMING,10.4_FRAUDULENT_TRANSACTION,1,2,723,0,0,0
pay_00009321,3340.0,WALLET,ELECTRONICS,10.4_FRAUDULENT_TRANSACTION,1,0,495,0,0,0
pay_00009322,1536.55,UPI,ELECTRONICS,13.3_NOT_AS_DESCRIBED,1,0,646,0,0,0
pay_00009323,939.83,UPI,GAMING,10.4_FRAUDULENT_TRANSACTION,1,0,344,1,0,0
pay_00009324,401.95,UPI,ELECTRONICS,13.3_NOT_AS_DESCRIBED,0,1,126,0,0,0
pay_00009325,4378.77,NETBANKING,GAMING,10.4_FRAUDULENT_TRANSACTION,1,0,518,0,0,0
pay_00009326,2210.16,UPI,GAMING,10.4_FRAUDULENT_TRANSACTION,0,0,104,0,0,0
pay_00009327,449.84,CREDIT_CARD,TRAVEL,13.3_NOT_AS_DESCRIBED,1,0,643,0,0,0
pay_00009328,718.08,UPI,DIGITAL_SERVICES,13.1_MERCHANDISE_NOT_RECEIVED,1,1,95,0,1,0
pay_00009329,2588.53,UPI,ELECTRONICS,10.4_FRAUDULENT_TRANSACTION,1,1,159,0,0,0
pay_00009330,1884.5,UPI,GAMING,10.5_VISA_EASY_PAYMENT,1,0,588,0,0,0
pay_00009331,2277.27,NETBANKING,ELECTRONICS,10.4_FRAUDULENT_TRANSACTION,1,0,692,0,0,0
pay_00009332,972.95,CREDIT_CARD,GAMING,13.3_NOT_AS_DESCRIBED,1,1,136,0,1,0
pay_00009333,1990.69,NETBANKING,GAMING,13.1_MERCHANDISE_NOT_RECEIVED,1,0,235,0,1,0
pay_00009334,832.85,CREDIT_CARD,GAMING,10.4_FRAUDULENT_TRANSACTION,0,1,602,0,0,0
pay_00009335,455.98,WALLET,DIGITAL_SERVICES,13.1_MERCHANDISE_NOT_RECEIVED,1,0,763,0,0,0
pay_00009336,1602.27,CREDIT_CARD,ELECTRONICS,10.5_VISA_EASY_PAYMENT,1,0,282,0,0,0
pay_00009337,5695.42,CREDIT_CARD,DIGITAL_SERVICES,13.1_MERCHANDISE_NOT_RECEIVED,1,0,399,0,0,1
pay_00009338,657.9,CREDIT_CARD,DIGITAL_SERVICES,13.1_MERCHANDISE_NOT_RECEIVED,1,0,461,0,0,0
pay_00009339,1026.97,UPI,DIGITAL_SERVICES,10.4_FRAUDULENT_TRANSACTION,1,0,184,0,0,0
pay_00009340,1781.29,DEBIT_CARD,DIGITAL_SERVICES,13.3_NOT_AS_DESCRIBED,0,2,598,0,0,0
pay_00009341,1269.71,CREDIT_CARD,TRAVEL,10.5_VISA_EASY_PAYMENT,1,0,122,2,0,0
pay_00009342,2881.36,DEBIT_CARD,ELECTRONICS,13.3_NOT_AS_DESCRIBED,1,0,895,2,0,0
pay_00009343,2251.61,DEBIT_CARD,ELECTRONICS,13.1_MERCHANDISE_NOT_RECEIVED,1,1,318,0,0,0
pay_00009344,190.1,UPI,GAMING,10.4_FRAUDULENT_TRANSACTION,1,2,141,0,0,0
pay_00009345,9776.67,CREDIT_CARD,ELECTRONICS,13.3_NOT_AS_DESCRIBED,1,1,558,0,0,0
pay_00009346,2193.93,UPI,DIGITAL_SERVICES,10.4_FRAUDULENT_TRANSACTION,1,0,182,1,0,0
pay_00009347,3091.58,CREDIT_CARD,RETAIL,13.3_NOT_AS_DESCRIBED,1,0,777,0,0,0
pay_00009348,1679.88,CREDIT_CARD,ELECTRONICS,10.4_FRAUDULENT_TRANSACTION,1,0,344,0,0,0
pay_00009349,3009.89,WALLET,RETAIL,10.4_FRAUDULENT_TRANSACTION,1,1,259,0,0,0
pay_00009350,278.82,UPI,TRAVEL,13.1_MERCHANDISE_NOT_RECEIVED,1,0,919,0,0,0
pay_00009351,740.96,UPI,GAMING,13.3_NOT_AS_DESCRIBED,0,0,12,1,0,0
pay_00009352,3236.31,UPI,GAMING,13.3_NOT_AS_DESCRIBED,1,0,553,0,0,0
pay_00009353,437.82,UPI,GAMING,10.4_FRAUDULENT_TRANSACTION,1,0,428,0,0,0
pay_00009354,222.21,DEBIT_CARD,TRAVEL,10.4_FRAUDULENT_TRANSACTION,1,1,698,0,0,0
pay_00009355,2427.6,DEBIT_CARD,DIGITAL_SERVICES,10.5_VISA_EASY_PAYMENT,1,0,523,0,0,0
pay_00009356,2807.14,DEBIT_CARD,RETAIL,10.4_FRAUDULENT_TRANSACTION,1,0,659,0,1,1
pay_00009357,366.27,NETBANKING,ELECTRONICS,13.1_MERCHANDISE_NOT_RECEIVED,1,1,443,0,0,0
pay_00009358,2989.78,UPI,DIGITAL_SERVICES,10.5_VISA_EASY_PAYMENT,1,1,73,2,0,0
pay_00009359,1841.22,UPI,GAMING,13.3_NOT_AS_DESCRIBED,1,0,165,0,0,0
pay_00009360,1201.21,UPI,GAMING,10.4_FRAUDULENT_TRANSACTION,1,1,138,0,0,0
pay_00009361,2760.14,NETBANKING,DIGITAL_SERVICES,13.1_MERCHANDISE_NOT_RECEIVED,1,0,329,2,0,1
pay_00009362,915.15,DEBIT_CARD,RETAIL,13.1_MERCHANDISE_NOT_RECEIVED,0,0,33,0,0,0
pay_00009363,423.5,CREDIT_CARD,DIGITAL_SERVICES,10.4_FRAUDULENT_TRANSACTION,1,0,717,0,0,1
pay_00009364,602.9,UPI,TRAVEL,10.4_FRAUDULENT_TRANSACTION,1,0,148,0,0,0
pay_00009365,1155.29,UPI,GAMING,13.3_NOT_AS_DESCRIBED,1,0,940,0,1,1
pay_00009366,1236.79,WALLET,RETAIL,10.4_FRAUDULENT_TRANSACTION,1,1,331,0,0,1
pay_00009367,2556.61,UPI,ELECTRONICS,13.1_MERCHANDISE_NOT_RECEIVED,1,0,745,0,0,0
pay_00009368,2450.67,DEBIT_CARD,GAMING,13.1_MERCHANDISE_NOT_RECEIVED,1,0,349,1,0,0
pay_00009369,1406.14,UPI,DIGITAL_SERVICES,10.4_FRAUDULENT_TRANSACTION,1,0,623,0,0,0
pay_00009370,2376.56,UPI,RETAIL,10.4_FRAUDULENT_TRANSACTION,1,0,637,0,0,0
pay_00009371,419.37,DEBIT_CARD,GAMING,13.3_NOT_AS_DESCRIBED,1,0,636,0,0,0
pay_00009372,177.04,UPI,ELECTRONICS,10.4_FRAUDULENT_TRANSACTION,1,2,269,0,0,0
pay_00009373,3202.86,DEBIT_CARD,ELECTRONICS,13.1_MERCHANDISE_NOT_RECEIVED,1,0,124,0,0,0
pay_00009374,217.84,DEBIT_CARD,DIGITAL_SERVICES,10.4_FRAUDULENT_TRANSACTION,1,0,748,0,0,0
pay_00009375,524.91,CREDIT_CARD,TRAVEL,10.4_FRAUDULENT_TRANSACTION,1,0,831,0,0,0
pay_00009376,1882.73,DEBIT_CARD,DIGITAL_SERVICES,10.4_FRAUDULENT_TRANSACTION,1,0,654,1,1,0
pay_00009377,890.05,CREDIT_CARD,RETAIL,10.4_FRAUDULENT_TRANSACTION,1,1,713,0,0,1
pay_00009378,3235.01,UPI,DIGITAL_SERVICES,10.4_FRAUDULENT_TRANSACTION,1,2,54,0,0,0
pay_00009379,630.69,DEBIT_CARD,RETAIL,13.1_MERCHANDISE_NOT_RECEIVED,1,2,426,0,0,0
pay_00009380,117.91,CREDIT_CARD,TRAVEL,10.4_FRAUDULENT_TRANSACTION,1,0,934,0,0,0
pay_00009381,636.42,UPI,DIGITAL_SERVICES,10.4_FRAUDULENT_TRANSACTION,1,1,83,0,0,0
pay_00009382,1394.39,NETBANKING,ELECTRONICS,10.4_FRAUDULENT_TRANSACTION,1,1,618,0,0,0
pay_00009383,807.26,CREDIT_CARD,RETAIL,13.1_MERCHANDISE_NOT_RECEIVED,1,0,623,0,0,0
pay_00009384,1248.17,NETBANKING,RETAIL,13.1_MERCHANDISE_NOT_RECEIVED,0,0,373,0,0,1
pay_00009385,3238.46,NETBANKING,ELECTRONICS,10.4_FRAUDULENT_TRANSACTION,1,0,510,0,0,0
pay_00009386,3753.92,UPI,DIGITAL_SERVICES,13.1_MERCHANDISE_NOT_RECEIVED,1,0,840,0,0,0
pay_00009387,563.82,CREDIT_CARD,TRAVEL,13.1_MERCHANDISE_NOT_RECEIVED,1,0,850,0,0,0
pay_00009388,1030.24,UPI,GAMING,10.4_FRAUDULENT_TRANSACTION,1,1,226,0,0,0
pay_00009389,1294.91,UPI,DIGITAL_SERVICES,13.3_NOT_AS_DESCRIBED,1,1,292,0,0,0
pay_00009390,4567.21,NETBANKING,DIGITAL_SERVICES,10.4_FRAUDULENT_TRANSACTION,1,0,9,1,0,1
pay_00009391,9975.6,DEBIT_CARD,RETAIL,10.4_FRAUDULENT_TRANSACTION,0,0,720,0,0,1
pay_00009392,502.62,UPI,RETAIL,13.3_NOT_AS_DESCRIBED,1,0,773,2,0,0
pay_00009393,2047.31,CREDIT_CARD,TRAVEL,10.4_FRAUDULENT_TRANSACTION,1,2,755,0,0,0
pay_00009394,812.3,WALLET,TRAVEL,10.4_FRAUDULENT_TRANSACTION,1,1,655,0,0,0
pay_00009395,112.21,CREDIT_CARD,TRAVEL,10.5_VISA_EASY_PAYMENT,1,0,920,0,0,1
pay_00009396,113.94,DEBIT_CARD,ELECTRONICS,13.1_MERCHANDISE_NOT_RECEIVED,1,0,511,0,0,0
pay_00009397,1025.85,DEBIT_CARD,GAMING,10.4_FRAUDULENT_TRANSACTION,0,1,64,0,0,1
pay_00009398,1105.13,UPI,GAMING,13.3_NOT_AS_DESCRIBED,1,1,495,0,0,0
pay_00009399,134.24,UPI,TRAVEL,10.4_FRAUDULENT_TRANSACTION,1,1,48,0,0,0
pay_00009400,1841.98,DEBIT_CARD,RETAIL,10.4_FRAUDULENT_TRANSACTION,0,0,939,0,1,1
pay_00009401,622.22,UPI,GAMING,10.4_FRAUDULENT_TRANSACTION,1,1,167,2,0,0
pay_00009402,1331.11,CREDIT_CARD,DIGITAL_SERVICES,13.1_MERCHANDISE_NOT_RECEIVED,1,1,665,1,0,0
pay_00009403,636.98,DEBIT_CARD,ELECTRONICS,10.4_FRAUDULENT_TRANSACTION,1,0,720,0,0,0
pay_00009404,374.32,DEBIT_CARD,RETAIL,13.3_NOT_AS_DESCRIBED,1,0,342,0,1,1
pay_00009405,884.28,UPI,ELECTRONICS,10.4_FRAUDULENT_TRANSACTION,1,1,370,0,0,0
pay_00009406,496.48,UPI,DIGITAL_SERVICES,13.1_MERCHANDISE_NOT_RECEIVED,1,0,720,0,0,0
pay_00009407,1247.93,UPI,GAMING,10.4_FRAUDULENT_TRANSACTION,1,0,225,0,0,0
pay_00009408,432.52,CREDIT_CARD,ELECTRONICS,10.4_FRAUDULENT_TRANSACTION,1,1,901,0,0,0
pay_00009409,1165.15,UPI,ELECTRONICS,13.3_NOT_AS_DESCRIBED,1,1,444,0,0,0
pay_00009410,356.86,CREDIT_CARD,ELECTRONICS,10.4_FRAUDULENT_TRANSACTION,1,0,375,0,0,0
pay_00009411,1767.43,UPI,DIGITAL_SERVICES,13.1_MERCHANDISE_NOT_RECEIVED,0,2,263,0,0,1
pay_00009412,2203.26,CREDIT_CARD,RETAIL,10.4_FRAUDULENT_TRANSACTION,1,1,146,0,0,0
pay_00009413,275.47,UPI,RETAIL,13.3_NOT_AS_DESCRIBED,1,1,128,0,0,0
pay_00009414,1046.11,CREDIT_CARD,DIGITAL_SERVICES,10.4_FRAUDULENT_TRANSACTION,1,1,774,0,0,0
pay_00009415,210.26,UPI,ELECTRONICS,13.1_MERCHANDISE_NOT_RECEIVED,1,1,625,0,0,0
pay_00009416,1467.64,UPI,ELECTRONICS,13.3_NOT_AS_DESCRIBED,1,0,268,0,0,0
pay_00009417,560.61,NETBANKING,TRAVEL,10.4_FRAUDULENT_TRANSACTION,1,0,364,0,0,0
pay_00009418,1224.97,UPI,GAMING,10.4_FRAUDULENT_TRANSACTION,1,0,673,0,0,0
pay_00009419,1193.04,CREDIT_CARD,GAMING,13.1_MERCHANDISE_NOT_RECEIVED,1,0,482,0,0,0
pay_00009420,3972.54,NETBANKING,RETAIL,10.4_FRAUDULENT_TRANSACTION,1,0,789,0,0,0
pay_00009421,1294.71,CREDIT_CARD,DIGITAL_SERVICES,13.3_NOT_AS_DESCRIBED,0,0,698,0,0,0
pay_00009422,1412.0,NETBANKING,ELECTRONICS,10.4_FRAUDULENT_TRANSACTION,1,1,210,0,0,0
pay_00009423,870.38,UPI,GAMING,10.4_FRAUDULENT_TRANSACTION,1,0,974,0,0,0
pay_00009424,4566.24,UPI,DIGITAL_SERVICES,10.4_FRAUDULENT_TRANSACTION,1,2,554,0,0,0
pay_00009425,2352.13,UPI,DIGITAL_SERVICES,10.4_FRAUDULENT_TRANSACTION,1,0,222,0,0,0
pay_00009426,604.06,UPI,ELECTRONICS,10.4_FRAUDULENT_TRANSACTION,1,0,302,0,0,0
pay_00009427,2888.87,UPI,DIGITAL_SERVICES,10.4_FRAUDULENT_TRANSACTION,1,1,259,0,0,0
pay_00009428,949.5,UPI,GAMING,10.4_FRAUDULENT_TRANSACTION,1,1,953,0,1,0
pay_00009429,2746.22,CREDIT_CARD,TRAVEL,10.4_FRAUDULENT_TRANSACTION,1,1,53,0,0,0
pay_00009430,2696.46,NETBANKING,GAMING,10.4_FRAUDULENT_TRANSACTION,1,0,62,0,0,0
pay_00009431,413.99,UPI,TRAVEL,10.4_FRAUDULENT_TRANSACTION,1,1,909,0,0,0
pay_00009432,1911.68,UPI,DIGITAL_SERVICES,10.4_FRAUDULENT_TRANSACTION,1,0,819,1,0,0
pay_00009433,615.09,UPI,GAMING,10.4_FRAUDULENT_TRANSACTION,1,0,485,0,0,0
pay_00009434,629.65,UPI,ELECTRONICS,13.1_MERCHANDISE_NOT_RECEIVED,1,1,403,0,0,0
pay_00009435,627.21,DEBIT_CARD,DIGITAL_SERVICES,13.1_MERCHANDISE_NOT_RECEIVED,1,0,443,0,1,0
pay_00009436,2039.58,UPI,ELECTRONICS,10.5_VISA_EASY_PAYMENT,1,0,318,0,0,0
pay_00009437,491.71,UPI,TRAVEL,10.4_FRAUDULENT_TRANSACTION,1,0,421,0,1,1
pay_00009438,101.36,DEBIT_CARD,RETAIL,10.4_FRAUDULENT_TRANSACTION,1,0,717,0,0,0
pay_00009439,1984.15,NETBANKING,RETAIL,10.4_FRAUDULENT_TRANSACTION,1,0,399,0,0,0
pay_00009440,381.64,CREDIT_CARD,TRAVEL,10.4_FRAUDULENT_TRANSACTION,0,1,90,1,0,1
pay_00009441,265.53,CREDIT_CARD,RETAIL,10.5_VISA_EASY_PAYMENT,1,1,582,0,1,1
pay_00009442,506.76,UPI,DIGITAL_SERVICES,10.4_FRAUDULENT_TRANSACTION,1,2,603,0,0,0
pay_00009443,816.81,UPI,DIGITAL_SERVICES,10.4_FRAUDULENT_TRANSACTION,1,0,780,1,0,0
pay_00009444,1069.13,UPI,GAMING,10.4_FRAUDULENT_TRANSACTION,1,0,496,2,0,0
pay_00009445,168.39,UPI,DIGITAL_SERVICES,13.3_NOT_AS_DESCRIBED,0,0,345,0,0,0
pay_00009446,5388.78,NETBANKING,RETAIL,13.1_MERCHANDISE_NOT_RECEIVED,1,0,434,0,0,0
pay_00009447,1988.5,CREDIT_CARD,ELECTRONICS,10.4_FRAUDULENT_TRANSACTION,1,3,559,0,1,0
pay_00009448,685.56,UPI,GAMING,13.3_NOT_AS_DESCRIBED,1,1,528,1,0,0
pay_00009449,675.62,UPI,ELECTRONICS,10.5_VISA_EASY_PAYMENT,1,0,366,0,0,0
pay_00009450,992.79,UPI,RETAIL,10.4_FRAUDULENT_TRANSACTION,1,0,400,0,0,0
pay_00009451,1576.23,CREDIT_CARD,ELECTRONICS,10.4_FRAUDULENT_TRANSACTION,1,1,195,0,0,0
pay_00009452,337.39,UPI,RETAIL,10.4_FRAUDULENT_TRANSACTION,1,0,802,0,0,0
pay_00009453,414.1,UPI,DIGITAL_SERVICES,13.1_MERCHANDISE_NOT_RECEIVED,1,0,984,1,0,1
pay_00009454,3043.12,CREDIT_CARD,GAMING,10.4_FRAUDULENT_TRANSACTION,1,1,234,0,0,0
pay_00009455,544.09,UPI,TRAVEL,13.3_NOT_AS_DESCRIBED,1,0,814,0,0,0
pay_00009456,817.53,UPI,RETAIL,10.4_FRAUDULENT_TRANSACTION,1,1,599,0,0,0
pay_00009457,3175.08,UPI,DIGITAL_SERVICES,13.3_NOT_AS_DESCRIBED,1,0,64,0,0,0
pay_00009458,1732.17,UPI,ELECTRONICS,13.1_MERCHANDISE_NOT_RECEIVED,0,0,478,0,0,1
pay_00009459,727.17,UPI,DIGITAL_SERVICES,13.3_NOT_AS_DESCRIBED,0,0,945,0,0,0
pay_00009460,1826.59,UPI,ELECTRONICS,10.4_FRAUDULENT_TRANSACTION,1,0,405,0,0,0
pay_00009461,129.82,DEBIT_CARD,ELECTRONICS,10.5_VISA_EASY_PAYMENT,1,0,949,0,0,0
pay_00009462,2095.68,DEBIT_CARD,ELECTRONICS,13.1_MERCHANDISE_NOT_RECEIVED,1,2,702,0,0,0
pay_00009463,1101.27,CREDIT_CARD,ELECTRONICS,13.1_MERCHANDISE_NOT_RECEIVED,1,0,977,0,0,0
pay_00009464,2616.43,NETBANKING,GAMING,10.4_FRAUDULENT_TRANSACTION,1,0,694,0,0,0
pay_00009465,4739.61,UPI,ELECTRONICS,10.5_VISA_EASY_PAYMENT,1,2,594,0,0,0
pay_00009466,4001.26,NETBANKING,GAMING,10.4_FRAUDULENT_TRANSACTION,1,1,131,2,0,0
pay_00009467,3699.72,UPI,TRAVEL,13.3_NOT_AS_DESCRIBED,1,0,437,0,0,0
pay_00009468,1176.68,UPI,GAMING,10.4_FRAUDULENT_TRANSACTION,1,0,239,0,0,0
pay_00009469,769.76,UPI,ELECTRONICS,13.3_NOT_AS_DESCRIBED,1,0,140,0,0,0
pay_00009470,1038.33,UPI,TRAVEL,10.5_VISA_EASY_PAYMENT,1,0,976,0,0,0
pay_00009471,1856.27,WALLET,DIGITAL_SERVICES,10.4_FRAUDULENT_TRANSACTION,1,0,550,0,0,1
pay_00009472,3331.22,UPI,GAMING,13.1_MERCHANDISE_NOT_RECEIVED,1,0,334,0,0,0
pay_00009473,447.87,UPI,DIGITAL_SERVICES,10.4_FRAUDULENT_TRANSACTION,1,1,91,0,0,0
pay_00009474,3855.09,UPI,TRAVEL,10.4_FRAUDULENT_TRANSACTION,1,1,146,1,0,0
pay_00009475,2632.56,UPI,GAMING,13.1_MERCHANDISE_NOT_RECEIVED,1,0,596,0,0,0
pay_00009476,5884.6,UPI,ELECTRONICS,10.4_FRAUDULENT_TRANSACTION,1,1,675,2,0,1
pay_00009477,3283.55,UPI,GAMING,10.4_FRAUDULENT_TRANSACTION,1,0,977,0,0,0
pay_00009478,592.63,UPI,ELECTRONICS,10.4_FRAUDULENT_TRANSACTION,1,0,340,0,0,0
pay_00009479,268.0,NETBANKING,RETAIL,10.4_FRAUDULENT_TRANSACTION,1,1,198,0,0,0
pay_00009480,278.58,UPI,GAMING,13.1_MERCHANDISE_NOT_RECEIVED,1,0,474,0,0,0
pay_00009481,616.32,UPI,GAMING,10.4_FRAUDULENT_TRANSACTION,1,0,455,1,0,0
pay_00009482,1528.59,CREDIT_CARD,DIGITAL_SERVICES,13.3_NOT_AS_DESCRIBED,1,0,358,0,0,0
pay_00009483,2546.91,WALLET,DIGITAL_SERVICES,10.4_FRAUDULENT_TRANSACTION,1,0,844,0,0,0
pay_00009484,3542.67,UPI,TRAVEL,10.4_FRAUDULENT_TRANSACTION,1,0,273,0,0,0
pay_00009485,1566.27,UPI,ELECTRONICS,10.4_FRAUDULENT_TRANSACTION,1,1,917,1,0,0
pay_00009486,108.47,WALLET,DIGITAL_SERVICES,10.4_FRAUDULENT_TRANSACTION,1,2,501,0,0,0
pay_00009487,409.28,UPI,TRAVEL,10.4_FRAUDULENT_TRANSACTION,1,0,70,1,0,0
pay_00009488,257.58,CREDIT_CARD,ELECTRONICS,10.4_FRAUDULENT_TRANSACTION,1,0,815,0,0,1
pay_00009489,777.24,UPI,ELECTRONICS,10.4_FRAUDULENT_TRANSACTION,1,2,933,0,0,0
pay_00009490,1143.78,NETBANKING,ELECTRONICS,10.4_FRAUDULENT_TRANSACTION,1,0,985,0,0,0
pay_00009491,166.55,WALLET,RETAIL,10.4_FRAUDULENT_TRANSACTION,1,2,822,0,0,0
pay_00009492,742.67,DEBIT_CARD,ELECTRONICS,13.1_MERCHANDISE_NOT_RECEIVED,0,1,783,0,0,0
pay_00009493,396.18,UPI,TRAVEL,13.3_NOT_AS_DESCRIBED,1,0,907,0,0,0
pay_00009494,1662.23,UPI,ELECTRONICS,10.4_FRAUDULENT_TRANSACTION,1,1,9,0,0,0
pay_00009495,1036.19,UPI,ELECTRONICS,10.4_FRAUDULENT_TRANSACTION,0,0,708,1,0,1
pay_00009496,1125.74,NETBANKING,TRAVEL,10.4_FRAUDULENT_TRANSACTION,1,1,3,0,0,0
pay_00009497,937.12,NETBANKING,GAMING,13.3_NOT_AS_DESCRIBED,1,0,269,0,0,0
pay_00009498,4786.02,UPI,ELECTRONICS,13.1_MERCHANDISE_NOT_RECEIVED,1,1,352,0,0,0
pay_00009499,462.6,CREDIT_CARD,TRAVEL,10.4_FRAUDULENT_TRANSACTION,1,0,6,0,0,1
pay_00009500,1190.57,UPI,DIGITAL_SERVICES,10.4_FRAUDULENT_TRANSACTION,1,0,385,0,1,1
pay_00009501,2097.81,UPI,TRAVEL,10.5_VISA_EASY_PAYMENT,0,1,234,0,0,0
pay_00009502,1320.75,CREDIT_CARD,RETAIL,10.4_FRAUDULENT_TRANSACTION,1,0,901,0,0,0
pay_00009503,4068.05,UPI,DIGITAL_SERVICES,10.4_FRAUDULENT_TRANSACTION,1,0,578,0,0,0
pay_00009504,812.15,UPI,GAMING,10.4_FRAUDULENT_TRANSACTION,0,3,982,0,0,0
pay_00009505,1034.52,UPI,GAMING,10.4_FRAUDULENT_TRANSACTION,1,1,96,0,0,0
pay_00009506,239.03,DEBIT_CARD,TRAVEL,10.4_FRAUDULENT_TRANSACTION,1,0,499,0,0,0
pay_00009507,1508.57,NETBANKING,TRAVEL,10.4_FRAUDULENT_TRANSACTION,1,0,624,0,0,0
pay_00009508,609.96,WALLET,ELECTRONICS,13.1_MERCHANDISE_NOT_RECEIVED,1,0,125,0,0,0
pay_00009509,362.08,DEBIT_CARD,ELECTRONICS,10.4_FRAUDULENT_TRANSACTION,1,0,510,1,1,1
pay_00009510,1279.64,CREDIT_CARD,RETAIL,10.5_VISA_EASY_PAYMENT,1,0,553,0,0,1
pay_00009511,1239.93,UPI,ELECTRONICS,10.4_FRAUDULENT_TRANSACTION,1,0,946,0,0,0
pay_00009512,218.36,WALLET,TRAVEL,13.1_MERCHANDISE_NOT_RECEIVED,1,0,369,0,0,0
pay_00009513,1897.06,CREDIT_CARD,TRAVEL,10.4_FRAUDULENT_TRANSACTION,0,0,7,0,1,0
pay_00009514,1566.34,CREDIT_CARD,ELECTRONICS,10.4_FRAUDULENT_TRANSACTION,1,0,277,0,0,1
pay_00009515,414.26,CREDIT_CARD,RETAIL,10.5_VISA_EASY_PAYMENT,1,0,209,0,0,0
pay_00009516,1050.72,DEBIT_CARD,TRAVEL,10.4_FRAUDULENT_TRANSACTION,1,3,949,0,0,1
pay_00009517,2011.18,UPI,RETAIL,13.3_NOT_AS_DESCRIBED,1,1,916,0,0,0
pay_00009518,1230.73,UPI,TRAVEL,13.1_MERCHANDISE_NOT_RECEIVED,1,0,193,0,0,0
pay_00009519,855.0,CREDIT_CARD,RETAIL,13.1_MERCHANDISE_NOT_RECEIVED,1,1,160,0,0,0
pay_00009520,683.66,NETBANKING,RETAIL,10.4_FRAUDULENT_TRANSACTION,1,0,488,2,1,0
pay_00009521,1513.93,CREDIT_CARD,RETAIL,13.3_NOT_AS_DESCRIBED,1,1,608,0,0,0
pay_00009522,4298.0,UPI,ELECTRONICS,10.4_FRAUDULENT_TRANSACTION,1,1,980,0,0,0
pay_00009523,1770.95,UPI,GAMING,10.5_VISA_EASY_PAYMENT,1,0,458,0,0,0
pay_00009524,216.53,DEBIT_CARD,RETAIL,13.3_NOT_AS_DESCRIBED,1,1,247,0,0,0
pay_00009525,1026.18,DEBIT_CARD,RETAIL,10.4_FRAUDULENT_TRANSACTION,1,1,6,0,0,0
pay_00009526,3422.19,CREDIT_CARD,TRAVEL,10.5_VISA_EASY_PAYMENT,1,0,553,0,0,0
pay_00009527,248.84,UPI,GAMING,10.4_FRAUDULENT_TRANSACTION,1,2,33,1,0,0
pay_00009528,6847.94,NETBANKING,TRAVEL,10.5_VISA_EASY_PAYMENT,0,1,970,0,0,1
pay_00009529,4565.94,CREDIT_CARD,TRAVEL,13.1_MERCHANDISE_NOT_RECEIVED,1,0,665,0,0,0
pay_00009530,222.26,DEBIT_CARD,RETAIL,10.4_FRAUDULENT_TRANSACTION,1,0,280,0,0,0
pay_00009531,4163.88,UPI,DIGITAL_SERVICES,13.1_MERCHANDISE_NOT_RECEIVED,1,0,607,0,1,0
pay_00009532,776.79,UPI,GAMING,13.1_MERCHANDISE_NOT_RECEIVED,1,0,989,0,0,0
pay_00009533,2893.68,NETBANKING,TRAVEL,13.1_MERCHANDISE_NOT_RECEIVED,1,2,908,0,0,0
pay_00009534,912.92,UPI,DIGITAL_SERVICES,10.4_FRAUDULENT_TRANSACTION,1,0,933,0,1,0
pay_00009535,972.02,CREDIT_CARD,DIGITAL_SERVICES,10.4_FRAUDULENT_TRANSACTION,1,1,755,0,0,0
pay_00009536,1608.68,UPI,TRAVEL,10.4_FRAUDULENT_TRANSACTION,1,0,106,0,0,0
pay_00009537,2334.0,DEBIT_CARD,RETAIL,10.5_VISA_EASY_PAYMENT,1,0,946,0,0,1
pay_00009538,151.56,UPI,ELECTRONICS,10.4_FRAUDULENT_TRANSACTION,1,3,521,0,0,0
pay_00009539,1448.99,UPI,TRAVEL,10.5_VISA_EASY_PAYMENT,1,2,605,0,0,0
pay_00009540,410.04,NETBANKING,RETAIL,10.4_FRAUDULENT_TRANSACTION,1,0,638,0,1,0
pay_00009541,736.86,CREDIT_CARD,GAMING,10.4_FRAUDULENT_TRANSACTION,1,1,67,2,0,1
pay_00009542,741.49,UPI,RETAIL,10.4_FRAUDULENT_TRANSACTION,1,0,4,0,0,0
pay_00009543,1049.66,UPI,DIGITAL_SERVICES,10.5_VISA_EASY_PAYMENT,1,0,54,1,0,0
pay_00009544,710.01,WALLET,GAMING,10.4_FRAUDULENT_TRANSACTION,1,0,341,1,0,1
pay_00009545,270.36,UPI,GAMING,10.4_FRAUDULENT_TRANSACTION,1,0,134,0,0,0
pay_00009546,336.08,CREDIT_CARD,ELECTRONICS,13.3_NOT_AS_DESCRIBED,1,1,450,0,0,0
pay_00009547,151.01,UPI,ELECTRONICS,13.3_NOT_AS_DESCRIBED,1,0,933,0,0,0
pay_00009548,1053.02,NETBANKING,TRAVEL,13.3_NOT_AS_DESCRIBED,1,1,980,0,0,0
pay_00009549,4733.34,DEBIT_CARD,RETAIL,10.5_VISA_EASY_PAYMENT,1,2,45,0,0,0
pay_00009550,284.4,CREDIT_CARD,TRAVEL,10.5_VISA_EASY_PAYMENT,1,0,225,0,0,0
pay_00009551,4485.52,UPI,ELECTRONICS,13.3_NOT_AS_DESCRIBED,1,0,654,0,0,0
pay_00009552,2082.79,NETBANKING,DIGITAL_SERVICES,13.1_MERCHANDISE_NOT_RECEIVED,1,1,852,0,0,0
pay_00009553,1622.09,UPI,ELECTRONICS,13.1_MERCHANDISE_NOT_RECEIVED,1,0,171,0,0,0
pay_00009554,1654.63,NETBANKING,RETAIL,10.4_FRAUDULENT_TRANSACTION,1,1,450,3,0,0
pay_00009555,2729.34,UPI,DIGITAL_SERVICES,13.1_MERCHANDISE_NOT_RECEIVED,1,0,367,0,0,0
pay_00009556,269.62,CREDIT_CARD,TRAVEL,10.4_FRAUDULENT_TRANSACTION,1,1,903,0,0,0
pay_00009557,1154.05,UPI,TRAVEL,13.3_NOT_AS_DESCRIBED,1,1,311,0,0,0
pay_00009558,1891.48,DEBIT_CARD,ELECTRONICS,13.1_MERCHANDISE_NOT_RECEIVED,1,0,677,0,0,0
pay_00009559,1425.81,UPI,ELECTRONICS,10.5_VISA_EASY_PAYMENT,1,0,204,0,0,0
pay_00009560,2782.66,UPI,TRAVEL,10.4_FRAUDULENT_TRANSACTION,0,1,497,3,0,1
pay_00009561,212.52,UPI,TRAVEL,13.1_MERCHANDISE_NOT_RECEIVED,1,1,272,0,0,0
pay_00009562,1860.17,UPI,GAMING,13.1_MERCHANDISE_NOT_RECEIVED,1,0,785,0,0,0
pay_00009563,1245.44,UPI,RETAIL,10.5_VISA_EASY_PAYMENT,1,0,479,0,0,0
pay_00009564,815.02,UPI,GAMING,10.4_FRAUDULENT_TRANSACTION,1,0,251,1,0,0
pay_00009565,723.9,NETBANKING,GAMING,10.4_FRAUDULENT_TRANSACTION,1,0,71,0,0,0
pay_00009566,1554.67,UPI,TRAVEL,13.1_MERCHANDISE_NOT_RECEIVED,0,1,346,0,0,1
pay_00009567,3424.55,DEBIT_CARD,RETAIL,13.1_MERCHANDISE_NOT_RECEIVED,1,0,255,0,0,0
pay_00009568,1128.29,UPI,TRAVEL,10.4_FRAUDULENT_TRANSACTION,0,0,129,0,0,1
pay_00009569,2712.08,CREDIT_CARD,GAMING,10.5_VISA_EASY_PAYMENT,1,0,514,0,0,0
pay_00009570,871.64,UPI,GAMING,10.4_FRAUDULENT_TRANSACTION,1,0,351,0,0,0
pay_00009571,262.04,WALLET,TRAVEL,13.1_MERCHANDISE_NOT_RECEIVED,1,1,84,0,0,0
pay_00009572,195.22,DEBIT_CARD,ELECTRONICS,10.4_FRAUDULENT_TRANSACTION,1,0,357,0,1,1
pay_00009573,179.05,UPI,ELECTRONICS,10.4_FRAUDULENT_TRANSACTION,1,0,123,0,0,0
pay_00009574,817.42,DEBIT_CARD,TRAVEL,10.5_VISA_EASY_PAYMENT,1,0,673,0,0,0
pay_00009575,717.01,UPI,DIGITAL_SERVICES,10.4_FRAUDULENT_TRANSACTION,1,0,909,0,0,0
pay_00009576,1998.44,CREDIT_CARD,DIGITAL_SERVICES,13.3_NOT_AS_DESCRIBED,1,0,833,0,0,0
pay_00009577,2136.98,UPI,ELECTRONICS,13.3_NOT_AS_DESCRIBED,1,0,307,0,1,0
pay_00009578,178.29,UPI,RETAIL,13.3_NOT_AS_DESCRIBED,1,2,161,0,1,0
pay_00009579,474.85,UPI,GAMING,10.4_FRAUDULENT_TRANSACTION,0,2,515,0,0,0
pay_00009580,580.85,DEBIT_CARD,RETAIL,13.3_NOT_AS_DESCRIBED,1,2,741,0,0,0
pay_00009581,1289.82,UPI,ELECTRONICS,10.4_FRAUDULENT_TRANSACTION,1,2,572,0,0,0
pay_00009582,334.13,DEBIT_CARD,TRAVEL,10.4_FRAUDULENT_TRANSACTION,1,1,467,0,0,0
pay_00009583,315.7,CREDIT_CARD,DIGITAL_SERVICES,10.4_FRAUDULENT_TRANSACTION,1,1,684,1,0,0
pay_00009584,4417.96,UPI,ELECTRONICS,10.4_FRAUDULENT_TRANSACTION,1,0,378,0,0,0
pay_00009585,2546.01,DEBIT_CARD,RETAIL,10.5_VISA_EASY_PAYMENT,1,1,104,0,0,0
pay_00009586,398.87,DEBIT_CARD,RETAIL,13.1_MERCHANDISE_NOT_RECEIVED,1,1,480,0,1,0
pay_00009587,882.75,NETBANKING,ELECTRONICS,13.3_NOT_AS_DESCRIBED,1,1,133,0,0,0
pay_00009588,759.2,CREDIT_CARD,GAMING,10.4_FRAUDULENT_TRANSACTION,0,1,943,0,0,0
pay_00009589,2448.16,DEBIT_CARD,RETAIL,10.5_VISA_EASY_PAYMENT,0,0,555,0,0,0
pay_00009590,1170.68,DEBIT_CARD,GAMING,10.4_FRAUDULENT_TRANSACTION,1,1,815,0,1,0
pay_00009591,305.19,UPI,GAMING,10.5_VISA_EASY_PAYMENT,1,1,229,0,0,0
pay_00009592,2114.81,UPI,TRAVEL,13.3_NOT_AS_DESCRIBED,0,2,518,0,0,0
pay_00009593,858.48,UPI,ELECTRONICS,10.4_FRAUDULENT_TRANSACTION,1,1,188,1,0,0
pay_00009594,557.6,UPI,ELECTRONICS,13.1_MERCHANDISE_NOT_RECEIVED,0,0,420,0,0,0
pay_00009595,806.2,UPI,GAMING,13.3_NOT_AS_DESCRIBED,1,0,933,0,0,0
pay_00009596,1133.01,WALLET,TRAVEL,10.4_FRAUDULENT_TRANSACTION,1,0,973,2,1,0
pay_00009597,730.37,UPI,RETAIL,10.4_FRAUDULENT_TRANSACTION,1,2,374,0,0,0
pay_00009598,515.42,DEBIT_CARD,RETAIL,13.3_NOT_AS_DESCRIBED,1,0,460,0,0,0
pay_00009599,862.5,CREDIT_CARD,ELECTRONICS,10.4_FRAUDULENT_TRANSACTION,0,0,518,0,0,0
pay_00009600,129.04,UPI,GAMING,10.4_FRAUDULENT_TRANSACTION,1,0,798,1,0,0
pay_00009601,2320.89,UPI,TRAVEL,10.4_FRAUDULENT_TRANSACTION,1,2,101,0,0,0
pay_00009602,381.2,CREDIT_CARD,TRAVEL,13.1_MERCHANDISE_NOT_RECEIVED,1,0,894,0,0,0
pay_00009603,167.35,DEBIT_CARD,RETAIL,10.4_FRAUDULENT_TRANSACTION,1,1,220,0,0,0
pay_00009604,1690.67,WALLET,RETAIL,13.3_NOT_AS_DESCRIBED,1,0,138,0,0,0
pay_00009605,2330.41,UPI,DIGITAL_SERVICES,13.3_NOT_AS_DESCRIBED,1,0,668,0,0,0
pay_00009606,2621.64,NETBANKING,DIGITAL_SERVICES,10.4_FRAUDULENT_TRANSACTION,1,0,262,0,0,0
pay_00009607,1120.37,UPI,GAMING,10.4_FRAUDULENT_TRANSACTION,1,0,585,0,0,0
pay_00009608,444.81,CREDIT_CARD,DIGITAL_SERVICES,13.1_MERCHANDISE_NOT_RECEIVED,1,0,280,0,0,1
pay_00009609,2104.7,CREDIT_CARD,TRAVEL,10.5_VISA_EASY_PAYMENT,1,1,564,0,0,0
pay_00009610,1904.53,UPI,DIGITAL_SERVICES,13.1_MERCHANDISE_NOT_RECEIVED,1,0,82,2,0,1
pay_00009611,524.08,UPI,ELECTRONICS,10.5_VISA_EASY_PAYMENT,1,0,324,0,0,0
pay_00009612,3605.89,UPI,ELECTRONICS,10.4_FRAUDULENT_TRANSACTION,1,0,429,0,0,0
pay_00009613,265.34,UPI,RETAIL,13.1_MERCHANDISE_NOT_RECEIVED,1,1,374,0,0,0
pay_00009614,6184.55,DEBIT_CARD,RETAIL,10.4_FRAUDULENT_TRANSACTION,1,1,506,0,0,0
pay_00009615,3051.83,UPI,GAMING,13.1_MERCHANDISE_NOT_RECEIVED,1,0,471,0,0,0
pay_00009616,1846.64,CREDIT_CARD,ELECTRONICS,13.1_MERCHANDISE_NOT_RECEIVED,1,0,283,0,0,0
pay_00009617,4289.18,UPI,GAMING,13.3_NOT_AS_DESCRIBED,1,2,964,0,0,0
pay_00009618,2021.88,DEBIT_CARD,GAMING,10.5_VISA_EASY_PAYMENT,1,1,781,0,0,0
pay_00009619,416.93,DEBIT_CARD,DIGITAL_SERVICES,10.5_VISA_EASY_PAYMENT,1,2,971,0,0,0
pay_00009620,975.51,DEBIT_CARD,RETAIL,10.4_FRAUDULENT_TRANSACTION,1,0,587,0,0,0
pay_00009621,211.28,CREDIT_CARD,GAMING,10.4_FRAUDULENT_TRANSACTION,1,0,147,0,0,0
pay_00009622,840.6,UPI,GAMING,10.4_FRAUDULENT_TRANSACTION,1,0,161,0,0,0
pay_00009623,2129.89,DEBIT_CARD,RETAIL,10.4_FRAUDULENT_TRANSACTION,1,0,718,0,0,0
pay_00009624,832.72,UPI,RETAIL,10.4_FRAUDULENT_TRANSACTION,1,0,269,0,0,0
pay_00009625,701.38,UPI,ELECTRONICS,13.1_MERCHANDISE_NOT_RECEIVED,1,0,263,0,0,0
pay_00009626,1457.12,UPI,RETAIL,13.3_NOT_AS_DESCRIBED,1,0,801,0,0,0
pay_00009627,3185.99,CREDIT_CARD,DIGITAL_SERVICES,13.1_MERCHANDISE_NOT_RECEIVED,1,1,160,0,0,0
pay_00009628,173.13,CREDIT_CARD,ELECTRONICS,13.3_NOT_AS_DESCRIBED,1,2,557,0,0,0
pay_00009629,830.35,CREDIT_CARD,GAMING,10.5_VISA_EASY_PAYMENT,1,0,312,0,0,0
pay_00009630,358.39,UPI,DIGITAL_SERVICES,10.4_FRAUDULENT_TRANSACTION,1,1,229,0,1,0
pay_00009631,1882.91,UPI,DIGITAL_SERVICES,13.3_NOT_AS_DESCRIBED,1,0,968,0,1,0
pay_00009632,267.61,NETBANKING,ELECTRONICS,10.4_FRAUDULENT_TRANSACTION,1,1,302,0,1,0
pay_00009633,1739.58,CREDIT_CARD,GAMING,10.4_FRAUDULENT_TRANSACTION,1,0,738,0,0,0
pay_00009634,605.69,UPI,ELECTRONICS,10.4_FRAUDULENT_TRANSACTION,1,0,787,0,0,0
pay_00009635,432.69,CREDIT_CARD,TRAVEL,10.4_FRAUDULENT_TRANSACTION,1,0,100,1,0,0
pay_00009636,4231.59,UPI,TRAVEL,10.4_FRAUDULENT_TRANSACTION,1,2,418,0,0,0
pay_00009637,128.05,UPI,ELECTRONICS,10.4_FRAUDULENT_TRANSACTION,1,0,228,0,0,0
pay_00009638,963.79,UPI,GAMING,13.3_NOT_AS_DESCRIBED,1,0,191,0,0,0
pay_00009639,132.8,UPI,GAMING,13.3_NOT_AS_DESCRIBED,1,0,70,0,0,0
pay_00009640,1091.29,UPI,RETAIL,13.1_MERCHANDISE_NOT_RECEIVED,1,1,763,0,0,0
pay_00009641,1142.87,NETBANKING,DIGITAL_SERVICES,13.1_MERCHANDISE_NOT_RECEIVED,1,1,512,0,1,0
pay_00009642,682.17,CREDIT_CARD,ELECTRONICS,10.4_FRAUDULENT_TRANSACTION,1,2,893,0,0,0
pay_00009643,312.62,UPI,DIGITAL_SERVICES,13.1_MERCHANDISE_NOT_RECEIVED,1,0,759,2,0,0
pay_00009644,808.34,CREDIT_CARD,DIGITAL_SERVICES,10.4_FRAUDULENT_TRANSACTION,0,1,310,1,0,1
pay_00009645,1773.32,WALLET,TRAVEL,10.4_FRAUDULENT_TRANSACTION,1,1,951,0,0,0
pay_00009646,2387.62,UPI,TRAVEL,10.4_FRAUDULENT_TRANSACTION,1,0,818,0,0,0
pay_00009647,1234.93,DEBIT_CARD,ELECTRONICS,13.1_MERCHANDISE_NOT_RECEIVED,1,2,833,0,0,0
pay_00009648,1436.79,CREDIT_CARD,ELECTRONICS,13.1_MERCHANDISE_NOT_RECEIVED,0,0,301,0,0,0
pay_00009649,435.87,UPI,GAMING,10.4_FRAUDULENT_TRANSACTION,0,0,30,1,0,1
pay_00009650,608.11,UPI,ELECTRONICS,10.4_FRAUDULENT_TRANSACTION,1,0,79,0,0,0
pay_00009651,364.92,UPI,GAMING,13.3_NOT_AS_DESCRIBED,1,1,841,0,0,0
pay_00009652,530.11,CREDIT_CARD,GAMING,13.3_NOT_AS_DESCRIBED,1,2,247,1,0,0
pay_00009653,482.12,UPI,ELECTRONICS,10.4_FRAUDULENT_TRANSACTION,1,2,317,0,0,0
pay_00009654,1199.23,CREDIT_CARD,GAMING,10.4_FRAUDULENT_TRANSACTION,1,1,221,1,0,1
pay_00009655,1340.67,CREDIT_CARD,DIGITAL_SERVICES,10.4_FRAUDULENT_TRANSACTION,1,0,443,0,0,0
pay_00009656,4449.2,UPI,GAMING,10.4_FRAUDULENT_TRANSACTION,1,0,130,0,0,0
pay_00009657,426.43,NETBANKING,DIGITAL_SERVICES,13.1_MERCHANDISE_NOT_RECEIVED,1,0,158,0,0,0
pay_00009658,1639.48,NETBANKING,DIGITAL_SERVICES,13.1_MERCHANDISE_NOT_RECEIVED,1,1,174,0,0,0
pay_00009659,2649.53,UPI,DIGITAL_SERVICES,13.1_MERCHANDISE_NOT_RECEIVED,1,3,759,0,0,0
pay_00009660,1332.29,WALLET,RETAIL,10.4_FRAUDULENT_TRANSACTION,0,0,68,0,0,0
pay_00009661,541.56,UPI,RETAIL,13.3_NOT_AS_DESCRIBED,1,0,147,2,0,0
pay_00009662,556.84,UPI,GAMING,10.4_FRAUDULENT_TRANSACTION,1,1,468,0,0,0
pay_00009663,160.07,UPI,ELECTRONICS,10.4_FRAUDULENT_TRANSACTION,1,0,5,0,0,0
pay_00009664,646.72,CREDIT_CARD,GAMING,10.4_FRAUDULENT_TRANSACTION,1,0,585,0,0,0
pay_00009665,2147.41,CREDIT_CARD,RETAIL,13.3_NOT_AS_DESCRIBED,1,2,212,1,0,0
pay_00009666,173.03,UPI,TRAVEL,13.1_MERCHANDISE_NOT_RECEIVED,1,0,569,0,1,1
pay_00009667,471.34,UPI,TRAVEL,10.4_FRAUDULENT_TRANSACTION,1,0,447,0,0,0
pay_00009668,1937.45,UPI,GAMING,13.3_NOT_AS_DESCRIBED,1,1,564,0,0,0
pay_00009669,2389.38,NETBANKING,RETAIL,10.4_FRAUDULENT_TRANSACTION,1,0,369,1,0,0
pay_00009670,1011.33,NETBANKING,DIGITAL_SERVICES,13.1_MERCHANDISE_NOT_RECEIVED,0,1,59,0,0,0
pay_00009671,1896.36,CREDIT_CARD,RETAIL,10.5_VISA_EASY_PAYMENT,1,1,316,0,0,0
pay_00009672,836.42,CREDIT_CARD,GAMING,10.4_FRAUDULENT_TRANSACTION,1,1,123,0,0,0
pay_00009673,361.38,CREDIT_CARD,RETAIL,10.4_FRAUDULENT_TRANSACTION,1,0,592,0,0,0
pay_00009674,861.62,UPI,TRAVEL,10.4_FRAUDULENT_TRANSACTION,1,1,379,0,0,0
pay_00009675,1401.14,UPI,DIGITAL_SERVICES,13.1_MERCHANDISE_NOT_RECEIVED,1,2,753,0,0,0
pay_00009676,4536.31,CREDIT_CARD,GAMING,10.4_FRAUDULENT_TRANSACTION,1,1,596,1,1,0
pay_00009677,206.84,CREDIT_CARD,GAMING,10.4_FRAUDULENT_TRANSACTION,1,1,916,0,0,0
pay_00009678,1162.07,UPI,ELECTRONICS,10.4_FRAUDULENT_TRANSACTION,1,0,986,0,0,0
pay_00009679,698.3,WALLET,DIGITAL_SERVICES,10.4_FRAUDULENT_TRANSACTION,0,0,103,0,0,0
pay_00009680,1164.87,DEBIT_CARD,GAMING,13.1_MERCHANDISE_NOT_RECEIVED,1,0,673,0,0,0
pay_00009681,136.4,UPI,RETAIL,13.1_MERCHANDISE_NOT_RECEIVED,1,1,652,0,0,0
pay_00009682,663.19,CREDIT_CARD,RETAIL,13.1_MERCHANDISE_NOT_RECEIVED,1,0,917,0,0,1
pay_00009683,2671.1,NETBANKING,RETAIL,10.4_FRAUDULENT_TRANSACTION,1,0,506,3,0,0
pay_00009684,1310.96,UPI,RETAIL,13.3_NOT_AS_DESCRIBED,1,0,312,0,0,1
pay_00009685,998.34,CREDIT_CARD,GAMING,10.4_FRAUDULENT_TRANSACTION,1,0,888,0,0,0
pay_00009686,604.31,UPI,TRAVEL,10.4_FRAUDULENT_TRANSACTION,1,1,663,0,0,0
pay_00009687,630.82,UPI,DIGITAL_SERVICES,10.4_FRAUDULENT_TRANSACTION,1,0,404,2,0,1
pay_00009688,824.58,DEBIT_CARD,RETAIL,13.3_NOT_AS_DESCRIBED,1,1,983,2,0,0
pay_00009689,2807.91,UPI,GAMING,13.1_MERCHANDISE_NOT_RECEIVED,1,3,561,0,0,0
pay_00009690,5226.59,UPI,GAMING,13.1_MERCHANDISE_NOT_RECEIVED,0,0,687,2,0,0
pay_00009691,966.13,UPI,RETAIL,13.3_NOT_AS_DESCRIBED,1,1,70,0,0,0
pay_00009692,849.71,UPI,ELECTRONICS,13.3_NOT_AS_DESCRIBED,1,1,255,0,0,0
pay_00009693,2911.58,UPI,GAMING,10.4_FRAUDULENT_TRANSACTION,1,1,301,0,0,0
pay_00009694,935.06,DEBIT_CARD,DIGITAL_SERVICES,10.4_FRAUDULENT_TRANSACTION,1,0,503,0,0,0
pay_00009695,1304.5,UPI,DIGITAL_SERVICES,10.4_FRAUDULENT_TRANSACTION,0,1,204,0,0,0
pay_00009696,493.88,CREDIT_CARD,ELECTRONICS,10.4_FRAUDULENT_TRANSACTION,1,0,163,0,0,0
pay_00009697,2140.95,CREDIT_CARD,GAMING,13.3_NOT_AS_DESCRIBED,1,1,840,0,0,0
pay_00009698,1238.89,UPI,ELECTRONICS,10.5_VISA_EASY_PAYMENT,1,2,888,0,0,0
pay_00009699,2583.49,CREDIT_CARD,GAMING,10.4_FRAUDULENT_TRANSACTION,0,1,376,0,0,0
pay_00009700,2376.2,CREDIT_CARD,GAMING,10.4_FRAUDULENT_TRANSACTION,1,0,155,0,0,0
pay_00009701,463.12,UPI,ELECTRONICS,10.4_FRAUDULENT_TRANSACTION,1,1,464,0,0,0
pay_00009702,1986.25,UPI,TRAVEL,10.4_FRAUDULENT_TRANSACTION,0,0,303,0,1,0
pay_00009703,2514.56,CREDIT_CARD,RETAIL,13.1_MERCHANDISE_NOT_RECEIVED,1,1,245,0,0,0
pay_00009704,737.22,WALLET,RETAIL,10.4_FRAUDULENT_TRANSACTION,1,0,288,0,0,0
pay_00009705,384.22,UPI,RETAIL,10.4_FRAUDULENT_TRANSACTION,1,0,29,0,0,0
pay_00009706,103.95,UPI,ELECTRONICS,10.4_FRAUDULENT_TRANSACTION,1,0,199,0,0,0
pay_00009707,999.22,UPI,GAMING,13.3_NOT_AS_DESCRIBED,1,0,976,0,0,0
pay_00009708,751.8,UPI,GAMING,10.4_FRAUDULENT_TRANSACTION,1,0,53,0,1,0
pay_00009709,1314.22,CREDIT_CARD,DIGITAL_SERVICES,10.4_FRAUDULENT_TRANSACTION,1,0,93,0,0,0
pay_00009710,412.46,UPI,GAMING,13.1_MERCHANDISE_NOT_RECEIVED,1,0,440,0,0,0
pay_00009711,3045.59,UPI,TRAVEL,10.4_FRAUDULENT_TRANSACTION,1,1,217,0,0,0
pay_00009712,547.11,UPI,RETAIL,13.1_MERCHANDISE_NOT_RECEIVED,0,0,299,2,0,1
pay_00009713,485.11,UPI,TRAVEL,10.4_FRAUDULENT_TRANSACTION,1,0,612,2,0,0
pay_00009714,1082.95,UPI,RETAIL,10.5_VISA_EASY_PAYMENT,1,1,112,0,0,0
pay_00009715,1136.28,UPI,ELECTRONICS,10.4_FRAUDULENT_TRANSACTION,1,0,644,0,0,0
pay_00009716,463.27,UPI,TRAVEL,10.4_FRAUDULENT_TRANSACTION,1,0,448,0,0,0
pay_00009717,575.89,DEBIT_CARD,GAMING,10.4_FRAUDULENT_TRANSACTION,0,0,91,0,0,0
pay_00009718,378.96,NETBANKING,RETAIL,13.3_NOT_AS_DESCRIBED,1,0,983,0,0,0
pay_00009719,2001.22,UPI,DIGITAL_SERVICES,13.1_MERCHANDISE_NOT_RECEIVED,1,2,663,0,0,1
pay_00009720,2305.09,CREDIT_CARD,TRAVEL,10.4_FRAUDULENT_TRANSACTION,1,1,316,0,0,1
pay_00009721,1030.76,UPI,ELECTRONICS,10.4_FRAUDULENT_TRANSACTION,1,3,286,0,0,0
pay_00009722,1978.1,UPI,DIGITAL_SERVICES,13.1_MERCHANDISE_NOT_RECEIVED,1,1,43,0,0,0
pay_00009723,2097.34,UPI,ELECTRONICS,13.1_MERCHANDISE_NOT_RECEIVED,1,0,216,0,0,0
pay_00009724,323.23,UPI,RETAIL,13.1_MERCHANDISE_NOT_RECEIVED,1,0,816,0,0,0
pay_00009725,5179.97,DEBIT_CARD,TRAVEL,10.4_FRAUDULENT_TRANSACTION,1,0,976,0,0,0
pay_00009726,2680.82,UPI,ELECTRONICS,13.3_NOT_AS_DESCRIBED,1,1,263,0,0,0
pay_00009727,443.15,UPI,DIGITAL_SERVICES,10.4_FRAUDULENT_TRANSACTION,1,0,87,0,0,0
pay_00009728,409.0,DEBIT_CARD,DIGITAL_SERVICES,10.5_VISA_EASY_PAYMENT,1,0,742,0,1,0
pay_00009729,301.43,CREDIT_CARD,GAMING,10.5_VISA_EASY_PAYMENT,1,0,799,0,0,0
pay_00009730,323.41,UPI,ELECTRONICS,13.1_MERCHANDISE_NOT_RECEIVED,1,3,118,0,0,0
pay_00009731,2168.45,UPI,TRAVEL,13.3_NOT_AS_DESCRIBED,0,1,746,0,0,0
pay_00009732,1051.34,UPI,TRAVEL,10.4_FRAUDULENT_TRANSACTION,1,0,19,0,0,0
pay_00009733,2391.33,UPI,GAMING,13.1_MERCHANDISE_NOT_RECEIVED,1,0,52,0,0,0
pay_00009734,2157.14,UPI,DIGITAL_SERVICES,10.4_FRAUDULENT_TRANSACTION,1,0,751,0,1,0
pay_00009735,1491.83,UPI,ELECTRONICS,13.3_NOT_AS_DESCRIBED,1,0,506,1,0,0
pay_00009736,1839.3,CREDIT_CARD,DIGITAL_SERVICES,10.4_FRAUDULENT_TRANSACTION,1,2,836,0,0,0
pay_00009737,127.79,CREDIT_CARD,ELECTRONICS,13.1_MERCHANDISE_NOT_RECEIVED,0,0,505,0,0,0
pay_00009738,660.46,DEBIT_CARD,ELECTRONICS,13.3_NOT_AS_DESCRIBED,0,0,134,0,0,0
pay_00009739,1623.43,UPI,ELECTRONICS,13.3_NOT_AS_DESCRIBED,1,2,764,0,1,1
pay_00009740,114.08,UPI,DIGITAL_SERVICES,10.4_FRAUDULENT_TRANSACTION,1,1,890,0,1,0
pay_00009741,150.3,UPI,DIGITAL_SERVICES,10.4_FRAUDULENT_TRANSACTION,1,0,211,0,0,0
pay_00009742,2964.68,CREDIT_CARD,DIGITAL_SERVICES,10.4_FRAUDULENT_TRANSACTION,1,0,316,0,0,0
pay_00009743,1828.14,UPI,RETAIL,10.4_FRAUDULENT_TRANSACTION,1,2,475,0,0,0
pay_00009744,562.58,NETBANKING,DIGITAL_SERVICES,10.4_FRAUDULENT_TRANSACTION,1,0,500,0,0,0
pay_00009745,1846.95,CREDIT_CARD,GAMING,10.4_FRAUDULENT_TRANSACTION,1,0,349,0,0,0
pay_00009746,2458.62,NETBANKING,RETAIL,10.4_FRAUDULENT_TRANSACTION,0,0,118,0,0,0
pay_00009747,649.64,DEBIT_CARD,ELECTRONICS,10.4_FRAUDULENT_TRANSACTION,1,1,652,0,0,0
pay_00009748,155.05,WALLET,TRAVEL,10.4_FRAUDULENT_TRANSACTION,1,1,166,0,0,0
pay_00009749,4149.66,CREDIT_CARD,RETAIL,13.3_NOT_AS_DESCRIBED,1,1,141,0,0,0
pay_00009750,735.09,WALLET,RETAIL,10.4_FRAUDULENT_TRANSACTION,1,0,508,0,0,0
pay_00009751,268.88,UPI,ELECTRONICS,10.4_FRAUDULENT_TRANSACTION,1,0,28,1,0,0
pay_00009752,1115.49,UPI,DIGITAL_SERVICES,10.4_FRAUDULENT_TRANSACTION,1,1,5,0,0,0
pay_00009753,2294.55,CREDIT_CARD,DIGITAL_SERVICES,13.3_NOT_AS_DESCRIBED,1,2,174,0,0,0
pay_00009754,475.86,WALLET,RETAIL,10.5_VISA_EASY_PAYMENT,1,0,814,0,1,0
pay_00009755,571.02,UPI,DIGITAL_SERVICES,13.1_MERCHANDISE_NOT_RECEIVED,1,0,849,1,1,1
pay_00009756,517.02,UPI,RETAIL,10.5_VISA_EASY_PAYMENT,1,0,155,0,0,0
pay_00009757,7282.39,CREDIT_CARD,TRAVEL,10.4_FRAUDULENT_TRANSACTION,1,0,410,1,0,0
pay_00009758,429.86,CREDIT_CARD,TRAVEL,10.4_FRAUDULENT_TRANSACTION,1,1,758,0,0,1
pay_00009759,1385.34,UPI,ELECTRONICS,10.4_FRAUDULENT_TRANSACTION,1,1,62,0,0,0
pay_00009760,3990.7,DEBIT_CARD,GAMING,10.4_FRAUDULENT_TRANSACTION,1,2,196,0,0,0
pay_00009761,338.31,WALLET,GAMING,13.1_MERCHANDISE_NOT_RECEIVED,1,1,584,0,0,0
pay_00009762,5403.17,NETBANKING,DIGITAL_SERVICES,10.4_FRAUDULENT_TRANSACTION,1,2,90,0,0,0
pay_00009763,4519.76,UPI,GAMING,13.1_MERCHANDISE_NOT_RECEIVED,1,0,609,0,0,0
pay_00009764,3338.66,UPI,TRAVEL,13.1_MERCHANDISE_NOT_RECEIVED,1,0,640,0,0,0
pay_00009765,462.26,UPI,ELECTRONICS,10.4_FRAUDULENT_TRANSACTION,1,1,396,0,0,0
pay_00009766,1607.91,UPI,TRAVEL,10.4_FRAUDULENT_TRANSACTION,1,0,461,0,0,0
pay_00009767,2246.26,UPI,RETAIL,10.4_FRAUDULENT_TRANSACTION,1,0,469,0,0,0
pay_00009768,6506.04,DEBIT_CARD,DIGITAL_SERVICES,13.3_NOT_AS_DESCRIBED,1,2,180,0,0,0
pay_00009769,398.45,UPI,DIGITAL_SERVICES,13.3_NOT_AS_DESCRIBED,0,0,933,1,0,0
pay_00009770,2278.82,NETBANKING,GAMING,13.1_MERCHANDISE_NOT_RECEIVED,0,2,665,0,0,1
pay_00009771,720.55,NETBANKING,RETAIL,10.4_FRAUDULENT_TRANSACTION,0,1,39,0,0,1
pay_00009772,389.7,UPI,GAMING,10.4_FRAUDULENT_TRANSACTION,1,0,707,1,0,0
pay_00009773,920.66,WALLET,GAMING,10.5_VISA_EASY_PAYMENT,1,1,147,0,0,0
pay_00009774,2468.62,DEBIT_CARD,GAMING,10.4_FRAUDULENT_TRANSACTION,1,0,583,0,0,0
pay_00009775,1037.81,CREDIT_CARD,RETAIL,10.4_FRAUDULENT_TRANSACTION,1,2,465,0,0,0
pay_00009776,1256.74,UPI,GAMING,13.1_MERCHANDISE_NOT_RECEIVED,1,0,77,0,0,0
pay_00009777,8096.08,CREDIT_CARD,DIGITAL_SERVICES,10.4_FRAUDULENT_TRANSACTION,1,2,792,0,0,0
pay_00009778,864.01,UPI,GAMING,10.5_VISA_EASY_PAYMENT,1,0,947,0,0,0
pay_00009779,1533.33,CREDIT_CARD,RETAIL,13.1_MERCHANDISE_NOT_RECEIVED,0,0,813,0,0,1
pay_00009780,781.77,UPI,RETAIL,10.5_VISA_EASY_PAYMENT,0,1,776,0,0,1
pay_00009781,848.31,CREDIT_CARD,TRAVEL,13.3_NOT_AS_DESCRIBED,0,1,456,0,0,0
pay_00009782,1884.32,UPI,GAMING,13.1_MERCHANDISE_NOT_RECEIVED,0,0,429,0,0,0
pay_00009783,4268.2,UPI,RETAIL,13.3_NOT_AS_DESCRIBED,1,0,130,0,1,0
pay_00009784,1272.51,CREDIT_CARD,GAMING,13.1_MERCHANDISE_NOT_RECEIVED,1,0,926,0,0,0
pay_00009785,2294.11,CREDIT_CARD,ELECTRONICS,10.4_FRAUDULENT_TRANSACTION,0,0,323,0,0,1
pay_00009786,240.16,UPI,DIGITAL_SERVICES,10.4_FRAUDULENT_TRANSACTION,1,1,429,0,0,0
pay_00009787,455.78,UPI,DIGITAL_SERVICES,10.4_FRAUDULENT_TRANSACTION,1,0,666,0,0,0
pay_00009788,1146.13,NETBANKING,GAMING,10.4_FRAUDULENT_TRANSACTION,1,1,529,1,0,0
pay_00009789,130.32,CREDIT_CARD,DIGITAL_SERVICES,10.4_FRAUDULENT_TRANSACTION,0,1,550,0,0,0
pay_00009790,537.24,UPI,DIGITAL_SERVICES,10.4_FRAUDULENT_TRANSACTION,1,0,835,1,0,0
pay_00009791,1192.85,CREDIT_CARD,ELECTRONICS,10.4_FRAUDULENT_TRANSACTION,1,0,57,0,1,1
pay_00009792,122.61,UPI,DIGITAL_SERVICES,10.4_FRAUDULENT_TRANSACTION,1,0,161,0,0,0
pay_00009793,560.9,UPI,DIGITAL_SERVICES,13.3_NOT_AS_DESCRIBED,1,1,862,0,0,0
pay_00009794,1182.42,CREDIT_CARD,RETAIL,13.3_NOT_AS_DESCRIBED,1,1,463,0,0,1
pay_00009795,1376.98,DEBIT_CARD,DIGITAL_SERVICES,13.3_NOT_AS_DESCRIBED,1,0,72,0,0,1
pay_00009796,4000.51,DEBIT_CARD,GAMING,10.4_FRAUDULENT_TRANSACTION,1,0,350,0,0,0
pay_00009797,1654.92,UPI,DIGITAL_SERVICES,10.4_FRAUDULENT_TRANSACTION,1,0,320,0,0,0
pay_00009798,903.54,NETBANKING,GAMING,10.4_FRAUDULENT_TRANSACTION,0,0,279,1,0,1
pay_00009799,4096.43,UPI,DIGITAL_SERVICES,10.4_FRAUDULENT_TRANSACTION,1,0,12,0,0,0
pay_00009800,2404.86,NETBANKING,GAMING,10.4_FRAUDULENT_TRANSACTION,1,0,359,1,0,0
pay_00009801,434.73,UPI,DIGITAL_SERVICES,13.3_NOT_AS_DESCRIBED,1,0,763,2,1,0
pay_00009802,310.35,UPI,GAMING,13.1_MERCHANDISE_NOT_RECEIVED,1,1,520,0,0,0
pay_00009803,1789.65,CREDIT_CARD,DIGITAL_SERVICES,10.4_FRAUDULENT_TRANSACTION,1,0,457,0,0,0
pay_00009804,1331.07,UPI,ELECTRONICS,10.5_VISA_EASY_PAYMENT,1,0,968,0,0,0
pay_00009805,2438.64,DEBIT_CARD,RETAIL,13.3_NOT_AS_DESCRIBED,1,1,806,0,0,0
pay_00009806,2113.73,CREDIT_CARD,RETAIL,13.1_MERCHANDISE_NOT_RECEIVED,1,0,33,0,0,0
pay_00009807,1572.09,UPI,RETAIL,10.4_FRAUDULENT_TRANSACTION,0,0,432,0,0,0
pay_00009808,6544.56,CREDIT_CARD,RETAIL,10.5_VISA_EASY_PAYMENT,1,1,353,0,0,0
pay_00009809,1244.03,UPI,ELECTRONICS,10.4_FRAUDULENT_TRANSACTION,1,0,301,0,0,0
pay_00009810,280.04,UPI,ELECTRONICS,10.4_FRAUDULENT_TRANSACTION,1,0,75,0,1,0
pay_00009811,2742.78,WALLET,DIGITAL_SERVICES,13.1_MERCHANDISE_NOT_RECEIVED,1,1,919,0,0,0
pay_00009812,535.23,NETBANKING,ELECTRONICS,10.4_FRAUDULENT_TRANSACTION,1,0,875,0,0,0
pay_00009813,2352.91,UPI,RETAIL,10.5_VISA_EASY_PAYMENT,1,1,243,0,0,0
pay_00009814,4823.57,CREDIT_CARD,TRAVEL,13.3_NOT_AS_DESCRIBED,1,2,371,0,0,1
pay_00009815,1890.02,UPI,DIGITAL_SERVICES,10.4_FRAUDULENT_TRANSACTION,1,1,299,0,0,0
pay_00009816,1459.62,DEBIT_CARD,GAMING,10.4_FRAUDULENT_TRANSACTION,1,0,281,0,0,0
pay_00009817,1025.35,NETBANKING,RETAIL,10.4_FRAUDULENT_TRANSACTION,1,1,527,1,0,0
pay_00009818,779.8,UPI,RETAIL,10.4_FRAUDULENT_TRANSACTION,0,2,522,0,0,0
pay_00009819,753.12,DEBIT_CARD,RETAIL,10.4_FRAUDULENT_TRANSACTION,0,3,404,1,0,0
pay_00009820,1617.44,UPI,ELECTRONICS,10.4_FRAUDULENT_TRANSACTION,0,0,272,1,0,0
pay_00009821,2187.1,UPI,GAMING,10.4_FRAUDULENT_TRANSACTION,1,1,867,0,0,0
pay_00009822,1802.22,NETBANKING,DIGITAL_SERVICES,13.3_NOT_AS_DESCRIBED,1,1,381,0,0,0
pay_00009823,431.74,CREDIT_CARD,RETAIL,10.4_FRAUDULENT_TRANSACTION,1,0,98,0,0,0
pay_00009824,1121.79,UPI,GAMING,13.3_NOT_AS_DESCRIBED,0,0,213,0,0,0
pay_00009825,2452.73,CREDIT_CARD,TRAVEL,10.4_FRAUDULENT_TRANSACTION,1,0,825,0,0,0
pay_00009826,1068.55,UPI,ELECTRONICS,13.1_MERCHANDISE_NOT_RECEIVED,1,0,46,0,0,0
pay_00009827,1253.82,UPI,RETAIL,13.3_NOT_AS_DESCRIBED,1,0,879,0,0,0
pay_00009828,2311.94,NETBANKING,GAMING,10.4_FRAUDULENT_TRANSACTION,1,0,636,0,0,0
pay_00009829,1723.81,CREDIT_CARD,GAMING,13.1_MERCHANDISE_NOT_RECEIVED,1,1,504,0,1,0
pay_00009830,889.78,DEBIT_CARD,RETAIL,13.1_MERCHANDISE_NOT_RECEIVED,1,0,232,0,0,0
pay_00009831,3486.6,UPI,GAMING,13.1_MERCHANDISE_NOT_RECEIVED,1,0,129,1,0,0
pay_00009832,366.12,CREDIT_CARD,GAMING,10.4_FRAUDULENT_TRANSACTION,1,0,793,0,0,0
pay_00009833,8211.01,WALLET,DIGITAL_SERVICES,13.3_NOT_AS_DESCRIBED,1,0,312,0,0,0
pay_00009834,289.8,UPI,ELECTRONICS,13.1_MERCHANDISE_NOT_RECEIVED,1,0,46,0,0,0
pay_00009835,122.59,UPI,DIGITAL_SERVICES,13.1_MERCHANDISE_NOT_RECEIVED,1,0,955,1,0,0
pay_00009836,3411.17,CREDIT_CARD,ELECTRONICS,13.3_NOT_AS_DESCRIBED,1,0,446,0,0,0
pay_00009837,521.46,UPI,ELECTRONICS,10.4_FRAUDULENT_TRANSACTION,1,0,462,0,0,0
pay_00009838,2062.33,UPI,DIGITAL_SERVICES,10.4_FRAUDULENT_TRANSACTION,0,1,445,0,0,1
pay_00009839,2599.13,NETBANKING,RETAIL,10.4_FRAUDULENT_TRANSACTION,1,0,979,0,0,0
pay_00009840,3038.35,WALLET,GAMING,10.4_FRAUDULENT_TRANSACTION,1,0,776,0,0,0
pay_00009841,7268.26,CREDIT_CARD,TRAVEL,10.4_FRAUDULENT_TRANSACTION,1,0,553,0,0,1
pay_00009842,622.29,DEBIT_CARD,DIGITAL_SERVICES,10.4_FRAUDULENT_TRANSACTION,1,1,143,0,0,0
pay_00009843,1958.07,NETBANKING,DIGITAL_SERVICES,10.4_FRAUDULENT_TRANSACTION,1,0,556,1,0,0
pay_00009844,283.93,DEBIT_CARD,RETAIL,10.4_FRAUDULENT_TRANSACTION,1,1,850,0,0,0
pay_00009845,883.36,UPI,GAMING,10.5_VISA_EASY_PAYMENT,1,2,255,0,1,0
pay_00009846,2925.53,UPI,DIGITAL_SERVICES,10.4_FRAUDULENT_TRANSACTION,1,0,641,0,0,0
pay_00009847,787.49,UPI,TRAVEL,13.3_NOT_AS_DESCRIBED,0,0,111,0,0,0
pay_00009848,1441.41,UPI,GAMING,10.4_FRAUDULENT_TRANSACTION,1,0,225,0,0,0
pay_00009849,1151.08,UPI,DIGITAL_SERVICES,13.1_MERCHANDISE_NOT_RECEIVED,1,1,193,0,1,1
pay_00009850,1657.48,UPI,DIGITAL_SERVICES,10.4_FRAUDULENT_TRANSACTION,1,3,117,0,0,0
pay_00009851,5512.02,UPI,ELECTRONICS,13.1_MERCHANDISE_NOT_RECEIVED,1,0,418,0,0,0
pay_00009852,186.02,UPI,ELECTRONICS,10.5_VISA_EASY_PAYMENT,1,1,388,2,0,0
pay_00009853,1379.84,CREDIT_CARD,DIGITAL_SERVICES,13.1_MERCHANDISE_NOT_RECEIVED,1,0,849,0,0,0
pay_00009854,3081.98,UPI,RETAIL,13.3_NOT_AS_DESCRIBED,1,0,386,0,0,0
pay_00009855,1084.88,DEBIT_CARD,ELECTRONICS,10.4_FRAUDULENT_TRANSACTION,1,0,423,1,0,0
pay_00009856,222.67,UPI,DIGITAL_SERVICES,13.3_NOT_AS_DESCRIBED,1,0,255,0,0,0
pay_00009857,1333.31,DEBIT_CARD,GAMING,10.4_FRAUDULENT_TRANSACTION,1,0,761,3,1,1
pay_00009858,705.37,WALLET,TRAVEL,10.4_FRAUDULENT_TRANSACTION,1,0,950,0,0,0
pay_00009859,352.52,DEBIT_CARD,ELECTRONICS,10.4_FRAUDULENT_TRANSACTION,1,1,650,0,0,0
pay_00009860,2936.06,DEBIT_CARD,DIGITAL_SERVICES,10.4_FRAUDULENT_TRANSACTION,1,0,298,0,0,0
pay_00009861,1205.96,NETBANKING,ELECTRONICS,13.1_MERCHANDISE_NOT_RECEIVED,1,0,557,0,0,0
pay_00009862,4160.8,UPI,GAMING,13.1_MERCHANDISE_NOT_RECEIVED,1,1,613,0,0,0
pay_00009863,2559.97,WALLET,RETAIL,13.3_NOT_AS_DESCRIBED,1,2,410,0,1,0
pay_00009864,1871.22,DEBIT_CARD,DIGITAL_SERVICES,10.4_FRAUDULENT_TRANSACTION,1,0,795,0,0,0
pay_00009865,107.56,DEBIT_CARD,GAMING,10.5_VISA_EASY_PAYMENT,1,1,679,0,0,0
pay_00009866,937.46,UPI,TRAVEL,13.3_NOT_AS_DESCRIBED,1,0,921,0,0,0
pay_00009867,430.01,CREDIT_CARD,DIGITAL_SERVICES,10.4_FRAUDULENT_TRANSACTION,1,0,797,0,0,0
pay_00009868,3725.28,CREDIT_CARD,TRAVEL,10.4_FRAUDULENT_TRANSACTION,1,0,366,0,0,0
pay_00009869,387.8,CREDIT_CARD,RETAIL,10.4_FRAUDULENT_TRANSACTION,1,1,466,0,0,0
pay_00009870,605.43,DEBIT_CARD,DIGITAL_SERVICES,10.4_FRAUDULENT_TRANSACTION,1,0,534,0,0,0
pay_00009871,1191.1,UPI,DIGITAL_SERVICES,13.3_NOT_AS_DESCRIBED,1,1,371,0,0,0
pay_00009872,558.49,UPI,GAMING,10.4_FRAUDULENT_TRANSACTION,1,0,858,0,0,0
pay_00009873,453.33,UPI,ELECTRONICS,10.4_FRAUDULENT_TRANSACTION,1,1,444,0,0,0
pay_00009874,1471.06,UPI,DIGITAL_SERVICES,10.4_FRAUDULENT_TRANSACTION,1,0,346,0,0,0
pay_00009875,239.7,UPI,RETAIL,10.4_FRAUDULENT_TRANSACTION,1,0,692,0,0,0
pay_00009876,189.89,UPI,DIGITAL_SERVICES,10.4_FRAUDULENT_TRANSACTION,1,0,597,0,0,0
pay_00009877,798.41,UPI,DIGITAL_SERVICES,10.4_FRAUDULENT_TRANSACTION,1,1,405,1,0,0
pay_00009878,2013.01,UPI,DIGITAL_SERVICES,10.5_VISA_EASY_PAYMENT,1,0,618,2,0,0
pay_00009879,1313.87,UPI,DIGITAL_SERVICES,10.4_FRAUDULENT_TRANSACTION,0,0,136,0,0,0
pay_00009880,924.55,NETBANKING,RETAIL,10.4_FRAUDULENT_TRANSACTION,1,0,373,0,0,0
pay_00009881,1351.21,DEBIT_CARD,GAMING,10.5_VISA_EASY_PAYMENT,1,1,322,0,0,0
pay_00009882,782.26,DEBIT_CARD,ELECTRONICS,13.1_MERCHANDISE_NOT_RECEIVED,1,0,226,0,1,0
pay_00009883,4226.74,UPI,RETAIL,10.4_FRAUDULENT_TRANSACTION,1,0,716,0,0,0
pay_00009884,184.7,CREDIT_CARD,RETAIL,10.4_FRAUDULENT_TRANSACTION,1,1,113,0,0,0
pay_00009885,1778.49,CREDIT_CARD,TRAVEL,10.4_FRAUDULENT_TRANSACTION,1,0,18,0,0,0
pay_00009886,3428.51,WALLET,ELECTRONICS,13.1_MERCHANDISE_NOT_RECEIVED,1,0,849,0,0,0
pay_00009887,2543.58,DEBIT_CARD,GAMING,10.4_FRAUDULENT_TRANSACTION,1,0,655,0,0,0
pay_00009888,405.09,CREDIT_CARD,GAMING,13.1_MERCHANDISE_NOT_RECEIVED,0,1,771,0,0,0
pay_00009889,626.31,NETBANKING,TRAVEL,13.1_MERCHANDISE_NOT_RECEIVED,1,1,853,0,0,0
pay_00009890,1993.72,UPI,TRAVEL,10.4_FRAUDULENT_TRANSACTION,1,0,595,0,0,0
pay_00009891,232.05,UPI,RETAIL,10.4_FRAUDULENT_TRANSACTION,1,1,315,0,0,0
pay_00009892,2605.87,CREDIT_CARD,GAMING,10.5_VISA_EASY_PAYMENT,1,0,695,0,0,0
pay_00009893,2003.6,UPI,GAMING,13.3_NOT_AS_DESCRIBED,1,1,122,0,0,0
pay_00009894,2061.82,UPI,GAMING,13.1_MERCHANDISE_NOT_RECEIVED,1,0,416,0,0,0
pay_00009895,258.44,DEBIT_CARD,RETAIL,13.1_MERCHANDISE_NOT_RECEIVED,1,1,11,1,0,0
pay_00009896,1997.5,UPI,GAMING,10.4_FRAUDULENT_TRANSACTION,1,1,978,1,0,0
pay_00009897,1808.3,CREDIT_CARD,DIGITAL_SERVICES,10.4_FRAUDULENT_TRANSACTION,1,0,181,0,0,0
pay_00009898,2766.1,NETBANKING,TRAVEL,13.3_NOT_AS_DESCRIBED,0,1,413,2,0,0
pay_00009899,163.73,UPI,TRAVEL,13.1_MERCHANDISE_NOT_RECEIVED,1,1,835,0,0,0
pay_00009900,135.07,UPI,TRAVEL,13.3_NOT_AS_DESCRIBED,1,0,498,0,0,0
pay_00009901,800.23,UPI,TRAVEL,10.5_VISA_EASY_PAYMENT,1,0,388,0,0,0
pay_00009902,341.64,UPI,DIGITAL_SERVICES,13.1_MERCHANDISE_NOT_RECEIVED,1,1,220,0,0,0
pay_00009903,1325.97,UPI,ELECTRONICS,13.1_MERCHANDISE_NOT_RECEIVED,1,1,137,0,0,0
pay_00009904,3839.69,UPI,GAMING,10.4_FRAUDULENT_TRANSACTION,1,0,313,1,0,1
pay_00009905,845.09,UPI,TRAVEL,10.4_FRAUDULENT_TRANSACTION,1,1,166,0,0,0
pay_00009906,2896.02,UPI,GAMING,10.4_FRAUDULENT_TRANSACTION,1,0,775,0,0,0
pay_00009907,100.36,DEBIT_CARD,GAMING,13.1_MERCHANDISE_NOT_RECEIVED,1,0,961,0,0,0
pay_00009908,376.81,NETBANKING,DIGITAL_SERVICES,10.4_FRAUDULENT_TRANSACTION,1,1,419,0,0,0
pay_00009909,146.34,DEBIT_CARD,GAMING,10.4_FRAUDULENT_TRANSACTION,0,1,431,2,0,0
pay_00009910,696.57,CREDIT_CARD,TRAVEL,13.3_NOT_AS_DESCRIBED,1,1,34,0,0,0
pay_00009911,3682.04,UPI,GAMING,10.5_VISA_EASY_PAYMENT,1,1,319,0,0,0
pay_00009912,252.97,DEBIT_CARD,DIGITAL_SERVICES,13.3_NOT_AS_DESCRIBED,1,1,265,1,0,0
pay_00009913,1498.67,UPI,TRAVEL,10.4_FRAUDULENT_TRANSACTION,1,0,858,0,0,0
pay_00009914,1000.84,UPI,DIGITAL_SERVICES,10.4_FRAUDULENT_TRANSACTION,1,2,712,1,0,0
pay_00009915,4282.3,DEBIT_CARD,RETAIL,10.4_FRAUDULENT_TRANSACTION,1,1,275,0,0,0
pay_00009916,296.05,UPI,ELECTRONICS,10.4_FRAUDULENT_TRANSACTION,1,2,410,0,0,0
pay_00009917,457.44,UPI,GAMING,13.1_MERCHANDISE_NOT_RECEIVED,0,0,174,0,0,1
pay_00009918,144.98,NETBANKING,GAMING,10.4_FRAUDULENT_TRANSACTION,0,1,312,0,0,0
pay_00009919,953.57,NETBANKING,GAMING,10.4_FRAUDULENT_TRANSACTION,1,0,266,0,0,0
pay_00009920,588.25,UPI,RETAIL,10.4_FRAUDULENT_TRANSACTION,1,0,632,1,0,0
pay_00009921,3159.25,UPI,ELECTRONICS,13.1_MERCHANDISE_NOT_RECEIVED,1,1,683,0,0,0
pay_00009922,1493.08,CREDIT_CARD,DIGITAL_SERVICES,13.3_NOT_AS_DESCRIBED,0,0,414,0,0,0
pay_00009923,1528.23,DEBIT_CARD,RETAIL,10.5_VISA_EASY_PAYMENT,1,0,552,0,1,0
pay_00009924,1238.64,UPI,RETAIL,10.5_VISA_EASY_PAYMENT,1,1,484,0,0,0
pay_00009925,244.52,CREDIT_CARD,TRAVEL,10.4_FRAUDULENT_TRANSACTION,1,1,183,0,0,0
pay_00009926,983.23,WALLET,RETAIL,13.3_NOT_AS_DESCRIBED,1,0,442,1,0,0
pay_00009927,11517.0,UPI,RETAIL,13.1_MERCHANDISE_NOT_RECEIVED,1,0,799,0,0,1
pay_00009928,2804.8,NETBANKING,GAMING,13.1_MERCHANDISE_NOT_RECEIVED,1,1,456,0,0,0
pay_00009929,3458.84,WALLET,TRAVEL,13.3_NOT_AS_DESCRIBED,0,0,490,0,0,0
pay_00009930,2699.33,UPI,DIGITAL_SERVICES,10.4_FRAUDULENT_TRANSACTION,1,0,47,1,0,0
pay_00009931,263.12,DEBIT_CARD,ELECTRONICS,10.5_VISA_EASY_PAYMENT,0,0,973,0,0,0
pay_00009932,487.08,UPI,DIGITAL_SERVICES,13.1_MERCHANDISE_NOT_RECEIVED,1,0,293,0,0,0
pay_00009933,104.69,DEBIT_CARD,TRAVEL,10.4_FRAUDULENT_TRANSACTION,0,1,990,0,0,1
pay_00009934,642.55,DEBIT_CARD,GAMING,10.4_FRAUDULENT_TRANSACTION,1,0,697,0,0,0
pay_00009935,272.46,UPI,ELECTRONICS,13.3_NOT_AS_DESCRIBED,1,0,79,3,0,0
pay_00009936,1060.24,DEBIT_CARD,DIGITAL_SERVICES,13.1_MERCHANDISE_NOT_RECEIVED,0,0,185,1,0,1
pay_00009937,1795.75,DEBIT_CARD,ELECTRONICS,13.1_MERCHANDISE_NOT_RECEIVED,1,0,611,0,0,0
pay_00009938,3213.24,UPI,ELECTRONICS,10.4_FRAUDULENT_TRANSACTION,1,0,899,0,0,0
pay_00009939,2174.75,UPI,ELECTRONICS,10.4_FRAUDULENT_TRANSACTION,1,1,669,0,1,0
pay_00009940,4285.17,UPI,RETAIL,13.1_MERCHANDISE_NOT_RECEIVED,1,0,472,0,0,0
pay_00009941,183.11,CREDIT_CARD,TRAVEL,10.4_FRAUDULENT_TRANSACTION,0,3,557,0,0,1
pay_00009942,118.38,WALLET,TRAVEL,10.4_FRAUDULENT_TRANSACTION,1,2,599,0,0,0
pay_00009943,1724.13,DEBIT_CARD,GAMING,10.4_FRAUDULENT_TRANSACTION,0,0,329,0,0,1
pay_00009944,612.37,UPI,DIGITAL_SERVICES,10.4_FRAUDULENT_TRANSACTION,0,0,514,0,0,0
pay_00009945,538.54,CREDIT_CARD,GAMING,10.4_FRAUDULENT_TRANSACTION,1,3,399,0,0,1
pay_00009946,702.7,UPI,DIGITAL_SERVICES,10.4_FRAUDULENT_TRANSACTION,1,2,992,0,0,0
pay_00009947,571.65,UPI,ELECTRONICS,13.3_NOT_AS_DESCRIBED,1,0,658,1,0,0
pay_00009948,1174.43,UPI,DIGITAL_SERVICES,13.1_MERCHANDISE_NOT_RECEIVED,1,0,759,0,0,0
pay_00009949,970.13,UPI,DIGITAL_SERVICES,13.1_MERCHANDISE_NOT_RECEIVED,1,0,669,0,0,0
pay_00009950,1177.48,CREDIT_CARD,ELECTRONICS,10.4_FRAUDULENT_TRANSACTION,1,0,296,0,0,1
pay_00009951,1775.38,WALLET,GAMING,13.1_MERCHANDISE_NOT_RECEIVED,1,0,3,0,0,0
pay_00009952,834.4,CREDIT_CARD,DIGITAL_SERVICES,13.1_MERCHANDISE_NOT_RECEIVED,0,1,737,1,0,0
pay_00009953,534.14,CREDIT_CARD,GAMING,10.4_FRAUDULENT_TRANSACTION,1,0,314,0,0,0
pay_00009954,372.64,UPI,GAMING,10.4_FRAUDULENT_TRANSACTION,1,1,327,0,0,1
pay_00009955,744.96,WALLET,TRAVEL,13.1_MERCHANDISE_NOT_RECEIVED,1,0,350,0,0,0
pay_00009956,2131.07,DEBIT_CARD,ELECTRONICS,10.4_FRAUDULENT_TRANSACTION,0,0,219,0,0,0
pay_00009957,2220.22,NETBANKING,ELECTRONICS,10.4_FRAUDULENT_TRANSACTION,1,1,678,0,0,0
pay_00009958,1748.99,UPI,RETAIL,10.4_FRAUDULENT_TRANSACTION,1,0,669,0,0,0
pay_00009959,499.91,CREDIT_CARD,GAMING,13.1_MERCHANDISE_NOT_RECEIVED,1,0,671,0,0,0
pay_00009960,1430.41,CREDIT_CARD,RETAIL,13.3_NOT_AS_DESCRIBED,1,0,638,0,0,0
pay_00009961,1368.36,UPI,ELECTRONICS,13.3_NOT_AS_DESCRIBED,1,0,705,2,0,1
pay_00009962,1093.25,CREDIT_CARD,ELECTRONICS,10.4_FRAUDULENT_TRANSACTION,0,0,873,0,0,0
pay_00009963,1297.69,NETBANKING,RETAIL,10.5_VISA_EASY_PAYMENT,1,3,299,0,0,0
pay_00009964,1115.29,UPI,ELECTRONICS,13.3_NOT_AS_DESCRIBED,1,0,667,0,0,0
pay_00009965,1350.19,UPI,ELECTRONICS,10.4_FRAUDULENT_TRANSACTION,1,0,155,0,0,0
pay_00009966,1985.56,DEBIT_CARD,TRAVEL,13.3_NOT_AS_DESCRIBED,1,1,630,0,0,0
pay_00009967,274.17,UPI,DIGITAL_SERVICES,10.4_FRAUDULENT_TRANSACTION,1,0,989,0,0,0
pay_00009968,2177.2,CREDIT_CARD,TRAVEL,10.4_FRAUDULENT_TRANSACTION,1,0,325,1,0,0
pay_00009969,319.08,CREDIT_CARD,DIGITAL_SERVICES,10.4_FRAUDULENT_TRANSACTION,1,0,3,0,0,0
pay_00009970,203.43,UPI,TRAVEL,10.4_FRAUDULENT_TRANSACTION,1,2,669,0,0,0
pay_00009971,5699.54,DEBIT_CARD,TRAVEL,13.1_MERCHANDISE_NOT_RECEIVED,1,1,871,0,0,0
pay_00009972,4819.55,CREDIT_CARD,GAMING,10.5_VISA_EASY_PAYMENT,1,0,653,0,0,0
pay_00009973,193.51,NETBANKING,RETAIL,10.4_FRAUDULENT_TRANSACTION,1,0,865,0,0,0
pay_00009974,978.47,DEBIT_CARD,TRAVEL,10.4_FRAUDULENT_TRANSACTION,1,1,60,0,0,0
pay_00009975,409.14,NETBANKING,GAMING,10.4_FRAUDULENT_TRANSACTION,1,0,596,0,0,0
pay_00009976,1096.39,UPI,TRAVEL,13.1_MERCHANDISE_NOT_RECEIVED,1,0,835,0,0,0
pay_00009977,2759.5,UPI,RETAIL,10.5_VISA_EASY_PAYMENT,1,0,198,0,0,0
pay_00009978,4612.06,UPI,GAMING,13.1_MERCHANDISE_NOT_RECEIVED,1,1,363,0,0,0
pay_00009979,1608.72,UPI,DIGITAL_SERVICES,13.1_MERCHANDISE_NOT_RECEIVED,1,0,849,0,0,0
pay_00009980,755.21,NETBANKING,RETAIL,13.3_NOT_AS_DESCRIBED,0,0,891,0,0,0
pay_00009981,1486.96,UPI,ELECTRONICS,10.4_FRAUDULENT_TRANSACTION,0,0,815,0,0,0
pay_00009982,660.95,DEBIT_CARD,GAMING,10.5_VISA_EASY_PAYMENT,1,0,964,0,0,0
pay_00009983,3708.98,UPI,ELECTRONICS,13.1_MERCHANDISE_NOT_RECEIVED,0,2,609,0,0,0
pay_00009984,3164.96,UPI,GAMING,13.1_MERCHANDISE_NOT_RECEIVED,1,1,161,0,0,0
pay_00009985,1325.45,NETBANKING,DIGITAL_SERVICES,13.3_NOT_AS_DESCRIBED,1,2,518,0,0,0
pay_00009986,689.12,UPI,GAMING,13.1_MERCHANDISE_NOT_RECEIVED,1,0,886,0,0,0
pay_00009987,620.91,DEBIT_CARD,TRAVEL,13.1_MERCHANDISE_NOT_RECEIVED,1,0,448,0,0,0
pay_00009988,150.98,UPI,ELECTRONICS,13.1_MERCHANDISE_NOT_RECEIVED,1,0,489,0,0,0
pay_00009989,2637.77,NETBANKING,ELECTRONICS,10.4_FRAUDULENT_TRANSACTION,1,0,846,0,1,0
pay_00009990,997.8,CREDIT_CARD,GAMING,10.4_FRAUDULENT_TRANSACTION,1,1,455,0,0,0
pay_00009991,689.86,DEBIT_CARD,TRAVEL,10.5_VISA_EASY_PAYMENT,0,1,838,0,0,0
pay_00009992,1055.46,UPI,TRAVEL,10.4_FRAUDULENT_TRANSACTION,1,2,947,0,0,0
pay_00009993,2661.72,UPI,GAMING,13.1_MERCHANDISE_NOT_RECEIVED,1,0,323,1,0,0
pay_00009994,299.64,NETBANKING,RETAIL,10.4_FRAUDULENT_TRANSACTION,1,1,869,0,0,0
pay_00009995,3024.26,NETBANKING,DIGITAL_SERVICES,10.4_FRAUDULENT_TRANSACTION,1,0,406,0,0,0
pay_00009996,3516.97,UPI,GAMING,13.1_MERCHANDISE_NOT_RECEIVED,1,0,998,0,0,0
pay_00009997,4497.95,UPI,TRAVEL,13.1_MERCHANDISE_NOT_RECEIVED,1,0,456,2,0,0
pay_00009998,859.97,UPI,DIGITAL_SERVICES,10.4_FRAUDULENT_TRANSACTION,1,0,792,0,0,0
pay_00009999,467.2,UPI,GAMING,10.5_VISA_EASY_PAYMENT,1,2,205,1,0,0
